Copyright 1986-2022 Xilinx, Inc. All Rights Reserved. Copyright 2022-2025 Advanced Micro Devices, Inc. All Rights Reserved.
---------------------------------------------------------------------------------------------------------------------------------------------------------------------------------------------------------------------------------------------------------
| Tool Version : Vivado v.2025.1 (win64) Build 6140274 Thu May 22 00:12:29 MDT 2025
| Date         : Fri Sep 25 12:12:30 2026
| Host         : MSI running 64-bit major release  (build 9200)
| Command      : report_timing_summary -max_paths 10 -routable_nets -report_unconstrained -file lab_2_top_level_timing_summary_routed.rpt -pb lab_2_top_level_timing_summary_routed.pb -rpx lab_2_top_level_timing_summary_routed.rpx -warn_on_violation
| Design       : lab_2_top_level
| Device       : 7a35t-cpg236
| Speed File   : -1  PRODUCTION 1.23 2018-06-13
| Design State : Routed
---------------------------------------------------------------------------------------------------------------------------------------------------------------------------------------------------------------------------------------------------------

Timing Summary Report

------------------------------------------------------------------------------------------------
| Timer Settings
| --------------
------------------------------------------------------------------------------------------------

  Enable Multi Corner Analysis               :  Yes
  Enable Pessimism Removal                   :  Yes
  Pessimism Removal Resolution               :  Nearest Common Node
  Enable Input Delay Default Clock           :  No
  Enable Preset / Clear Arcs                 :  No
  Disable Flight Delays                      :  No
  Ignore I/O Paths                           :  No
  Timing Early Launch at Borrowing Latches   :  No
  Borrow Time for Max Delay Exceptions       :  Yes
  Merge Timing Exceptions                    :  Yes
  Inter-SLR Compensation                     :  Conservative

  Corner  Analyze    Analyze    
  Name    Max Paths  Min Paths  
  ------  ---------  ---------  
  Slow    Yes        Yes        
  Fast    Yes        Yes        


------------------------------------------------------------------------------------------------
| Report Methodology
| ------------------
------------------------------------------------------------------------------------------------

Rule       Severity  Description                    Violations  
---------  --------  -----------------------------  ----------  
TIMING-18  Warning   Missing input or output delay  28          

Note: This report is based on the most recent report_methodology run and may not be up-to-date. Run report_methodology on the current design for the latest report.



check_timing report

Table of Contents
-----------------
1. checking no_clock (0)
2. checking constant_clock (0)
3. checking pulse_width_clock (0)
4. checking unconstrained_internal_endpoints (0)
5. checking no_input_delay (17)
6. checking no_output_delay (11)
7. checking multiple_clock (0)
8. checking generated_clocks (0)
9. checking loops (0)
10. checking partial_input_delay (0)
11. checking partial_output_delay (0)
12. checking latch_loops (0)

1. checking no_clock (0)
------------------------
 There are 0 register/latch pins with no clock.


2. checking constant_clock (0)
------------------------------
 There are 0 register/latch pins with constant_clock.


3. checking pulse_width_clock (0)
---------------------------------
 There are 0 register/latch pins which need pulse_width check


4. checking unconstrained_internal_endpoints (0)
------------------------------------------------
 There are 0 pins that are not constrained for maximum delay.

 There are 0 pins that are not constrained for maximum delay due to constant clock.


5. checking no_input_delay (17)
-------------------------------
 There are 17 input ports with no input delay specified. (HIGH)

 There are 0 input ports with no input delay but user has a false path constraint.


6. checking no_output_delay (11)
--------------------------------
 There are 11 ports with no output delay specified. (HIGH)

 There are 0 ports with no output delay but user has a false path constraint

 There are 0 ports with no output delay but with a timing clock defined on it or propagating through it


7. checking multiple_clock (0)
------------------------------
 There are 0 register/latch pins with multiple clocks.


8. checking generated_clocks (0)
--------------------------------
 There are 0 generated clocks that are not connected to a clock source.


9. checking loops (0)
---------------------
 There are 0 combinational loops in the design.


10. checking partial_input_delay (0)
------------------------------------
 There are 0 input ports with partial input delay specified.


11. checking partial_output_delay (0)
-------------------------------------
 There are 0 ports with partial output delay specified.


12. checking latch_loops (0)
----------------------------
 There are 0 combinational latch loops in the design through latch input



------------------------------------------------------------------------------------------------
| Design Timing Summary
| ---------------------
------------------------------------------------------------------------------------------------

    WNS(ns)      TNS(ns)  TNS Failing Endpoints  TNS Total Endpoints      WHS(ns)      THS(ns)  THS Failing Endpoints  THS Total Endpoints     WPWS(ns)     TPWS(ns)  TPWS Failing Endpoints  TPWS Total Endpoints  
    -------      -------  ---------------------  -------------------      -------      -------  ---------------------  -------------------     --------     --------  ----------------------  --------------------  
      6.573        0.000                      0                  122        0.140        0.000                      0                  122        4.500        0.000                       0                    75  


All user specified timing constraints are met.


------------------------------------------------------------------------------------------------
| Clock Summary
| -------------
------------------------------------------------------------------------------------------------

Clock        Waveform(ns)       Period(ns)      Frequency(MHz)
-----        ------------       ----------      --------------
sys_clk_pin  {0.000 5.000}      10.000          100.000         


------------------------------------------------------------------------------------------------
| Intra Clock Table
| -----------------
------------------------------------------------------------------------------------------------

Clock             WNS(ns)      TNS(ns)  TNS Failing Endpoints  TNS Total Endpoints      WHS(ns)      THS(ns)  THS Failing Endpoints  THS Total Endpoints     WPWS(ns)     TPWS(ns)  TPWS Failing Endpoints  TPWS Total Endpoints  
-----             -------      -------  ---------------------  -------------------      -------      -------  ---------------------  -------------------     --------     --------  ----------------------  --------------------  
sys_clk_pin         6.573        0.000                      0                  122        0.140        0.000                      0                  122        4.500        0.000                       0                    75  


------------------------------------------------------------------------------------------------
| Inter Clock Table
| -----------------
------------------------------------------------------------------------------------------------

From Clock    To Clock          WNS(ns)      TNS(ns)  TNS Failing Endpoints  TNS Total Endpoints      WHS(ns)      THS(ns)  THS Failing Endpoints  THS Total Endpoints  
----------    --------          -------      -------  ---------------------  -------------------      -------      -------  ---------------------  -------------------  


------------------------------------------------------------------------------------------------
| Other Path Groups Table
| -----------------------
------------------------------------------------------------------------------------------------

Path Group    From Clock    To Clock          WNS(ns)      TNS(ns)  TNS Failing Endpoints  TNS Total Endpoints      WHS(ns)      THS(ns)  THS Failing Endpoints  THS Total Endpoints  
----------    ----------    --------          -------      -------  ---------------------  -------------------      -------      -------  ---------------------  -------------------  


------------------------------------------------------------------------------------------------
| User Ignored Path Table
| -----------------------
------------------------------------------------------------------------------------------------

Path Group    From Clock    To Clock    
----------    ----------    --------    


------------------------------------------------------------------------------------------------
| Unconstrained Path Table
| ------------------------
------------------------------------------------------------------------------------------------

Path Group    From Clock    To Clock    
----------    ----------    --------    
(none)                                    
(none)        sys_clk_pin                 
(none)                      sys_clk_pin   


------------------------------------------------------------------------------------------------
| Timing Details
| --------------
------------------------------------------------------------------------------------------------


---------------------------------------------------------------------------------------------------
From Clock:  sys_clk_pin
  To Clock:  sys_clk_pin

Setup :            0  Failing Endpoints,  Worst Slack        6.573ns,  Total Violation        0.000ns
Hold  :            0  Failing Endpoints,  Worst Slack        0.140ns,  Total Violation        0.000ns
PW    :            0  Failing Endpoints,  Worst Slack        4.500ns,  Total Violation        0.000ns
---------------------------------------------------------------------------------------------------


Max Delay Paths
--------------------------------------------------------------------------------------
Slack (MET) :             6.573ns  (required time - arrival time)
  Source:                 BIN_TO_BCD/count_reg[3]/C
                            (rising edge-triggered cell FDRE clocked by sys_clk_pin  {rise@0.000ns fall@5.000ns period=10.000ns})
  Destination:            BIN_TO_BCD/scratch_reg[12]/D
                            (rising edge-triggered cell FDRE clocked by sys_clk_pin  {rise@0.000ns fall@5.000ns period=10.000ns})
  Path Group:             sys_clk_pin
  Path Type:              Setup (Max at Slow Process Corner)
  Requirement:            10.000ns  (sys_clk_pin rise@10.000ns - sys_clk_pin rise@0.000ns)
  Data Path Delay:        3.443ns  (logic 0.704ns (20.446%)  route 2.739ns (79.554%))
  Logic Levels:           2  (LUT4=1 LUT5=1)
  Clock Path Skew:        -0.026ns (DCD - SCD + CPR)
    Destination Clock Delay (DCD):    4.857ns = ( 14.857 - 10.000 ) 
    Source Clock Delay      (SCD):    5.157ns
    Clock Pessimism Removal (CPR):    0.274ns
  Clock Uncertainty:      0.035ns  ((TSJ^2 + TIJ^2)^1/2 + DJ) / 2 + PE
    Total System Jitter     (TSJ):    0.071ns
    Total Input Jitter      (TIJ):    0.000ns
    Discrete Jitter          (DJ):    0.000ns
    Phase Error              (PE):    0.000ns

    Location             Delay type                Incr(ns)  Path(ns)    Netlist Resource(s)
  -------------------------------------------------------------------    -------------------
                         (clock sys_clk_pin rise edge)
                                                      0.000     0.000 r  
    W5                                                0.000     0.000 r  clk (IN)
                         net (fo=0)                   0.000     0.000    clk
    W5                   IBUF (Prop_ibuf_I_O)         1.458     1.458 r  clk_IBUF_inst/O
                         net (fo=1, routed)           1.967     3.425    clk_IBUF
    BUFGCTRL_X0Y0        BUFG (Prop_bufg_I_O)         0.096     3.521 r  clk_IBUF_BUFG_inst/O
                         net (fo=74, routed)          1.636     5.157    BIN_TO_BCD/CLK
    SLICE_X59Y7          FDRE                                         r  BIN_TO_BCD/count_reg[3]/C
  -------------------------------------------------------------------    -------------------
    SLICE_X59Y7          FDRE (Prop_fdre_C_Q)         0.456     5.613 r  BIN_TO_BCD/count_reg[3]/Q
                         net (fo=9, routed)           0.990     6.604    BIN_TO_BCD/count_reg_n_0_[3]
    SLICE_X58Y8          LUT5 (Prop_lut5_I3_O)        0.124     6.728 r  BIN_TO_BCD/scratch[31]_i_3/O
                         net (fo=30, routed)          1.749     8.476    BIN_TO_BCD/scratch[31]_i_3_n_0
    SLICE_X60Y10         LUT4 (Prop_lut4_I0_O)        0.124     8.600 r  BIN_TO_BCD/scratch[12]_i_1/O
                         net (fo=1, routed)           0.000     8.600    BIN_TO_BCD/next_scratch[12]
    SLICE_X60Y10         FDRE                                         r  BIN_TO_BCD/scratch_reg[12]/D
  -------------------------------------------------------------------    -------------------

                         (clock sys_clk_pin rise edge)
                                                     10.000    10.000 r  
    W5                                                0.000    10.000 r  clk (IN)
                         net (fo=0)                   0.000    10.000    clk
    W5                   IBUF (Prop_ibuf_I_O)         1.388    11.388 r  clk_IBUF_inst/O
                         net (fo=1, routed)           1.862    13.250    clk_IBUF
    BUFGCTRL_X0Y0        BUFG (Prop_bufg_I_O)         0.091    13.341 r  clk_IBUF_BUFG_inst/O
                         net (fo=74, routed)          1.516    14.857    BIN_TO_BCD/CLK
    SLICE_X60Y10         FDRE                                         r  BIN_TO_BCD/scratch_reg[12]/C
                         clock pessimism              0.274    15.131    
                         clock uncertainty           -0.035    15.096    
    SLICE_X60Y10         FDRE (Setup_fdre_C_D)        0.077    15.173    BIN_TO_BCD/scratch_reg[12]
  -------------------------------------------------------------------
                         required time                         15.173    
                         arrival time                          -8.600    
  -------------------------------------------------------------------
                         slack                                  6.573    

Slack (MET) :             6.587ns  (required time - arrival time)
  Source:                 BIN_TO_BCD/count_reg[3]/C
                            (rising edge-triggered cell FDRE clocked by sys_clk_pin  {rise@0.000ns fall@5.000ns period=10.000ns})
  Destination:            BIN_TO_BCD/scratch_reg[13]/D
                            (rising edge-triggered cell FDRE clocked by sys_clk_pin  {rise@0.000ns fall@5.000ns period=10.000ns})
  Path Group:             sys_clk_pin
  Path Type:              Setup (Max at Slow Process Corner)
  Requirement:            10.000ns  (sys_clk_pin rise@10.000ns - sys_clk_pin rise@0.000ns)
  Data Path Delay:        3.433ns  (logic 0.704ns (20.506%)  route 2.729ns (79.494%))
  Logic Levels:           2  (LUT4=1 LUT5=1)
  Clock Path Skew:        -0.026ns (DCD - SCD + CPR)
    Destination Clock Delay (DCD):    4.857ns = ( 14.857 - 10.000 ) 
    Source Clock Delay      (SCD):    5.157ns
    Clock Pessimism Removal (CPR):    0.274ns
  Clock Uncertainty:      0.035ns  ((TSJ^2 + TIJ^2)^1/2 + DJ) / 2 + PE
    Total System Jitter     (TSJ):    0.071ns
    Total Input Jitter      (TIJ):    0.000ns
    Discrete Jitter          (DJ):    0.000ns
    Phase Error              (PE):    0.000ns

    Location             Delay type                Incr(ns)  Path(ns)    Netlist Resource(s)
  -------------------------------------------------------------------    -------------------
                         (clock sys_clk_pin rise edge)
                                                      0.000     0.000 r  
    W5                                                0.000     0.000 r  clk (IN)
                         net (fo=0)                   0.000     0.000    clk
    W5                   IBUF (Prop_ibuf_I_O)         1.458     1.458 r  clk_IBUF_inst/O
                         net (fo=1, routed)           1.967     3.425    clk_IBUF
    BUFGCTRL_X0Y0        BUFG (Prop_bufg_I_O)         0.096     3.521 r  clk_IBUF_BUFG_inst/O
                         net (fo=74, routed)          1.636     5.157    BIN_TO_BCD/CLK
    SLICE_X59Y7          FDRE                                         r  BIN_TO_BCD/count_reg[3]/C
  -------------------------------------------------------------------    -------------------
    SLICE_X59Y7          FDRE (Prop_fdre_C_Q)         0.456     5.613 r  BIN_TO_BCD/count_reg[3]/Q
                         net (fo=9, routed)           0.990     6.604    BIN_TO_BCD/count_reg_n_0_[3]
    SLICE_X58Y8          LUT5 (Prop_lut5_I3_O)        0.124     6.728 r  BIN_TO_BCD/scratch[31]_i_3/O
                         net (fo=30, routed)          1.739     8.466    BIN_TO_BCD/scratch[31]_i_3_n_0
    SLICE_X60Y10         LUT4 (Prop_lut4_I0_O)        0.124     8.590 r  BIN_TO_BCD/scratch[13]_i_1/O
                         net (fo=1, routed)           0.000     8.590    BIN_TO_BCD/next_scratch[13]
    SLICE_X60Y10         FDRE                                         r  BIN_TO_BCD/scratch_reg[13]/D
  -------------------------------------------------------------------    -------------------

                         (clock sys_clk_pin rise edge)
                                                     10.000    10.000 r  
    W5                                                0.000    10.000 r  clk (IN)
                         net (fo=0)                   0.000    10.000    clk
    W5                   IBUF (Prop_ibuf_I_O)         1.388    11.388 r  clk_IBUF_inst/O
                         net (fo=1, routed)           1.862    13.250    clk_IBUF
    BUFGCTRL_X0Y0        BUFG (Prop_bufg_I_O)         0.091    13.341 r  clk_IBUF_BUFG_inst/O
                         net (fo=74, routed)          1.516    14.857    BIN_TO_BCD/CLK
    SLICE_X60Y10         FDRE                                         r  BIN_TO_BCD/scratch_reg[13]/C
                         clock pessimism              0.274    15.131    
                         clock uncertainty           -0.035    15.096    
    SLICE_X60Y10         FDRE (Setup_fdre_C_D)        0.081    15.177    BIN_TO_BCD/scratch_reg[13]
  -------------------------------------------------------------------
                         required time                         15.177    
                         arrival time                          -8.590    
  -------------------------------------------------------------------
                         slack                                  6.587    

Slack (MET) :             6.588ns  (required time - arrival time)
  Source:                 BIN_TO_BCD/count_reg[3]/C
                            (rising edge-triggered cell FDRE clocked by sys_clk_pin  {rise@0.000ns fall@5.000ns period=10.000ns})
  Destination:            BIN_TO_BCD/scratch_reg[14]/D
                            (rising edge-triggered cell FDRE clocked by sys_clk_pin  {rise@0.000ns fall@5.000ns period=10.000ns})
  Path Group:             sys_clk_pin
  Path Type:              Setup (Max at Slow Process Corner)
  Requirement:            10.000ns  (sys_clk_pin rise@10.000ns - sys_clk_pin rise@0.000ns)
  Data Path Delay:        3.469ns  (logic 0.730ns (21.043%)  route 2.739ns (78.957%))
  Logic Levels:           2  (LUT2=1 LUT5=1)
  Clock Path Skew:        -0.026ns (DCD - SCD + CPR)
    Destination Clock Delay (DCD):    4.857ns = ( 14.857 - 10.000 ) 
    Source Clock Delay      (SCD):    5.157ns
    Clock Pessimism Removal (CPR):    0.274ns
  Clock Uncertainty:      0.035ns  ((TSJ^2 + TIJ^2)^1/2 + DJ) / 2 + PE
    Total System Jitter     (TSJ):    0.071ns
    Total Input Jitter      (TIJ):    0.000ns
    Discrete Jitter          (DJ):    0.000ns
    Phase Error              (PE):    0.000ns

    Location             Delay type                Incr(ns)  Path(ns)    Netlist Resource(s)
  -------------------------------------------------------------------    -------------------
                         (clock sys_clk_pin rise edge)
                                                      0.000     0.000 r  
    W5                                                0.000     0.000 r  clk (IN)
                         net (fo=0)                   0.000     0.000    clk
    W5                   IBUF (Prop_ibuf_I_O)         1.458     1.458 r  clk_IBUF_inst/O
                         net (fo=1, routed)           1.967     3.425    clk_IBUF
    BUFGCTRL_X0Y0        BUFG (Prop_bufg_I_O)         0.096     3.521 r  clk_IBUF_BUFG_inst/O
                         net (fo=74, routed)          1.636     5.157    BIN_TO_BCD/CLK
    SLICE_X59Y7          FDRE                                         r  BIN_TO_BCD/count_reg[3]/C
  -------------------------------------------------------------------    -------------------
    SLICE_X59Y7          FDRE (Prop_fdre_C_Q)         0.456     5.613 r  BIN_TO_BCD/count_reg[3]/Q
                         net (fo=9, routed)           0.990     6.604    BIN_TO_BCD/count_reg_n_0_[3]
    SLICE_X58Y8          LUT5 (Prop_lut5_I3_O)        0.124     6.728 r  BIN_TO_BCD/scratch[31]_i_3/O
                         net (fo=30, routed)          1.749     8.476    BIN_TO_BCD/scratch[31]_i_3_n_0
    SLICE_X60Y10         LUT2 (Prop_lut2_I0_O)        0.150     8.626 r  BIN_TO_BCD/scratch[14]_i_1/O
                         net (fo=1, routed)           0.000     8.626    BIN_TO_BCD/next_scratch[14]
    SLICE_X60Y10         FDRE                                         r  BIN_TO_BCD/scratch_reg[14]/D
  -------------------------------------------------------------------    -------------------

                         (clock sys_clk_pin rise edge)
                                                     10.000    10.000 r  
    W5                                                0.000    10.000 r  clk (IN)
                         net (fo=0)                   0.000    10.000    clk
    W5                   IBUF (Prop_ibuf_I_O)         1.388    11.388 r  clk_IBUF_inst/O
                         net (fo=1, routed)           1.862    13.250    clk_IBUF
    BUFGCTRL_X0Y0        BUFG (Prop_bufg_I_O)         0.091    13.341 r  clk_IBUF_BUFG_inst/O
                         net (fo=74, routed)          1.516    14.857    BIN_TO_BCD/CLK
    SLICE_X60Y10         FDRE                                         r  BIN_TO_BCD/scratch_reg[14]/C
                         clock pessimism              0.274    15.131    
                         clock uncertainty           -0.035    15.096    
    SLICE_X60Y10         FDRE (Setup_fdre_C_D)        0.118    15.214    BIN_TO_BCD/scratch_reg[14]
  -------------------------------------------------------------------
                         required time                         15.214    
                         arrival time                          -8.626    
  -------------------------------------------------------------------
                         slack                                  6.588    

Slack (MET) :             6.589ns  (required time - arrival time)
  Source:                 SEVEN_SEGMENT_DISPLAY/DIGIT_SELECTOR/count_reg[13]/C
                            (rising edge-triggered cell FDRE clocked by sys_clk_pin  {rise@0.000ns fall@5.000ns period=10.000ns})
  Destination:            SEVEN_SEGMENT_DISPLAY/DIGIT_SELECTOR/q_reg[3]/D
                            (rising edge-triggered cell FDRE clocked by sys_clk_pin  {rise@0.000ns fall@5.000ns period=10.000ns})
  Path Group:             sys_clk_pin
  Path Type:              Setup (Max at Slow Process Corner)
  Requirement:            10.000ns  (sys_clk_pin rise@10.000ns - sys_clk_pin rise@0.000ns)
  Data Path Delay:        3.384ns  (logic 0.890ns (26.304%)  route 2.494ns (73.696%))
  Logic Levels:           3  (LUT4=1 LUT5=1 LUT6=1)
  Clock Path Skew:        -0.023ns (DCD - SCD + CPR)
    Destination Clock Delay (DCD):    4.854ns = ( 14.854 - 10.000 ) 
    Source Clock Delay      (SCD):    5.151ns
    Clock Pessimism Removal (CPR):    0.274ns
  Clock Uncertainty:      0.035ns  ((TSJ^2 + TIJ^2)^1/2 + DJ) / 2 + PE
    Total System Jitter     (TSJ):    0.071ns
    Total Input Jitter      (TIJ):    0.000ns
    Discrete Jitter          (DJ):    0.000ns
    Phase Error              (PE):    0.000ns

    Location             Delay type                Incr(ns)  Path(ns)    Netlist Resource(s)
  -------------------------------------------------------------------    -------------------
                         (clock sys_clk_pin rise edge)
                                                      0.000     0.000 r  
    W5                                                0.000     0.000 r  clk (IN)
                         net (fo=0)                   0.000     0.000    clk
    W5                   IBUF (Prop_ibuf_I_O)         1.458     1.458 r  clk_IBUF_inst/O
                         net (fo=1, routed)           1.967     3.425    clk_IBUF
    BUFGCTRL_X0Y0        BUFG (Prop_bufg_I_O)         0.096     3.521 r  clk_IBUF_BUFG_inst/O
                         net (fo=74, routed)          1.630     5.151    SEVEN_SEGMENT_DISPLAY/DIGIT_SELECTOR/CLK
    SLICE_X64Y16         FDRE                                         r  SEVEN_SEGMENT_DISPLAY/DIGIT_SELECTOR/count_reg[13]/C
  -------------------------------------------------------------------    -------------------
    SLICE_X64Y16         FDRE (Prop_fdre_C_Q)         0.518     5.669 r  SEVEN_SEGMENT_DISPLAY/DIGIT_SELECTOR/count_reg[13]/Q
                         net (fo=2, routed)           1.334     7.004    SEVEN_SEGMENT_DISPLAY/DIGIT_SELECTOR/count_reg[13]
    SLICE_X65Y16         LUT4 (Prop_lut4_I0_O)        0.124     7.128 r  SEVEN_SEGMENT_DISPLAY/DIGIT_SELECTOR/q[3]_i_8/O
                         net (fo=2, routed)           0.493     7.620    SEVEN_SEGMENT_DISPLAY/DIGIT_SELECTOR/q[3]_i_8_n_0
    SLICE_X65Y15         LUT5 (Prop_lut5_I3_O)        0.124     7.744 r  SEVEN_SEGMENT_DISPLAY/DIGIT_SELECTOR/q[3]_i_2/O
                         net (fo=4, routed)           0.666     8.411    SEVEN_SEGMENT_DISPLAY/DIGIT_SELECTOR/q[3]_i_2_n_0
    SLICE_X63Y15         LUT6 (Prop_lut6_I2_O)        0.124     8.535 r  SEVEN_SEGMENT_DISPLAY/DIGIT_SELECTOR/q[3]_i_1/O
                         net (fo=1, routed)           0.000     8.535    SEVEN_SEGMENT_DISPLAY/DIGIT_SELECTOR/q[3]_i_1_n_0
    SLICE_X63Y15         FDRE                                         r  SEVEN_SEGMENT_DISPLAY/DIGIT_SELECTOR/q_reg[3]/D
  -------------------------------------------------------------------    -------------------

                         (clock sys_clk_pin rise edge)
                                                     10.000    10.000 r  
    W5                                                0.000    10.000 r  clk (IN)
                         net (fo=0)                   0.000    10.000    clk
    W5                   IBUF (Prop_ibuf_I_O)         1.388    11.388 r  clk_IBUF_inst/O
                         net (fo=1, routed)           1.862    13.250    clk_IBUF
    BUFGCTRL_X0Y0        BUFG (Prop_bufg_I_O)         0.091    13.341 r  clk_IBUF_BUFG_inst/O
                         net (fo=74, routed)          1.513    14.854    SEVEN_SEGMENT_DISPLAY/DIGIT_SELECTOR/CLK
    SLICE_X63Y15         FDRE                                         r  SEVEN_SEGMENT_DISPLAY/DIGIT_SELECTOR/q_reg[3]/C
                         clock pessimism              0.274    15.128    
                         clock uncertainty           -0.035    15.093    
    SLICE_X63Y15         FDRE (Setup_fdre_C_D)        0.031    15.124    SEVEN_SEGMENT_DISPLAY/DIGIT_SELECTOR/q_reg[3]
  -------------------------------------------------------------------
                         required time                         15.124    
                         arrival time                          -8.535    
  -------------------------------------------------------------------
                         slack                                  6.589    

Slack (MET) :             6.594ns  (required time - arrival time)
  Source:                 BIN_TO_BCD/count_reg[4]/C
                            (rising edge-triggered cell FDRE clocked by sys_clk_pin  {rise@0.000ns fall@5.000ns period=10.000ns})
  Destination:            BIN_TO_BCD/bcd_out_reg[10]/CE
                            (rising edge-triggered cell FDRE clocked by sys_clk_pin  {rise@0.000ns fall@5.000ns period=10.000ns})
  Path Group:             sys_clk_pin
  Path Type:              Setup (Max at Slow Process Corner)
  Requirement:            10.000ns  (sys_clk_pin rise@10.000ns - sys_clk_pin rise@0.000ns)
  Data Path Delay:        3.136ns  (logic 0.842ns (26.847%)  route 2.294ns (73.153%))
  Logic Levels:           2  (LUT5=2)
  Clock Path Skew:        -0.029ns (DCD - SCD + CPR)
    Destination Clock Delay (DCD):    4.854ns = ( 14.854 - 10.000 ) 
    Source Clock Delay      (SCD):    5.157ns
    Clock Pessimism Removal (CPR):    0.274ns
  Clock Uncertainty:      0.035ns  ((TSJ^2 + TIJ^2)^1/2 + DJ) / 2 + PE
    Total System Jitter     (TSJ):    0.071ns
    Total Input Jitter      (TIJ):    0.000ns
    Discrete Jitter          (DJ):    0.000ns
    Phase Error              (PE):    0.000ns

    Location             Delay type                Incr(ns)  Path(ns)    Netlist Resource(s)
  -------------------------------------------------------------------    -------------------
                         (clock sys_clk_pin rise edge)
                                                      0.000     0.000 r  
    W5                                                0.000     0.000 r  clk (IN)
                         net (fo=0)                   0.000     0.000    clk
    W5                   IBUF (Prop_ibuf_I_O)         1.458     1.458 r  clk_IBUF_inst/O
                         net (fo=1, routed)           1.967     3.425    clk_IBUF
    BUFGCTRL_X0Y0        BUFG (Prop_bufg_I_O)         0.096     3.521 r  clk_IBUF_BUFG_inst/O
                         net (fo=74, routed)          1.636     5.157    BIN_TO_BCD/CLK
    SLICE_X58Y7          FDRE                                         r  BIN_TO_BCD/count_reg[4]/C
  -------------------------------------------------------------------    -------------------
    SLICE_X58Y7          FDRE (Prop_fdre_C_Q)         0.419     5.576 r  BIN_TO_BCD/count_reg[4]/Q
                         net (fo=11, routed)          0.864     6.440    BIN_TO_BCD/count_reg_n_0_[4]
    SLICE_X58Y8          LUT5 (Prop_lut5_I2_O)        0.299     6.739 r  BIN_TO_BCD/bcd_out[12]_i_1/O
                         net (fo=5, routed)           0.889     7.628    BIN_TO_BCD/p_1_in
    SLICE_X62Y11         LUT5 (Prop_lut5_I0_O)        0.124     7.752 r  BIN_TO_BCD/bcd_out[15]_i_1/O
                         net (fo=12, routed)          0.542     8.294    BIN_TO_BCD/bcd_out[15]_i_1_n_0
    SLICE_X61Y13         FDRE                                         r  BIN_TO_BCD/bcd_out_reg[10]/CE
  -------------------------------------------------------------------    -------------------

                         (clock sys_clk_pin rise edge)
                                                     10.000    10.000 r  
    W5                                                0.000    10.000 r  clk (IN)
                         net (fo=0)                   0.000    10.000    clk
    W5                   IBUF (Prop_ibuf_I_O)         1.388    11.388 r  clk_IBUF_inst/O
                         net (fo=1, routed)           1.862    13.250    clk_IBUF
    BUFGCTRL_X0Y0        BUFG (Prop_bufg_I_O)         0.091    13.341 r  clk_IBUF_BUFG_inst/O
                         net (fo=74, routed)          1.513    14.854    BIN_TO_BCD/CLK
    SLICE_X61Y13         FDRE                                         r  BIN_TO_BCD/bcd_out_reg[10]/C
                         clock pessimism              0.274    15.128    
                         clock uncertainty           -0.035    15.093    
    SLICE_X61Y13         FDRE (Setup_fdre_C_CE)      -0.205    14.888    BIN_TO_BCD/bcd_out_reg[10]
  -------------------------------------------------------------------
                         required time                         14.888    
                         arrival time                          -8.294    
  -------------------------------------------------------------------
                         slack                                  6.594    

Slack (MET) :             6.594ns  (required time - arrival time)
  Source:                 BIN_TO_BCD/count_reg[4]/C
                            (rising edge-triggered cell FDRE clocked by sys_clk_pin  {rise@0.000ns fall@5.000ns period=10.000ns})
  Destination:            BIN_TO_BCD/bcd_out_reg[11]/CE
                            (rising edge-triggered cell FDRE clocked by sys_clk_pin  {rise@0.000ns fall@5.000ns period=10.000ns})
  Path Group:             sys_clk_pin
  Path Type:              Setup (Max at Slow Process Corner)
  Requirement:            10.000ns  (sys_clk_pin rise@10.000ns - sys_clk_pin rise@0.000ns)
  Data Path Delay:        3.136ns  (logic 0.842ns (26.847%)  route 2.294ns (73.153%))
  Logic Levels:           2  (LUT5=2)
  Clock Path Skew:        -0.029ns (DCD - SCD + CPR)
    Destination Clock Delay (DCD):    4.854ns = ( 14.854 - 10.000 ) 
    Source Clock Delay      (SCD):    5.157ns
    Clock Pessimism Removal (CPR):    0.274ns
  Clock Uncertainty:      0.035ns  ((TSJ^2 + TIJ^2)^1/2 + DJ) / 2 + PE
    Total System Jitter     (TSJ):    0.071ns
    Total Input Jitter      (TIJ):    0.000ns
    Discrete Jitter          (DJ):    0.000ns
    Phase Error              (PE):    0.000ns

    Location             Delay type                Incr(ns)  Path(ns)    Netlist Resource(s)
  -------------------------------------------------------------------    -------------------
                         (clock sys_clk_pin rise edge)
                                                      0.000     0.000 r  
    W5                                                0.000     0.000 r  clk (IN)
                         net (fo=0)                   0.000     0.000    clk
    W5                   IBUF (Prop_ibuf_I_O)         1.458     1.458 r  clk_IBUF_inst/O
                         net (fo=1, routed)           1.967     3.425    clk_IBUF
    BUFGCTRL_X0Y0        BUFG (Prop_bufg_I_O)         0.096     3.521 r  clk_IBUF_BUFG_inst/O
                         net (fo=74, routed)          1.636     5.157    BIN_TO_BCD/CLK
    SLICE_X58Y7          FDRE                                         r  BIN_TO_BCD/count_reg[4]/C
  -------------------------------------------------------------------    -------------------
    SLICE_X58Y7          FDRE (Prop_fdre_C_Q)         0.419     5.576 r  BIN_TO_BCD/count_reg[4]/Q
                         net (fo=11, routed)          0.864     6.440    BIN_TO_BCD/count_reg_n_0_[4]
    SLICE_X58Y8          LUT5 (Prop_lut5_I2_O)        0.299     6.739 r  BIN_TO_BCD/bcd_out[12]_i_1/O
                         net (fo=5, routed)           0.889     7.628    BIN_TO_BCD/p_1_in
    SLICE_X62Y11         LUT5 (Prop_lut5_I0_O)        0.124     7.752 r  BIN_TO_BCD/bcd_out[15]_i_1/O
                         net (fo=12, routed)          0.542     8.294    BIN_TO_BCD/bcd_out[15]_i_1_n_0
    SLICE_X61Y13         FDRE                                         r  BIN_TO_BCD/bcd_out_reg[11]/CE
  -------------------------------------------------------------------    -------------------

                         (clock sys_clk_pin rise edge)
                                                     10.000    10.000 r  
    W5                                                0.000    10.000 r  clk (IN)
                         net (fo=0)                   0.000    10.000    clk
    W5                   IBUF (Prop_ibuf_I_O)         1.388    11.388 r  clk_IBUF_inst/O
                         net (fo=1, routed)           1.862    13.250    clk_IBUF
    BUFGCTRL_X0Y0        BUFG (Prop_bufg_I_O)         0.091    13.341 r  clk_IBUF_BUFG_inst/O
                         net (fo=74, routed)          1.513    14.854    BIN_TO_BCD/CLK
    SLICE_X61Y13         FDRE                                         r  BIN_TO_BCD/bcd_out_reg[11]/C
                         clock pessimism              0.274    15.128    
                         clock uncertainty           -0.035    15.093    
    SLICE_X61Y13         FDRE (Setup_fdre_C_CE)      -0.205    14.888    BIN_TO_BCD/bcd_out_reg[11]
  -------------------------------------------------------------------
                         required time                         14.888    
                         arrival time                          -8.294    
  -------------------------------------------------------------------
                         slack                                  6.594    

Slack (MET) :             6.594ns  (required time - arrival time)
  Source:                 BIN_TO_BCD/count_reg[4]/C
                            (rising edge-triggered cell FDRE clocked by sys_clk_pin  {rise@0.000ns fall@5.000ns period=10.000ns})
  Destination:            BIN_TO_BCD/bcd_out_reg[14]/CE
                            (rising edge-triggered cell FDRE clocked by sys_clk_pin  {rise@0.000ns fall@5.000ns period=10.000ns})
  Path Group:             sys_clk_pin
  Path Type:              Setup (Max at Slow Process Corner)
  Requirement:            10.000ns  (sys_clk_pin rise@10.000ns - sys_clk_pin rise@0.000ns)
  Data Path Delay:        3.136ns  (logic 0.842ns (26.847%)  route 2.294ns (73.153%))
  Logic Levels:           2  (LUT5=2)
  Clock Path Skew:        -0.029ns (DCD - SCD + CPR)
    Destination Clock Delay (DCD):    4.854ns = ( 14.854 - 10.000 ) 
    Source Clock Delay      (SCD):    5.157ns
    Clock Pessimism Removal (CPR):    0.274ns
  Clock Uncertainty:      0.035ns  ((TSJ^2 + TIJ^2)^1/2 + DJ) / 2 + PE
    Total System Jitter     (TSJ):    0.071ns
    Total Input Jitter      (TIJ):    0.000ns
    Discrete Jitter          (DJ):    0.000ns
    Phase Error              (PE):    0.000ns

    Location             Delay type                Incr(ns)  Path(ns)    Netlist Resource(s)
  -------------------------------------------------------------------    -------------------
                         (clock sys_clk_pin rise edge)
                                                      0.000     0.000 r  
    W5                                                0.000     0.000 r  clk (IN)
                         net (fo=0)                   0.000     0.000    clk
    W5                   IBUF (Prop_ibuf_I_O)         1.458     1.458 r  clk_IBUF_inst/O
                         net (fo=1, routed)           1.967     3.425    clk_IBUF
    BUFGCTRL_X0Y0        BUFG (Prop_bufg_I_O)         0.096     3.521 r  clk_IBUF_BUFG_inst/O
                         net (fo=74, routed)          1.636     5.157    BIN_TO_BCD/CLK
    SLICE_X58Y7          FDRE                                         r  BIN_TO_BCD/count_reg[4]/C
  -------------------------------------------------------------------    -------------------
    SLICE_X58Y7          FDRE (Prop_fdre_C_Q)         0.419     5.576 r  BIN_TO_BCD/count_reg[4]/Q
                         net (fo=11, routed)          0.864     6.440    BIN_TO_BCD/count_reg_n_0_[4]
    SLICE_X58Y8          LUT5 (Prop_lut5_I2_O)        0.299     6.739 r  BIN_TO_BCD/bcd_out[12]_i_1/O
                         net (fo=5, routed)           0.889     7.628    BIN_TO_BCD/p_1_in
    SLICE_X62Y11         LUT5 (Prop_lut5_I0_O)        0.124     7.752 r  BIN_TO_BCD/bcd_out[15]_i_1/O
                         net (fo=12, routed)          0.542     8.294    BIN_TO_BCD/bcd_out[15]_i_1_n_0
    SLICE_X61Y13         FDRE                                         r  BIN_TO_BCD/bcd_out_reg[14]/CE
  -------------------------------------------------------------------    -------------------

                         (clock sys_clk_pin rise edge)
                                                     10.000    10.000 r  
    W5                                                0.000    10.000 r  clk (IN)
                         net (fo=0)                   0.000    10.000    clk
    W5                   IBUF (Prop_ibuf_I_O)         1.388    11.388 r  clk_IBUF_inst/O
                         net (fo=1, routed)           1.862    13.250    clk_IBUF
    BUFGCTRL_X0Y0        BUFG (Prop_bufg_I_O)         0.091    13.341 r  clk_IBUF_BUFG_inst/O
                         net (fo=74, routed)          1.513    14.854    BIN_TO_BCD/CLK
    SLICE_X61Y13         FDRE                                         r  BIN_TO_BCD/bcd_out_reg[14]/C
                         clock pessimism              0.274    15.128    
                         clock uncertainty           -0.035    15.093    
    SLICE_X61Y13         FDRE (Setup_fdre_C_CE)      -0.205    14.888    BIN_TO_BCD/bcd_out_reg[14]
  -------------------------------------------------------------------
                         required time                         14.888    
                         arrival time                          -8.294    
  -------------------------------------------------------------------
                         slack                                  6.594    

Slack (MET) :             6.594ns  (required time - arrival time)
  Source:                 BIN_TO_BCD/count_reg[4]/C
                            (rising edge-triggered cell FDRE clocked by sys_clk_pin  {rise@0.000ns fall@5.000ns period=10.000ns})
  Destination:            BIN_TO_BCD/bcd_out_reg[15]/CE
                            (rising edge-triggered cell FDRE clocked by sys_clk_pin  {rise@0.000ns fall@5.000ns period=10.000ns})
  Path Group:             sys_clk_pin
  Path Type:              Setup (Max at Slow Process Corner)
  Requirement:            10.000ns  (sys_clk_pin rise@10.000ns - sys_clk_pin rise@0.000ns)
  Data Path Delay:        3.136ns  (logic 0.842ns (26.847%)  route 2.294ns (73.153%))
  Logic Levels:           2  (LUT5=2)
  Clock Path Skew:        -0.029ns (DCD - SCD + CPR)
    Destination Clock Delay (DCD):    4.854ns = ( 14.854 - 10.000 ) 
    Source Clock Delay      (SCD):    5.157ns
    Clock Pessimism Removal (CPR):    0.274ns
  Clock Uncertainty:      0.035ns  ((TSJ^2 + TIJ^2)^1/2 + DJ) / 2 + PE
    Total System Jitter     (TSJ):    0.071ns
    Total Input Jitter      (TIJ):    0.000ns
    Discrete Jitter          (DJ):    0.000ns
    Phase Error              (PE):    0.000ns

    Location             Delay type                Incr(ns)  Path(ns)    Netlist Resource(s)
  -------------------------------------------------------------------    -------------------
                         (clock sys_clk_pin rise edge)
                                                      0.000     0.000 r  
    W5                                                0.000     0.000 r  clk (IN)
                         net (fo=0)                   0.000     0.000    clk
    W5                   IBUF (Prop_ibuf_I_O)         1.458     1.458 r  clk_IBUF_inst/O
                         net (fo=1, routed)           1.967     3.425    clk_IBUF
    BUFGCTRL_X0Y0        BUFG (Prop_bufg_I_O)         0.096     3.521 r  clk_IBUF_BUFG_inst/O
                         net (fo=74, routed)          1.636     5.157    BIN_TO_BCD/CLK
    SLICE_X58Y7          FDRE                                         r  BIN_TO_BCD/count_reg[4]/C
  -------------------------------------------------------------------    -------------------
    SLICE_X58Y7          FDRE (Prop_fdre_C_Q)         0.419     5.576 r  BIN_TO_BCD/count_reg[4]/Q
                         net (fo=11, routed)          0.864     6.440    BIN_TO_BCD/count_reg_n_0_[4]
    SLICE_X58Y8          LUT5 (Prop_lut5_I2_O)        0.299     6.739 r  BIN_TO_BCD/bcd_out[12]_i_1/O
                         net (fo=5, routed)           0.889     7.628    BIN_TO_BCD/p_1_in
    SLICE_X62Y11         LUT5 (Prop_lut5_I0_O)        0.124     7.752 r  BIN_TO_BCD/bcd_out[15]_i_1/O
                         net (fo=12, routed)          0.542     8.294    BIN_TO_BCD/bcd_out[15]_i_1_n_0
    SLICE_X61Y13         FDRE                                         r  BIN_TO_BCD/bcd_out_reg[15]/CE
  -------------------------------------------------------------------    -------------------

                         (clock sys_clk_pin rise edge)
                                                     10.000    10.000 r  
    W5                                                0.000    10.000 r  clk (IN)
                         net (fo=0)                   0.000    10.000    clk
    W5                   IBUF (Prop_ibuf_I_O)         1.388    11.388 r  clk_IBUF_inst/O
                         net (fo=1, routed)           1.862    13.250    clk_IBUF
    BUFGCTRL_X0Y0        BUFG (Prop_bufg_I_O)         0.091    13.341 r  clk_IBUF_BUFG_inst/O
                         net (fo=74, routed)          1.513    14.854    BIN_TO_BCD/CLK
    SLICE_X61Y13         FDRE                                         r  BIN_TO_BCD/bcd_out_reg[15]/C
                         clock pessimism              0.274    15.128    
                         clock uncertainty           -0.035    15.093    
    SLICE_X61Y13         FDRE (Setup_fdre_C_CE)      -0.205    14.888    BIN_TO_BCD/bcd_out_reg[15]
  -------------------------------------------------------------------
                         required time                         14.888    
                         arrival time                          -8.294    
  -------------------------------------------------------------------
                         slack                                  6.594    

Slack (MET) :             6.596ns  (required time - arrival time)
  Source:                 BIN_TO_BCD/count_reg[3]/C
                            (rising edge-triggered cell FDRE clocked by sys_clk_pin  {rise@0.000ns fall@5.000ns period=10.000ns})
  Destination:            BIN_TO_BCD/scratch_reg[15]/D
                            (rising edge-triggered cell FDRE clocked by sys_clk_pin  {rise@0.000ns fall@5.000ns period=10.000ns})
  Path Group:             sys_clk_pin
  Path Type:              Setup (Max at Slow Process Corner)
  Requirement:            10.000ns  (sys_clk_pin rise@10.000ns - sys_clk_pin rise@0.000ns)
  Data Path Delay:        3.461ns  (logic 0.732ns (21.149%)  route 2.729ns (78.851%))
  Logic Levels:           2  (LUT2=1 LUT5=1)
  Clock Path Skew:        -0.026ns (DCD - SCD + CPR)
    Destination Clock Delay (DCD):    4.857ns = ( 14.857 - 10.000 ) 
    Source Clock Delay      (SCD):    5.157ns
    Clock Pessimism Removal (CPR):    0.274ns
  Clock Uncertainty:      0.035ns  ((TSJ^2 + TIJ^2)^1/2 + DJ) / 2 + PE
    Total System Jitter     (TSJ):    0.071ns
    Total Input Jitter      (TIJ):    0.000ns
    Discrete Jitter          (DJ):    0.000ns
    Phase Error              (PE):    0.000ns

    Location             Delay type                Incr(ns)  Path(ns)    Netlist Resource(s)
  -------------------------------------------------------------------    -------------------
                         (clock sys_clk_pin rise edge)
                                                      0.000     0.000 r  
    W5                                                0.000     0.000 r  clk (IN)
                         net (fo=0)                   0.000     0.000    clk
    W5                   IBUF (Prop_ibuf_I_O)         1.458     1.458 r  clk_IBUF_inst/O
                         net (fo=1, routed)           1.967     3.425    clk_IBUF
    BUFGCTRL_X0Y0        BUFG (Prop_bufg_I_O)         0.096     3.521 r  clk_IBUF_BUFG_inst/O
                         net (fo=74, routed)          1.636     5.157    BIN_TO_BCD/CLK
    SLICE_X59Y7          FDRE                                         r  BIN_TO_BCD/count_reg[3]/C
  -------------------------------------------------------------------    -------------------
    SLICE_X59Y7          FDRE (Prop_fdre_C_Q)         0.456     5.613 r  BIN_TO_BCD/count_reg[3]/Q
                         net (fo=9, routed)           0.990     6.604    BIN_TO_BCD/count_reg_n_0_[3]
    SLICE_X58Y8          LUT5 (Prop_lut5_I3_O)        0.124     6.728 r  BIN_TO_BCD/scratch[31]_i_3/O
                         net (fo=30, routed)          1.739     8.466    BIN_TO_BCD/scratch[31]_i_3_n_0
    SLICE_X60Y10         LUT2 (Prop_lut2_I0_O)        0.152     8.618 r  BIN_TO_BCD/scratch[15]_i_1/O
                         net (fo=1, routed)           0.000     8.618    BIN_TO_BCD/next_scratch[15]
    SLICE_X60Y10         FDRE                                         r  BIN_TO_BCD/scratch_reg[15]/D
  -------------------------------------------------------------------    -------------------

                         (clock sys_clk_pin rise edge)
                                                     10.000    10.000 r  
    W5                                                0.000    10.000 r  clk (IN)
                         net (fo=0)                   0.000    10.000    clk
    W5                   IBUF (Prop_ibuf_I_O)         1.388    11.388 r  clk_IBUF_inst/O
                         net (fo=1, routed)           1.862    13.250    clk_IBUF
    BUFGCTRL_X0Y0        BUFG (Prop_bufg_I_O)         0.091    13.341 r  clk_IBUF_BUFG_inst/O
                         net (fo=74, routed)          1.516    14.857    BIN_TO_BCD/CLK
    SLICE_X60Y10         FDRE                                         r  BIN_TO_BCD/scratch_reg[15]/C
                         clock pessimism              0.274    15.131    
                         clock uncertainty           -0.035    15.096    
    SLICE_X60Y10         FDRE (Setup_fdre_C_D)        0.118    15.214    BIN_TO_BCD/scratch_reg[15]
  -------------------------------------------------------------------
                         required time                         15.214    
                         arrival time                          -8.618    
  -------------------------------------------------------------------
                         slack                                  6.596    

Slack (MET) :             6.680ns  (required time - arrival time)
  Source:                 SEVEN_SEGMENT_DISPLAY/DIGIT_SELECTOR/count_reg[13]/C
                            (rising edge-triggered cell FDRE clocked by sys_clk_pin  {rise@0.000ns fall@5.000ns period=10.000ns})
  Destination:            SEVEN_SEGMENT_DISPLAY/DIGIT_SELECTOR/q_reg[2]/D
                            (rising edge-triggered cell FDSE clocked by sys_clk_pin  {rise@0.000ns fall@5.000ns period=10.000ns})
  Path Group:             sys_clk_pin
  Path Type:              Setup (Max at Slow Process Corner)
  Requirement:            10.000ns  (sys_clk_pin rise@10.000ns - sys_clk_pin rise@0.000ns)
  Data Path Delay:        3.293ns  (logic 0.890ns (27.029%)  route 2.403ns (72.971%))
  Logic Levels:           3  (LUT4=2 LUT5=1)
  Clock Path Skew:        -0.023ns (DCD - SCD + CPR)
    Destination Clock Delay (DCD):    4.854ns = ( 14.854 - 10.000 ) 
    Source Clock Delay      (SCD):    5.151ns
    Clock Pessimism Removal (CPR):    0.274ns
  Clock Uncertainty:      0.035ns  ((TSJ^2 + TIJ^2)^1/2 + DJ) / 2 + PE
    Total System Jitter     (TSJ):    0.071ns
    Total Input Jitter      (TIJ):    0.000ns
    Discrete Jitter          (DJ):    0.000ns
    Phase Error              (PE):    0.000ns

    Location             Delay type                Incr(ns)  Path(ns)    Netlist Resource(s)
  -------------------------------------------------------------------    -------------------
                         (clock sys_clk_pin rise edge)
                                                      0.000     0.000 r  
    W5                                                0.000     0.000 r  clk (IN)
                         net (fo=0)                   0.000     0.000    clk
    W5                   IBUF (Prop_ibuf_I_O)         1.458     1.458 r  clk_IBUF_inst/O
                         net (fo=1, routed)           1.967     3.425    clk_IBUF
    BUFGCTRL_X0Y0        BUFG (Prop_bufg_I_O)         0.096     3.521 r  clk_IBUF_BUFG_inst/O
                         net (fo=74, routed)          1.630     5.151    SEVEN_SEGMENT_DISPLAY/DIGIT_SELECTOR/CLK
    SLICE_X64Y16         FDRE                                         r  SEVEN_SEGMENT_DISPLAY/DIGIT_SELECTOR/count_reg[13]/C
  -------------------------------------------------------------------    -------------------
    SLICE_X64Y16         FDRE (Prop_fdre_C_Q)         0.518     5.669 r  SEVEN_SEGMENT_DISPLAY/DIGIT_SELECTOR/count_reg[13]/Q
                         net (fo=2, routed)           1.334     7.004    SEVEN_SEGMENT_DISPLAY/DIGIT_SELECTOR/count_reg[13]
    SLICE_X65Y16         LUT4 (Prop_lut4_I0_O)        0.124     7.128 r  SEVEN_SEGMENT_DISPLAY/DIGIT_SELECTOR/q[3]_i_8/O
                         net (fo=2, routed)           0.493     7.620    SEVEN_SEGMENT_DISPLAY/DIGIT_SELECTOR/q[3]_i_8_n_0
    SLICE_X65Y15         LUT5 (Prop_lut5_I3_O)        0.124     7.744 r  SEVEN_SEGMENT_DISPLAY/DIGIT_SELECTOR/q[3]_i_2/O
                         net (fo=4, routed)           0.576     8.320    SEVEN_SEGMENT_DISPLAY/DIGIT_SELECTOR/q[3]_i_2_n_0
    SLICE_X62Y15         LUT4 (Prop_lut4_I2_O)        0.124     8.444 r  SEVEN_SEGMENT_DISPLAY/DIGIT_SELECTOR/q[2]_i_1/O
                         net (fo=1, routed)           0.000     8.444    SEVEN_SEGMENT_DISPLAY/DIGIT_SELECTOR/q[2]_i_1_n_0
    SLICE_X62Y15         FDSE                                         r  SEVEN_SEGMENT_DISPLAY/DIGIT_SELECTOR/q_reg[2]/D
  -------------------------------------------------------------------    -------------------

                         (clock sys_clk_pin rise edge)
                                                     10.000    10.000 r  
    W5                                                0.000    10.000 r  clk (IN)
                         net (fo=0)                   0.000    10.000    clk
    W5                   IBUF (Prop_ibuf_I_O)         1.388    11.388 r  clk_IBUF_inst/O
                         net (fo=1, routed)           1.862    13.250    clk_IBUF
    BUFGCTRL_X0Y0        BUFG (Prop_bufg_I_O)         0.091    13.341 r  clk_IBUF_BUFG_inst/O
                         net (fo=74, routed)          1.513    14.854    SEVEN_SEGMENT_DISPLAY/DIGIT_SELECTOR/CLK
    SLICE_X62Y15         FDSE                                         r  SEVEN_SEGMENT_DISPLAY/DIGIT_SELECTOR/q_reg[2]/C
                         clock pessimism              0.274    15.128    
                         clock uncertainty           -0.035    15.093    
    SLICE_X62Y15         FDSE (Setup_fdse_C_D)        0.031    15.124    SEVEN_SEGMENT_DISPLAY/DIGIT_SELECTOR/q_reg[2]
  -------------------------------------------------------------------
                         required time                         15.124    
                         arrival time                          -8.444    
  -------------------------------------------------------------------
                         slack                                  6.680    





Min Delay Paths
--------------------------------------------------------------------------------------
Slack (MET) :             0.140ns  (arrival time - required time)
  Source:                 BIN_TO_BCD/scratch_reg[11]/C
                            (rising edge-triggered cell FDRE clocked by sys_clk_pin  {rise@0.000ns fall@5.000ns period=10.000ns})
  Destination:            BIN_TO_BCD/scratch_reg[12]/D
                            (rising edge-triggered cell FDRE clocked by sys_clk_pin  {rise@0.000ns fall@5.000ns period=10.000ns})
  Path Group:             sys_clk_pin
  Path Type:              Hold (Min at Fast Process Corner)
  Requirement:            0.000ns  (sys_clk_pin rise@0.000ns - sys_clk_pin rise@0.000ns)
  Data Path Delay:        0.273ns  (logic 0.186ns (68.106%)  route 0.087ns (31.894%))
  Logic Levels:           1  (LUT4=1)
  Clock Path Skew:        0.013ns (DCD - SCD - CPR)
    Destination Clock Delay (DCD):    1.989ns
    Source Clock Delay      (SCD):    1.475ns
    Clock Pessimism Removal (CPR):    0.501ns

    Location             Delay type                Incr(ns)  Path(ns)    Netlist Resource(s)
  -------------------------------------------------------------------    -------------------
                         (clock sys_clk_pin rise edge)
                                                      0.000     0.000 r  
    W5                                                0.000     0.000 r  clk (IN)
                         net (fo=0)                   0.000     0.000    clk
    W5                   IBUF (Prop_ibuf_I_O)         0.226     0.226 r  clk_IBUF_inst/O
                         net (fo=1, routed)           0.631     0.858    clk_IBUF
    BUFGCTRL_X0Y0        BUFG (Prop_bufg_I_O)         0.026     0.884 r  clk_IBUF_BUFG_inst/O
                         net (fo=74, routed)          0.592     1.475    BIN_TO_BCD/CLK
    SLICE_X61Y10         FDRE                                         r  BIN_TO_BCD/scratch_reg[11]/C
  -------------------------------------------------------------------    -------------------
    SLICE_X61Y10         FDRE (Prop_fdre_C_Q)         0.141     1.616 r  BIN_TO_BCD/scratch_reg[11]/Q
                         net (fo=1, routed)           0.087     1.703    BIN_TO_BCD/scratch_reg_n_0_[11]
    SLICE_X60Y10         LUT4 (Prop_lut4_I1_O)        0.045     1.748 r  BIN_TO_BCD/scratch[12]_i_1/O
                         net (fo=1, routed)           0.000     1.748    BIN_TO_BCD/next_scratch[12]
    SLICE_X60Y10         FDRE                                         r  BIN_TO_BCD/scratch_reg[12]/D
  -------------------------------------------------------------------    -------------------

                         (clock sys_clk_pin rise edge)
                                                      0.000     0.000 r  
    W5                                                0.000     0.000 r  clk (IN)
                         net (fo=0)                   0.000     0.000    clk
    W5                   IBUF (Prop_ibuf_I_O)         0.414     0.414 r  clk_IBUF_inst/O
                         net (fo=1, routed)           0.685     1.099    clk_IBUF
    BUFGCTRL_X0Y0        BUFG (Prop_bufg_I_O)         0.029     1.128 r  clk_IBUF_BUFG_inst/O
                         net (fo=74, routed)          0.862     1.989    BIN_TO_BCD/CLK
    SLICE_X60Y10         FDRE                                         r  BIN_TO_BCD/scratch_reg[12]/C
                         clock pessimism             -0.501     1.488    
    SLICE_X60Y10         FDRE (Hold_fdre_C_D)         0.120     1.608    BIN_TO_BCD/scratch_reg[12]
  -------------------------------------------------------------------
                         required time                         -1.608    
                         arrival time                           1.748    
  -------------------------------------------------------------------
                         slack                                  0.140    

Slack (MET) :             0.189ns  (arrival time - required time)
  Source:                 BIN_TO_BCD/count_reg[3]/C
                            (rising edge-triggered cell FDRE clocked by sys_clk_pin  {rise@0.000ns fall@5.000ns period=10.000ns})
  Destination:            BIN_TO_BCD/count_reg[4]/D
                            (rising edge-triggered cell FDRE clocked by sys_clk_pin  {rise@0.000ns fall@5.000ns period=10.000ns})
  Path Group:             sys_clk_pin
  Path Type:              Hold (Min at Fast Process Corner)
  Requirement:            0.000ns  (sys_clk_pin rise@0.000ns - sys_clk_pin rise@0.000ns)
  Data Path Delay:        0.309ns  (logic 0.189ns (61.144%)  route 0.120ns (38.856%))
  Logic Levels:           1  (LUT5=1)
  Clock Path Skew:        0.013ns (DCD - SCD - CPR)
    Destination Clock Delay (DCD):    1.990ns
    Source Clock Delay      (SCD):    1.476ns
    Clock Pessimism Removal (CPR):    0.501ns

    Location             Delay type                Incr(ns)  Path(ns)    Netlist Resource(s)
  -------------------------------------------------------------------    -------------------
                         (clock sys_clk_pin rise edge)
                                                      0.000     0.000 r  
    W5                                                0.000     0.000 r  clk (IN)
                         net (fo=0)                   0.000     0.000    clk
    W5                   IBUF (Prop_ibuf_I_O)         0.226     0.226 r  clk_IBUF_inst/O
                         net (fo=1, routed)           0.631     0.858    clk_IBUF
    BUFGCTRL_X0Y0        BUFG (Prop_bufg_I_O)         0.026     0.884 r  clk_IBUF_BUFG_inst/O
                         net (fo=74, routed)          0.593     1.476    BIN_TO_BCD/CLK
    SLICE_X59Y7          FDRE                                         r  BIN_TO_BCD/count_reg[3]/C
  -------------------------------------------------------------------    -------------------
    SLICE_X59Y7          FDRE (Prop_fdre_C_Q)         0.141     1.617 r  BIN_TO_BCD/count_reg[3]/Q
                         net (fo=9, routed)           0.120     1.737    BIN_TO_BCD/count_reg_n_0_[3]
    SLICE_X58Y7          LUT5 (Prop_lut5_I3_O)        0.048     1.785 r  BIN_TO_BCD/count[4]_i_2/O
                         net (fo=1, routed)           0.000     1.785    BIN_TO_BCD/count[4]_i_2_n_0
    SLICE_X58Y7          FDRE                                         r  BIN_TO_BCD/count_reg[4]/D
  -------------------------------------------------------------------    -------------------

                         (clock sys_clk_pin rise edge)
                                                      0.000     0.000 r  
    W5                                                0.000     0.000 r  clk (IN)
                         net (fo=0)                   0.000     0.000    clk
    W5                   IBUF (Prop_ibuf_I_O)         0.414     0.414 r  clk_IBUF_inst/O
                         net (fo=1, routed)           0.685     1.099    clk_IBUF
    BUFGCTRL_X0Y0        BUFG (Prop_bufg_I_O)         0.029     1.128 r  clk_IBUF_BUFG_inst/O
                         net (fo=74, routed)          0.863     1.990    BIN_TO_BCD/CLK
    SLICE_X58Y7          FDRE                                         r  BIN_TO_BCD/count_reg[4]/C
                         clock pessimism             -0.501     1.489    
    SLICE_X58Y7          FDRE (Hold_fdre_C_D)         0.107     1.596    BIN_TO_BCD/count_reg[4]
  -------------------------------------------------------------------
                         required time                         -1.596    
                         arrival time                           1.785    
  -------------------------------------------------------------------
                         slack                                  0.189    

Slack (MET) :             0.197ns  (arrival time - required time)
  Source:                 BIN_TO_BCD/scratch_reg[27]/C
                            (rising edge-triggered cell FDRE clocked by sys_clk_pin  {rise@0.000ns fall@5.000ns period=10.000ns})
  Destination:            BIN_TO_BCD/bcd_out_reg[11]/D
                            (rising edge-triggered cell FDRE clocked by sys_clk_pin  {rise@0.000ns fall@5.000ns period=10.000ns})
  Path Group:             sys_clk_pin
  Path Type:              Hold (Min at Fast Process Corner)
  Requirement:            0.000ns  (sys_clk_pin rise@0.000ns - sys_clk_pin rise@0.000ns)
  Data Path Delay:        0.322ns  (logic 0.186ns (57.838%)  route 0.136ns (42.162%))
  Logic Levels:           1  (LUT5=1)
  Clock Path Skew:        0.034ns (DCD - SCD - CPR)
    Destination Clock Delay (DCD):    1.986ns
    Source Clock Delay      (SCD):    1.474ns
    Clock Pessimism Removal (CPR):    0.478ns

    Location             Delay type                Incr(ns)  Path(ns)    Netlist Resource(s)
  -------------------------------------------------------------------    -------------------
                         (clock sys_clk_pin rise edge)
                                                      0.000     0.000 r  
    W5                                                0.000     0.000 r  clk (IN)
                         net (fo=0)                   0.000     0.000    clk
    W5                   IBUF (Prop_ibuf_I_O)         0.226     0.226 r  clk_IBUF_inst/O
                         net (fo=1, routed)           0.631     0.858    clk_IBUF
    BUFGCTRL_X0Y0        BUFG (Prop_bufg_I_O)         0.026     0.884 r  clk_IBUF_BUFG_inst/O
                         net (fo=74, routed)          0.591     1.474    BIN_TO_BCD/CLK
    SLICE_X62Y13         FDRE                                         r  BIN_TO_BCD/scratch_reg[27]/C
  -------------------------------------------------------------------    -------------------
    SLICE_X62Y13         FDRE (Prop_fdre_C_Q)         0.141     1.615 r  BIN_TO_BCD/scratch_reg[27]/Q
                         net (fo=5, routed)           0.136     1.751    BIN_TO_BCD/scratch_reg_n_0_[27]
    SLICE_X61Y13         LUT5 (Prop_lut5_I0_O)        0.045     1.796 r  BIN_TO_BCD/bcd_out[11]_i_1/O
                         net (fo=1, routed)           0.000     1.796    BIN_TO_BCD/bcd_out[11]_i_1_n_0
    SLICE_X61Y13         FDRE                                         r  BIN_TO_BCD/bcd_out_reg[11]/D
  -------------------------------------------------------------------    -------------------

                         (clock sys_clk_pin rise edge)
                                                      0.000     0.000 r  
    W5                                                0.000     0.000 r  clk (IN)
                         net (fo=0)                   0.000     0.000    clk
    W5                   IBUF (Prop_ibuf_I_O)         0.414     0.414 r  clk_IBUF_inst/O
                         net (fo=1, routed)           0.685     1.099    clk_IBUF
    BUFGCTRL_X0Y0        BUFG (Prop_bufg_I_O)         0.029     1.128 r  clk_IBUF_BUFG_inst/O
                         net (fo=74, routed)          0.859     1.986    BIN_TO_BCD/CLK
    SLICE_X61Y13         FDRE                                         r  BIN_TO_BCD/bcd_out_reg[11]/C
                         clock pessimism             -0.478     1.508    
    SLICE_X61Y13         FDRE (Hold_fdre_C_D)         0.091     1.599    BIN_TO_BCD/bcd_out_reg[11]
  -------------------------------------------------------------------
                         required time                         -1.599    
                         arrival time                           1.796    
  -------------------------------------------------------------------
                         slack                                  0.197    

Slack (MET) :             0.202ns  (arrival time - required time)
  Source:                 BIN_TO_BCD/count_reg[3]/C
                            (rising edge-triggered cell FDRE clocked by sys_clk_pin  {rise@0.000ns fall@5.000ns period=10.000ns})
  Destination:            BIN_TO_BCD/count_reg[0]/D
                            (rising edge-triggered cell FDRE clocked by sys_clk_pin  {rise@0.000ns fall@5.000ns period=10.000ns})
  Path Group:             sys_clk_pin
  Path Type:              Hold (Min at Fast Process Corner)
  Requirement:            0.000ns  (sys_clk_pin rise@0.000ns - sys_clk_pin rise@0.000ns)
  Data Path Delay:        0.306ns  (logic 0.186ns (60.763%)  route 0.120ns (39.237%))
  Logic Levels:           1  (LUT5=1)
  Clock Path Skew:        0.013ns (DCD - SCD - CPR)
    Destination Clock Delay (DCD):    1.990ns
    Source Clock Delay      (SCD):    1.476ns
    Clock Pessimism Removal (CPR):    0.501ns

    Location             Delay type                Incr(ns)  Path(ns)    Netlist Resource(s)
  -------------------------------------------------------------------    -------------------
                         (clock sys_clk_pin rise edge)
                                                      0.000     0.000 r  
    W5                                                0.000     0.000 r  clk (IN)
                         net (fo=0)                   0.000     0.000    clk
    W5                   IBUF (Prop_ibuf_I_O)         0.226     0.226 r  clk_IBUF_inst/O
                         net (fo=1, routed)           0.631     0.858    clk_IBUF
    BUFGCTRL_X0Y0        BUFG (Prop_bufg_I_O)         0.026     0.884 r  clk_IBUF_BUFG_inst/O
                         net (fo=74, routed)          0.593     1.476    BIN_TO_BCD/CLK
    SLICE_X59Y7          FDRE                                         r  BIN_TO_BCD/count_reg[3]/C
  -------------------------------------------------------------------    -------------------
    SLICE_X59Y7          FDRE (Prop_fdre_C_Q)         0.141     1.617 f  BIN_TO_BCD/count_reg[3]/Q
                         net (fo=9, routed)           0.120     1.737    BIN_TO_BCD/count_reg_n_0_[3]
    SLICE_X58Y7          LUT5 (Prop_lut5_I1_O)        0.045     1.782 r  BIN_TO_BCD/count[0]_i_1/O
                         net (fo=1, routed)           0.000     1.782    BIN_TO_BCD/count[0]_i_1_n_0
    SLICE_X58Y7          FDRE                                         r  BIN_TO_BCD/count_reg[0]/D
  -------------------------------------------------------------------    -------------------

                         (clock sys_clk_pin rise edge)
                                                      0.000     0.000 r  
    W5                                                0.000     0.000 r  clk (IN)
                         net (fo=0)                   0.000     0.000    clk
    W5                   IBUF (Prop_ibuf_I_O)         0.414     0.414 r  clk_IBUF_inst/O
                         net (fo=1, routed)           0.685     1.099    clk_IBUF
    BUFGCTRL_X0Y0        BUFG (Prop_bufg_I_O)         0.029     1.128 r  clk_IBUF_BUFG_inst/O
                         net (fo=74, routed)          0.863     1.990    BIN_TO_BCD/CLK
    SLICE_X58Y7          FDRE                                         r  BIN_TO_BCD/count_reg[0]/C
                         clock pessimism             -0.501     1.489    
    SLICE_X58Y7          FDRE (Hold_fdre_C_D)         0.091     1.580    BIN_TO_BCD/count_reg[0]
  -------------------------------------------------------------------
                         required time                         -1.580    
                         arrival time                           1.782    
  -------------------------------------------------------------------
                         slack                                  0.202    

Slack (MET) :             0.208ns  (arrival time - required time)
  Source:                 BIN_TO_BCD/scratch_reg[22]/C
                            (rising edge-triggered cell FDRE clocked by sys_clk_pin  {rise@0.000ns fall@5.000ns period=10.000ns})
  Destination:            BIN_TO_BCD/bcd_out_reg[6]/D
                            (rising edge-triggered cell FDRE clocked by sys_clk_pin  {rise@0.000ns fall@5.000ns period=10.000ns})
  Path Group:             sys_clk_pin
  Path Type:              Hold (Min at Fast Process Corner)
  Requirement:            0.000ns  (sys_clk_pin rise@0.000ns - sys_clk_pin rise@0.000ns)
  Data Path Delay:        0.343ns  (logic 0.227ns (66.145%)  route 0.116ns (33.855%))
  Logic Levels:           1  (LUT5=1)
  Clock Path Skew:        0.014ns (DCD - SCD - CPR)
    Destination Clock Delay (DCD):    1.987ns
    Source Clock Delay      (SCD):    1.475ns
    Clock Pessimism Removal (CPR):    0.498ns

    Location             Delay type                Incr(ns)  Path(ns)    Netlist Resource(s)
  -------------------------------------------------------------------    -------------------
                         (clock sys_clk_pin rise edge)
                                                      0.000     0.000 r  
    W5                                                0.000     0.000 r  clk (IN)
                         net (fo=0)                   0.000     0.000    clk
    W5                   IBUF (Prop_ibuf_I_O)         0.226     0.226 r  clk_IBUF_inst/O
                         net (fo=1, routed)           0.631     0.858    clk_IBUF
    BUFGCTRL_X0Y0        BUFG (Prop_bufg_I_O)         0.026     0.884 r  clk_IBUF_BUFG_inst/O
                         net (fo=74, routed)          0.592     1.475    BIN_TO_BCD/CLK
    SLICE_X59Y11         FDRE                                         r  BIN_TO_BCD/scratch_reg[22]/C
  -------------------------------------------------------------------    -------------------
    SLICE_X59Y11         FDRE (Prop_fdre_C_Q)         0.128     1.603 r  BIN_TO_BCD/scratch_reg[22]/Q
                         net (fo=5, routed)           0.116     1.719    BIN_TO_BCD/scratch_reg_n_0_[22]
    SLICE_X60Y12         LUT5 (Prop_lut5_I0_O)        0.099     1.818 r  BIN_TO_BCD/bcd_out[6]_i_1/O
                         net (fo=1, routed)           0.000     1.818    BIN_TO_BCD/bcd_out[6]_i_1_n_0
    SLICE_X60Y12         FDRE                                         r  BIN_TO_BCD/bcd_out_reg[6]/D
  -------------------------------------------------------------------    -------------------

                         (clock sys_clk_pin rise edge)
                                                      0.000     0.000 r  
    W5                                                0.000     0.000 r  clk (IN)
                         net (fo=0)                   0.000     0.000    clk
    W5                   IBUF (Prop_ibuf_I_O)         0.414     0.414 r  clk_IBUF_inst/O
                         net (fo=1, routed)           0.685     1.099    clk_IBUF
    BUFGCTRL_X0Y0        BUFG (Prop_bufg_I_O)         0.029     1.128 r  clk_IBUF_BUFG_inst/O
                         net (fo=74, routed)          0.860     1.987    BIN_TO_BCD/CLK
    SLICE_X60Y12         FDRE                                         r  BIN_TO_BCD/bcd_out_reg[6]/C
                         clock pessimism             -0.498     1.489    
    SLICE_X60Y12         FDRE (Hold_fdre_C_D)         0.121     1.610    BIN_TO_BCD/bcd_out_reg[6]
  -------------------------------------------------------------------
                         required time                         -1.610    
                         arrival time                           1.818    
  -------------------------------------------------------------------
                         slack                                  0.208    

Slack (MET) :             0.218ns  (arrival time - required time)
  Source:                 BIN_TO_BCD/scratch_reg[31]/C
                            (rising edge-triggered cell FDRE clocked by sys_clk_pin  {rise@0.000ns fall@5.000ns period=10.000ns})
  Destination:            BIN_TO_BCD/scratch_reg[29]/D
                            (rising edge-triggered cell FDRE clocked by sys_clk_pin  {rise@0.000ns fall@5.000ns period=10.000ns})
  Path Group:             sys_clk_pin
  Path Type:              Hold (Min at Fast Process Corner)
  Requirement:            0.000ns  (sys_clk_pin rise@0.000ns - sys_clk_pin rise@0.000ns)
  Data Path Delay:        0.310ns  (logic 0.227ns (73.155%)  route 0.083ns (26.844%))
  Logic Levels:           1  (LUT5=1)
  Clock Path Skew:        0.000ns (DCD - SCD - CPR)
    Destination Clock Delay (DCD):    1.988ns
    Source Clock Delay      (SCD):    1.474ns
    Clock Pessimism Removal (CPR):    0.514ns

    Location             Delay type                Incr(ns)  Path(ns)    Netlist Resource(s)
  -------------------------------------------------------------------    -------------------
                         (clock sys_clk_pin rise edge)
                                                      0.000     0.000 r  
    W5                                                0.000     0.000 r  clk (IN)
                         net (fo=0)                   0.000     0.000    clk
    W5                   IBUF (Prop_ibuf_I_O)         0.226     0.226 r  clk_IBUF_inst/O
                         net (fo=1, routed)           0.631     0.858    clk_IBUF
    BUFGCTRL_X0Y0        BUFG (Prop_bufg_I_O)         0.026     0.884 r  clk_IBUF_BUFG_inst/O
                         net (fo=74, routed)          0.591     1.474    BIN_TO_BCD/CLK
    SLICE_X63Y13         FDRE                                         r  BIN_TO_BCD/scratch_reg[31]/C
  -------------------------------------------------------------------    -------------------
    SLICE_X63Y13         FDRE (Prop_fdre_C_Q)         0.128     1.602 r  BIN_TO_BCD/scratch_reg[31]/Q
                         net (fo=4, routed)           0.083     1.685    BIN_TO_BCD/p_0_in[3]
    SLICE_X63Y13         LUT5 (Prop_lut5_I1_O)        0.099     1.784 r  BIN_TO_BCD/scratch[29]_i_1/O
                         net (fo=1, routed)           0.000     1.784    BIN_TO_BCD/next_scratch[29]
    SLICE_X63Y13         FDRE                                         r  BIN_TO_BCD/scratch_reg[29]/D
  -------------------------------------------------------------------    -------------------

                         (clock sys_clk_pin rise edge)
                                                      0.000     0.000 r  
    W5                                                0.000     0.000 r  clk (IN)
                         net (fo=0)                   0.000     0.000    clk
    W5                   IBUF (Prop_ibuf_I_O)         0.414     0.414 r  clk_IBUF_inst/O
                         net (fo=1, routed)           0.685     1.099    clk_IBUF
    BUFGCTRL_X0Y0        BUFG (Prop_bufg_I_O)         0.029     1.128 r  clk_IBUF_BUFG_inst/O
                         net (fo=74, routed)          0.861     1.988    BIN_TO_BCD/CLK
    SLICE_X63Y13         FDRE                                         r  BIN_TO_BCD/scratch_reg[29]/C
                         clock pessimism             -0.514     1.474    
    SLICE_X63Y13         FDRE (Hold_fdre_C_D)         0.092     1.566    BIN_TO_BCD/scratch_reg[29]
  -------------------------------------------------------------------
                         required time                         -1.566    
                         arrival time                           1.784    
  -------------------------------------------------------------------
                         slack                                  0.218    

Slack (MET) :             0.237ns  (arrival time - required time)
  Source:                 BIN_TO_BCD/scratch_reg[16]/C
                            (rising edge-triggered cell FDRE clocked by sys_clk_pin  {rise@0.000ns fall@5.000ns period=10.000ns})
  Destination:            BIN_TO_BCD/bcd_out_reg[0]/D
                            (rising edge-triggered cell FDRE clocked by sys_clk_pin  {rise@0.000ns fall@5.000ns period=10.000ns})
  Path Group:             sys_clk_pin
  Path Type:              Hold (Min at Fast Process Corner)
  Requirement:            0.000ns  (sys_clk_pin rise@0.000ns - sys_clk_pin rise@0.000ns)
  Data Path Delay:        0.322ns  (logic 0.141ns (43.738%)  route 0.181ns (56.262%))
  Logic Levels:           0  
  Clock Path Skew:        0.015ns (DCD - SCD - CPR)
    Destination Clock Delay (DCD):    1.989ns
    Source Clock Delay      (SCD):    1.476ns
    Clock Pessimism Removal (CPR):    0.498ns

    Location             Delay type                Incr(ns)  Path(ns)    Netlist Resource(s)
  -------------------------------------------------------------------    -------------------
                         (clock sys_clk_pin rise edge)
                                                      0.000     0.000 r  
    W5                                                0.000     0.000 r  clk (IN)
                         net (fo=0)                   0.000     0.000    clk
    W5                   IBUF (Prop_ibuf_I_O)         0.226     0.226 r  clk_IBUF_inst/O
                         net (fo=1, routed)           0.631     0.858    clk_IBUF
    BUFGCTRL_X0Y0        BUFG (Prop_bufg_I_O)         0.026     0.884 r  clk_IBUF_BUFG_inst/O
                         net (fo=74, routed)          0.593     1.476    BIN_TO_BCD/CLK
    SLICE_X58Y8          FDRE                                         r  BIN_TO_BCD/scratch_reg[16]/C
  -------------------------------------------------------------------    -------------------
    SLICE_X58Y8          FDRE (Prop_fdre_C_Q)         0.141     1.617 r  BIN_TO_BCD/scratch_reg[16]/Q
                         net (fo=5, routed)           0.181     1.799    BIN_TO_BCD/scratch_reg_n_0_[16]
    SLICE_X61Y11         FDRE                                         r  BIN_TO_BCD/bcd_out_reg[0]/D
  -------------------------------------------------------------------    -------------------

                         (clock sys_clk_pin rise edge)
                                                      0.000     0.000 r  
    W5                                                0.000     0.000 r  clk (IN)
                         net (fo=0)                   0.000     0.000    clk
    W5                   IBUF (Prop_ibuf_I_O)         0.414     0.414 r  clk_IBUF_inst/O
                         net (fo=1, routed)           0.685     1.099    clk_IBUF
    BUFGCTRL_X0Y0        BUFG (Prop_bufg_I_O)         0.029     1.128 r  clk_IBUF_BUFG_inst/O
                         net (fo=74, routed)          0.862     1.989    BIN_TO_BCD/CLK
    SLICE_X61Y11         FDRE                                         r  BIN_TO_BCD/bcd_out_reg[0]/C
                         clock pessimism             -0.498     1.491    
    SLICE_X61Y11         FDRE (Hold_fdre_C_D)         0.070     1.561    BIN_TO_BCD/bcd_out_reg[0]
  -------------------------------------------------------------------
                         required time                         -1.561    
                         arrival time                           1.799    
  -------------------------------------------------------------------
                         slack                                  0.237    

Slack (MET) :             0.241ns  (arrival time - required time)
  Source:                 SEVEN_SEGMENT_DISPLAY/DIGIT_SELECTOR/q_reg[2]/C
                            (rising edge-triggered cell FDSE clocked by sys_clk_pin  {rise@0.000ns fall@5.000ns period=10.000ns})
  Destination:            SEVEN_SEGMENT_DISPLAY/DIGIT_SELECTOR/q_reg[3]/D
                            (rising edge-triggered cell FDRE clocked by sys_clk_pin  {rise@0.000ns fall@5.000ns period=10.000ns})
  Path Group:             sys_clk_pin
  Path Type:              Hold (Min at Fast Process Corner)
  Requirement:            0.000ns  (sys_clk_pin rise@0.000ns - sys_clk_pin rise@0.000ns)
  Data Path Delay:        0.346ns  (logic 0.186ns (53.731%)  route 0.160ns (46.269%))
  Logic Levels:           1  (LUT6=1)
  Clock Path Skew:        0.013ns (DCD - SCD - CPR)
    Destination Clock Delay (DCD):    1.987ns
    Source Clock Delay      (SCD):    1.474ns
    Clock Pessimism Removal (CPR):    0.500ns

    Location             Delay type                Incr(ns)  Path(ns)    Netlist Resource(s)
  -------------------------------------------------------------------    -------------------
                         (clock sys_clk_pin rise edge)
                                                      0.000     0.000 r  
    W5                                                0.000     0.000 r  clk (IN)
                         net (fo=0)                   0.000     0.000    clk
    W5                   IBUF (Prop_ibuf_I_O)         0.226     0.226 r  clk_IBUF_inst/O
                         net (fo=1, routed)           0.631     0.858    clk_IBUF
    BUFGCTRL_X0Y0        BUFG (Prop_bufg_I_O)         0.026     0.884 r  clk_IBUF_BUFG_inst/O
                         net (fo=74, routed)          0.591     1.474    SEVEN_SEGMENT_DISPLAY/DIGIT_SELECTOR/CLK
    SLICE_X62Y15         FDSE                                         r  SEVEN_SEGMENT_DISPLAY/DIGIT_SELECTOR/q_reg[2]/C
  -------------------------------------------------------------------    -------------------
    SLICE_X62Y15         FDSE (Prop_fdse_C_Q)         0.141     1.615 r  SEVEN_SEGMENT_DISPLAY/DIGIT_SELECTOR/q_reg[2]/Q
                         net (fo=8, routed)           0.160     1.775    SEVEN_SEGMENT_DISPLAY/DIGIT_SELECTOR/q_reg[2]_0
    SLICE_X63Y15         LUT6 (Prop_lut6_I3_O)        0.045     1.820 r  SEVEN_SEGMENT_DISPLAY/DIGIT_SELECTOR/q[3]_i_1/O
                         net (fo=1, routed)           0.000     1.820    SEVEN_SEGMENT_DISPLAY/DIGIT_SELECTOR/q[3]_i_1_n_0
    SLICE_X63Y15         FDRE                                         r  SEVEN_SEGMENT_DISPLAY/DIGIT_SELECTOR/q_reg[3]/D
  -------------------------------------------------------------------    -------------------

                         (clock sys_clk_pin rise edge)
                                                      0.000     0.000 r  
    W5                                                0.000     0.000 r  clk (IN)
                         net (fo=0)                   0.000     0.000    clk
    W5                   IBUF (Prop_ibuf_I_O)         0.414     0.414 r  clk_IBUF_inst/O
                         net (fo=1, routed)           0.685     1.099    clk_IBUF
    BUFGCTRL_X0Y0        BUFG (Prop_bufg_I_O)         0.029     1.128 r  clk_IBUF_BUFG_inst/O
                         net (fo=74, routed)          0.860     1.987    SEVEN_SEGMENT_DISPLAY/DIGIT_SELECTOR/CLK
    SLICE_X63Y15         FDRE                                         r  SEVEN_SEGMENT_DISPLAY/DIGIT_SELECTOR/q_reg[3]/C
                         clock pessimism             -0.500     1.487    
    SLICE_X63Y15         FDRE (Hold_fdre_C_D)         0.092     1.579    SEVEN_SEGMENT_DISPLAY/DIGIT_SELECTOR/q_reg[3]
  -------------------------------------------------------------------
                         required time                         -1.579    
                         arrival time                           1.820    
  -------------------------------------------------------------------
                         slack                                  0.241    

Slack (MET) :             0.242ns  (arrival time - required time)
  Source:                 BIN_TO_BCD/scratch_reg[31]/C
                            (rising edge-triggered cell FDRE clocked by sys_clk_pin  {rise@0.000ns fall@5.000ns period=10.000ns})
  Destination:            BIN_TO_BCD/bcd_out_reg[15]/D
                            (rising edge-triggered cell FDRE clocked by sys_clk_pin  {rise@0.000ns fall@5.000ns period=10.000ns})
  Path Group:             sys_clk_pin
  Path Type:              Hold (Min at Fast Process Corner)
  Requirement:            0.000ns  (sys_clk_pin rise@0.000ns - sys_clk_pin rise@0.000ns)
  Data Path Delay:        0.368ns  (logic 0.227ns (61.721%)  route 0.141ns (38.279%))
  Logic Levels:           1  (LUT5=1)
  Clock Path Skew:        0.034ns (DCD - SCD - CPR)
    Destination Clock Delay (DCD):    1.986ns
    Source Clock Delay      (SCD):    1.474ns
    Clock Pessimism Removal (CPR):    0.478ns

    Location             Delay type                Incr(ns)  Path(ns)    Netlist Resource(s)
  -------------------------------------------------------------------    -------------------
                         (clock sys_clk_pin rise edge)
                                                      0.000     0.000 r  
    W5                                                0.000     0.000 r  clk (IN)
                         net (fo=0)                   0.000     0.000    clk
    W5                   IBUF (Prop_ibuf_I_O)         0.226     0.226 r  clk_IBUF_inst/O
                         net (fo=1, routed)           0.631     0.858    clk_IBUF
    BUFGCTRL_X0Y0        BUFG (Prop_bufg_I_O)         0.026     0.884 r  clk_IBUF_BUFG_inst/O
                         net (fo=74, routed)          0.591     1.474    BIN_TO_BCD/CLK
    SLICE_X63Y13         FDRE                                         r  BIN_TO_BCD/scratch_reg[31]/C
  -------------------------------------------------------------------    -------------------
    SLICE_X63Y13         FDRE (Prop_fdre_C_Q)         0.128     1.602 r  BIN_TO_BCD/scratch_reg[31]/Q
                         net (fo=4, routed)           0.141     1.743    BIN_TO_BCD/p_0_in[3]
    SLICE_X61Y13         LUT5 (Prop_lut5_I0_O)        0.099     1.842 r  BIN_TO_BCD/bcd_out[15]_i_2/O
                         net (fo=1, routed)           0.000     1.842    BIN_TO_BCD/bcd_out[15]_i_2_n_0
    SLICE_X61Y13         FDRE                                         r  BIN_TO_BCD/bcd_out_reg[15]/D
  -------------------------------------------------------------------    -------------------

                         (clock sys_clk_pin rise edge)
                                                      0.000     0.000 r  
    W5                                                0.000     0.000 r  clk (IN)
                         net (fo=0)                   0.000     0.000    clk
    W5                   IBUF (Prop_ibuf_I_O)         0.414     0.414 r  clk_IBUF_inst/O
                         net (fo=1, routed)           0.685     1.099    clk_IBUF
    BUFGCTRL_X0Y0        BUFG (Prop_bufg_I_O)         0.029     1.128 r  clk_IBUF_BUFG_inst/O
                         net (fo=74, routed)          0.859     1.986    BIN_TO_BCD/CLK
    SLICE_X61Y13         FDRE                                         r  BIN_TO_BCD/bcd_out_reg[15]/C
                         clock pessimism             -0.478     1.508    
    SLICE_X61Y13         FDRE (Hold_fdre_C_D)         0.092     1.600    BIN_TO_BCD/bcd_out_reg[15]
  -------------------------------------------------------------------
                         required time                         -1.600    
                         arrival time                           1.842    
  -------------------------------------------------------------------
                         slack                                  0.242    

Slack (MET) :             0.243ns  (arrival time - required time)
  Source:                 BIN_TO_BCD/scratch_reg[25]/C
                            (rising edge-triggered cell FDRE clocked by sys_clk_pin  {rise@0.000ns fall@5.000ns period=10.000ns})
  Destination:            BIN_TO_BCD/bcd_out_reg[9]/D
                            (rising edge-triggered cell FDRE clocked by sys_clk_pin  {rise@0.000ns fall@5.000ns period=10.000ns})
  Path Group:             sys_clk_pin
  Path Type:              Hold (Min at Fast Process Corner)
  Requirement:            0.000ns  (sys_clk_pin rise@0.000ns - sys_clk_pin rise@0.000ns)
  Data Path Delay:        0.351ns  (logic 0.186ns (52.925%)  route 0.165ns (47.075%))
  Logic Levels:           1  (LUT5=1)
  Clock Path Skew:        0.016ns (DCD - SCD - CPR)
    Destination Clock Delay (DCD):    1.989ns
    Source Clock Delay      (SCD):    1.474ns
    Clock Pessimism Removal (CPR):    0.499ns

    Location             Delay type                Incr(ns)  Path(ns)    Netlist Resource(s)
  -------------------------------------------------------------------    -------------------
                         (clock sys_clk_pin rise edge)
                                                      0.000     0.000 r  
    W5                                                0.000     0.000 r  clk (IN)
                         net (fo=0)                   0.000     0.000    clk
    W5                   IBUF (Prop_ibuf_I_O)         0.226     0.226 r  clk_IBUF_inst/O
                         net (fo=1, routed)           0.631     0.858    clk_IBUF
    BUFGCTRL_X0Y0        BUFG (Prop_bufg_I_O)         0.026     0.884 r  clk_IBUF_BUFG_inst/O
                         net (fo=74, routed)          0.591     1.474    BIN_TO_BCD/CLK
    SLICE_X62Y13         FDRE                                         r  BIN_TO_BCD/scratch_reg[25]/C
  -------------------------------------------------------------------    -------------------
    SLICE_X62Y13         FDRE (Prop_fdre_C_Q)         0.141     1.615 r  BIN_TO_BCD/scratch_reg[25]/Q
                         net (fo=5, routed)           0.165     1.781    BIN_TO_BCD/scratch_reg_n_0_[25]
    SLICE_X62Y12         LUT5 (Prop_lut5_I0_O)        0.045     1.826 r  BIN_TO_BCD/bcd_out[9]_i_1/O
                         net (fo=1, routed)           0.000     1.826    BIN_TO_BCD/bcd_out[9]_i_1_n_0
    SLICE_X62Y12         FDRE                                         r  BIN_TO_BCD/bcd_out_reg[9]/D
  -------------------------------------------------------------------    -------------------

                         (clock sys_clk_pin rise edge)
                                                      0.000     0.000 r  
    W5                                                0.000     0.000 r  clk (IN)
                         net (fo=0)                   0.000     0.000    clk
    W5                   IBUF (Prop_ibuf_I_O)         0.414     0.414 r  clk_IBUF_inst/O
                         net (fo=1, routed)           0.685     1.099    clk_IBUF
    BUFGCTRL_X0Y0        BUFG (Prop_bufg_I_O)         0.029     1.128 r  clk_IBUF_BUFG_inst/O
                         net (fo=74, routed)          0.862     1.989    BIN_TO_BCD/CLK
    SLICE_X62Y12         FDRE                                         r  BIN_TO_BCD/bcd_out_reg[9]/C
                         clock pessimism             -0.499     1.490    
    SLICE_X62Y12         FDRE (Hold_fdre_C_D)         0.092     1.582    BIN_TO_BCD/bcd_out_reg[9]
  -------------------------------------------------------------------
                         required time                         -1.582    
                         arrival time                           1.826    
  -------------------------------------------------------------------
                         slack                                  0.243    





Pulse Width Checks
--------------------------------------------------------------------------------------
Clock Name:         sys_clk_pin
Waveform(ns):       { 0.000 5.000 }
Period(ns):         10.000
Sources:            { clk }

Check Type        Corner  Lib Pin  Reference Pin  Required(ns)  Actual(ns)  Slack(ns)  Location       Pin
Min Period        n/a     BUFG/I   n/a            2.155         10.000      7.845      BUFGCTRL_X0Y0  clk_IBUF_BUFG_inst/I
Min Period        n/a     FDRE/C   n/a            1.000         10.000      9.000      SLICE_X61Y11   BIN_TO_BCD/bcd_out_reg[0]/C
Min Period        n/a     FDRE/C   n/a            1.000         10.000      9.000      SLICE_X61Y13   BIN_TO_BCD/bcd_out_reg[10]/C
Min Period        n/a     FDRE/C   n/a            1.000         10.000      9.000      SLICE_X61Y13   BIN_TO_BCD/bcd_out_reg[11]/C
Min Period        n/a     FDRE/C   n/a            1.000         10.000      9.000      SLICE_X63Y12   BIN_TO_BCD/bcd_out_reg[12]/C
Min Period        n/a     FDRE/C   n/a            1.000         10.000      9.000      SLICE_X62Y11   BIN_TO_BCD/bcd_out_reg[13]/C
Min Period        n/a     FDRE/C   n/a            1.000         10.000      9.000      SLICE_X61Y13   BIN_TO_BCD/bcd_out_reg[14]/C
Min Period        n/a     FDRE/C   n/a            1.000         10.000      9.000      SLICE_X61Y13   BIN_TO_BCD/bcd_out_reg[15]/C
Min Period        n/a     FDRE/C   n/a            1.000         10.000      9.000      SLICE_X60Y11   BIN_TO_BCD/bcd_out_reg[1]/C
Min Period        n/a     FDRE/C   n/a            1.000         10.000      9.000      SLICE_X60Y11   BIN_TO_BCD/bcd_out_reg[2]/C
Low Pulse Width   Slow    FDRE/C   n/a            0.500         5.000       4.500      SLICE_X61Y11   BIN_TO_BCD/bcd_out_reg[0]/C
Low Pulse Width   Fast    FDRE/C   n/a            0.500         5.000       4.500      SLICE_X61Y11   BIN_TO_BCD/bcd_out_reg[0]/C
Low Pulse Width   Slow    FDRE/C   n/a            0.500         5.000       4.500      SLICE_X61Y13   BIN_TO_BCD/bcd_out_reg[10]/C
Low Pulse Width   Fast    FDRE/C   n/a            0.500         5.000       4.500      SLICE_X61Y13   BIN_TO_BCD/bcd_out_reg[10]/C
Low Pulse Width   Slow    FDRE/C   n/a            0.500         5.000       4.500      SLICE_X61Y13   BIN_TO_BCD/bcd_out_reg[11]/C
Low Pulse Width   Fast    FDRE/C   n/a            0.500         5.000       4.500      SLICE_X61Y13   BIN_TO_BCD/bcd_out_reg[11]/C
Low Pulse Width   Slow    FDRE/C   n/a            0.500         5.000       4.500      SLICE_X63Y12   BIN_TO_BCD/bcd_out_reg[12]/C
Low Pulse Width   Fast    FDRE/C   n/a            0.500         5.000       4.500      SLICE_X63Y12   BIN_TO_BCD/bcd_out_reg[12]/C
Low Pulse Width   Slow    FDRE/C   n/a            0.500         5.000       4.500      SLICE_X62Y11   BIN_TO_BCD/bcd_out_reg[13]/C
Low Pulse Width   Fast    FDRE/C   n/a            0.500         5.000       4.500      SLICE_X62Y11   BIN_TO_BCD/bcd_out_reg[13]/C
High Pulse Width  Slow    FDRE/C   n/a            0.500         5.000       4.500      SLICE_X61Y11   BIN_TO_BCD/bcd_out_reg[0]/C
High Pulse Width  Fast    FDRE/C   n/a            0.500         5.000       4.500      SLICE_X61Y11   BIN_TO_BCD/bcd_out_reg[0]/C
High Pulse Width  Slow    FDRE/C   n/a            0.500         5.000       4.500      SLICE_X61Y13   BIN_TO_BCD/bcd_out_reg[10]/C
High Pulse Width  Fast    FDRE/C   n/a            0.500         5.000       4.500      SLICE_X61Y13   BIN_TO_BCD/bcd_out_reg[10]/C
High Pulse Width  Slow    FDRE/C   n/a            0.500         5.000       4.500      SLICE_X61Y13   BIN_TO_BCD/bcd_out_reg[11]/C
High Pulse Width  Fast    FDRE/C   n/a            0.500         5.000       4.500      SLICE_X61Y13   BIN_TO_BCD/bcd_out_reg[11]/C
High Pulse Width  Slow    FDRE/C   n/a            0.500         5.000       4.500      SLICE_X63Y12   BIN_TO_BCD/bcd_out_reg[12]/C
High Pulse Width  Fast    FDRE/C   n/a            0.500         5.000       4.500      SLICE_X63Y12   BIN_TO_BCD/bcd_out_reg[12]/C
High Pulse Width  Slow    FDRE/C   n/a            0.500         5.000       4.500      SLICE_X62Y11   BIN_TO_BCD/bcd_out_reg[13]/C
High Pulse Width  Fast    FDRE/C   n/a            0.500         5.000       4.500      SLICE_X62Y11   BIN_TO_BCD/bcd_out_reg[13]/C



--------------------------------------------------------------------------------------
Path Group:  (none)
From Clock:  
  To Clock:  

Max Delay            23 Endpoints
Min Delay            23 Endpoints
--------------------------------------------------------------------------------------


Max Delay Paths
--------------------------------------------------------------------------------------
Slack:                    inf
  Source:                 sel
                            (input port)
  Destination:            CC
                            (output port)
  Path Group:             (none)
  Path Type:              Max at Slow Process Corner
  Data Path Delay:        13.226ns  (logic 5.830ns (44.078%)  route 7.396ns (55.922%))
  Logic Levels:           5  (IBUF=1 LUT4=1 LUT5=2 OBUF=1)

    Location             Delay type                Incr(ns)  Path(ns)    Netlist Resource(s)
  -------------------------------------------------------------------    -------------------
    T18                                               0.000     0.000 r  sel (IN)
                         net (fo=0)                   0.000     0.000    sel
    T18                  IBUF (Prop_ibuf_I_O)         1.454     1.454 r  sel_IBUF_inst/O
                         net (fo=16, routed)          3.591     5.045    SEVEN_SEGMENT_DISPLAY/DIGIT_SELECTOR/sel_IBUF
    SLICE_X63Y13         LUT4 (Prop_lut4_I2_O)        0.154     5.199 f  SEVEN_SEGMENT_DISPLAY/DIGIT_SELECTOR/CA_OBUF_inst_i_8/O
                         net (fo=2, routed)           0.968     6.167    BIN_TO_BCD/CE_OBUF_inst_i_1_0
    SLICE_X63Y12         LUT5 (Prop_lut5_I3_O)        0.355     6.522 r  BIN_TO_BCD/CA_OBUF_inst_i_2/O
                         net (fo=6, routed)           0.832     7.354    BIN_TO_BCD/CA_OBUF_inst_i_2_n_0
    SLICE_X65Y13         LUT5 (Prop_lut5_I1_O)        0.332     7.686 r  BIN_TO_BCD/CC_OBUF_inst_i_1/O
                         net (fo=1, routed)           2.005     9.691    CC_OBUF
    U8                   OBUF (Prop_obuf_I_O)         3.535    13.226 r  CC_OBUF_inst/O
                         net (fo=0)                   0.000    13.226    CC
    U8                                                                r  CC (OUT)
  -------------------------------------------------------------------    -------------------

Slack:                    inf
  Source:                 sel
                            (input port)
  Destination:            CA
                            (output port)
  Path Group:             (none)
  Path Type:              Max at Slow Process Corner
  Data Path Delay:        13.194ns  (logic 5.572ns (42.234%)  route 7.622ns (57.766%))
  Logic Levels:           5  (IBUF=1 LUT4=2 LUT5=1 OBUF=1)

    Location             Delay type                Incr(ns)  Path(ns)    Netlist Resource(s)
  -------------------------------------------------------------------    -------------------
    T18                                               0.000     0.000 r  sel (IN)
                         net (fo=0)                   0.000     0.000    sel
    T18                  IBUF (Prop_ibuf_I_O)         1.454     1.454 r  sel_IBUF_inst/O
                         net (fo=16, routed)          3.778     5.232    BIN_TO_BCD/sel_IBUF
    SLICE_X62Y13         LUT4 (Prop_lut4_I1_O)        0.124     5.356 r  BIN_TO_BCD/CA_OBUF_inst_i_13/O
                         net (fo=1, routed)           0.805     6.161    BIN_TO_BCD/CA_OBUF_inst_i_13_n_0
    SLICE_X62Y12         LUT5 (Prop_lut5_I4_O)        0.124     6.285 r  BIN_TO_BCD/CA_OBUF_inst_i_3/O
                         net (fo=7, routed)           0.980     7.264    BIN_TO_BCD/CA_OBUF_inst_i_3_n_0
    SLICE_X65Y13         LUT4 (Prop_lut4_I1_O)        0.152     7.416 r  BIN_TO_BCD/CA_OBUF_inst_i_1/O
                         net (fo=1, routed)           2.059     9.475    CA_OBUF
    W7                   OBUF (Prop_obuf_I_O)         3.719    13.194 r  CA_OBUF_inst/O
                         net (fo=0)                   0.000    13.194    CA
    W7                                                                r  CA (OUT)
  -------------------------------------------------------------------    -------------------

Slack:                    inf
  Source:                 sel
                            (input port)
  Destination:            CB
                            (output port)
  Path Group:             (none)
  Path Type:              Max at Slow Process Corner
  Data Path Delay:        13.038ns  (logic 5.824ns (44.667%)  route 7.215ns (55.333%))
  Logic Levels:           5  (IBUF=1 LUT4=2 LUT5=1 OBUF=1)

    Location             Delay type                Incr(ns)  Path(ns)    Netlist Resource(s)
  -------------------------------------------------------------------    -------------------
    T18                                               0.000     0.000 r  sel (IN)
                         net (fo=0)                   0.000     0.000    sel
    T18                  IBUF (Prop_ibuf_I_O)         1.454     1.454 r  sel_IBUF_inst/O
                         net (fo=16, routed)          3.591     5.045    SEVEN_SEGMENT_DISPLAY/DIGIT_SELECTOR/sel_IBUF
    SLICE_X63Y13         LUT4 (Prop_lut4_I2_O)        0.154     5.199 f  SEVEN_SEGMENT_DISPLAY/DIGIT_SELECTOR/CA_OBUF_inst_i_8/O
                         net (fo=2, routed)           0.968     6.167    BIN_TO_BCD/CE_OBUF_inst_i_1_0
    SLICE_X63Y12         LUT5 (Prop_lut5_I3_O)        0.355     6.522 r  BIN_TO_BCD/CA_OBUF_inst_i_2/O
                         net (fo=6, routed)           0.599     7.121    BIN_TO_BCD/CA_OBUF_inst_i_2_n_0
    SLICE_X65Y13         LUT4 (Prop_lut4_I0_O)        0.332     7.453 r  BIN_TO_BCD/CB_OBUF_inst_i_1/O
                         net (fo=1, routed)           2.056     9.509    CB_OBUF
    W6                   OBUF (Prop_obuf_I_O)         3.529    13.038 r  CB_OBUF_inst/O
                         net (fo=0)                   0.000    13.038    CB
    W6                                                                r  CB (OUT)
  -------------------------------------------------------------------    -------------------

Slack:                    inf
  Source:                 sel
                            (input port)
  Destination:            CF
                            (output port)
  Path Group:             (none)
  Path Type:              Max at Slow Process Corner
  Data Path Delay:        12.902ns  (logic 6.027ns (46.715%)  route 6.875ns (53.285%))
  Logic Levels:           5  (IBUF=1 LUT4=2 LUT5=1 OBUF=1)

    Location             Delay type                Incr(ns)  Path(ns)    Netlist Resource(s)
  -------------------------------------------------------------------    -------------------
    T18                                               0.000     0.000 r  sel (IN)
                         net (fo=0)                   0.000     0.000    sel
    T18                  IBUF (Prop_ibuf_I_O)         1.454     1.454 r  sel_IBUF_inst/O
                         net (fo=16, routed)          3.591     5.045    SEVEN_SEGMENT_DISPLAY/DIGIT_SELECTOR/sel_IBUF
    SLICE_X63Y13         LUT4 (Prop_lut4_I2_O)        0.154     5.199 f  SEVEN_SEGMENT_DISPLAY/DIGIT_SELECTOR/CA_OBUF_inst_i_8/O
                         net (fo=2, routed)           0.968     6.167    BIN_TO_BCD/CE_OBUF_inst_i_1_0
    SLICE_X63Y12         LUT5 (Prop_lut5_I3_O)        0.355     6.522 r  BIN_TO_BCD/CA_OBUF_inst_i_2/O
                         net (fo=6, routed)           0.599     7.121    BIN_TO_BCD/CA_OBUF_inst_i_2_n_0
    SLICE_X65Y13         LUT4 (Prop_lut4_I0_O)        0.358     7.479 r  BIN_TO_BCD/CF_OBUF_inst_i_1/O
                         net (fo=1, routed)           1.716     9.196    CF_OBUF
    V5                   OBUF (Prop_obuf_I_O)         3.706    12.902 r  CF_OBUF_inst/O
                         net (fo=0)                   0.000    12.902    CF
    V5                                                                r  CF (OUT)
  -------------------------------------------------------------------    -------------------

Slack:                    inf
  Source:                 sel
                            (input port)
  Destination:            CG
                            (output port)
  Path Group:             (none)
  Path Type:              Max at Slow Process Corner
  Data Path Delay:        12.878ns  (logic 5.826ns (45.240%)  route 7.052ns (54.760%))
  Logic Levels:           5  (IBUF=1 LUT4=1 LUT5=2 OBUF=1)

    Location             Delay type                Incr(ns)  Path(ns)    Netlist Resource(s)
  -------------------------------------------------------------------    -------------------
    T18                                               0.000     0.000 r  sel (IN)
                         net (fo=0)                   0.000     0.000    sel
    T18                  IBUF (Prop_ibuf_I_O)         1.454     1.454 r  sel_IBUF_inst/O
                         net (fo=16, routed)          3.591     5.045    SEVEN_SEGMENT_DISPLAY/DIGIT_SELECTOR/sel_IBUF
    SLICE_X63Y13         LUT4 (Prop_lut4_I2_O)        0.154     5.199 f  SEVEN_SEGMENT_DISPLAY/DIGIT_SELECTOR/CA_OBUF_inst_i_8/O
                         net (fo=2, routed)           0.968     6.167    BIN_TO_BCD/CE_OBUF_inst_i_1_0
    SLICE_X63Y12         LUT5 (Prop_lut5_I3_O)        0.355     6.522 r  BIN_TO_BCD/CA_OBUF_inst_i_2/O
                         net (fo=6, routed)           0.827     7.349    BIN_TO_BCD/CA_OBUF_inst_i_2_n_0
    SLICE_X64Y12         LUT5 (Prop_lut5_I4_O)        0.332     7.681 r  BIN_TO_BCD/CG_OBUF_inst_i_1/O
                         net (fo=1, routed)           1.666     9.347    CG_OBUF
    U7                   OBUF (Prop_obuf_I_O)         3.531    12.878 r  CG_OBUF_inst/O
                         net (fo=0)                   0.000    12.878    CG
    U7                                                                r  CG (OUT)
  -------------------------------------------------------------------    -------------------

Slack:                    inf
  Source:                 sel
                            (input port)
  Destination:            CD
                            (output port)
  Path Group:             (none)
  Path Type:              Max at Slow Process Corner
  Data Path Delay:        12.788ns  (logic 5.361ns (41.926%)  route 7.426ns (58.074%))
  Logic Levels:           5  (IBUF=1 LUT4=2 LUT5=1 OBUF=1)

    Location             Delay type                Incr(ns)  Path(ns)    Netlist Resource(s)
  -------------------------------------------------------------------    -------------------
    T18                                               0.000     0.000 r  sel (IN)
                         net (fo=0)                   0.000     0.000    sel
    T18                  IBUF (Prop_ibuf_I_O)         1.454     1.454 r  sel_IBUF_inst/O
                         net (fo=16, routed)          3.778     5.232    BIN_TO_BCD/sel_IBUF
    SLICE_X62Y13         LUT4 (Prop_lut4_I1_O)        0.124     5.356 r  BIN_TO_BCD/CA_OBUF_inst_i_13/O
                         net (fo=1, routed)           0.805     6.161    BIN_TO_BCD/CA_OBUF_inst_i_13_n_0
    SLICE_X62Y12         LUT5 (Prop_lut5_I4_O)        0.124     6.285 r  BIN_TO_BCD/CA_OBUF_inst_i_3/O
                         net (fo=7, routed)           0.980     7.264    BIN_TO_BCD/CA_OBUF_inst_i_3_n_0
    SLICE_X65Y13         LUT4 (Prop_lut4_I1_O)        0.124     7.388 r  BIN_TO_BCD/CD_OBUF_inst_i_1/O
                         net (fo=1, routed)           1.864     9.252    CD_OBUF
    V8                   OBUF (Prop_obuf_I_O)         3.536    12.788 r  CD_OBUF_inst/O
                         net (fo=0)                   0.000    12.788    CD
    V8                                                                r  CD (OUT)
  -------------------------------------------------------------------    -------------------

Slack:                    inf
  Source:                 sel
                            (input port)
  Destination:            CE
                            (output port)
  Path Group:             (none)
  Path Type:              Max at Slow Process Corner
  Data Path Delay:        12.600ns  (logic 5.346ns (42.428%)  route 7.254ns (57.572%))
  Logic Levels:           5  (IBUF=1 LUT4=1 LUT5=2 OBUF=1)

    Location             Delay type                Incr(ns)  Path(ns)    Netlist Resource(s)
  -------------------------------------------------------------------    -------------------
    T18                                               0.000     0.000 r  sel (IN)
                         net (fo=0)                   0.000     0.000    sel
    T18                  IBUF (Prop_ibuf_I_O)         1.454     1.454 r  sel_IBUF_inst/O
                         net (fo=16, routed)          3.778     5.232    BIN_TO_BCD/sel_IBUF
    SLICE_X62Y13         LUT4 (Prop_lut4_I1_O)        0.124     5.356 r  BIN_TO_BCD/CA_OBUF_inst_i_13/O
                         net (fo=1, routed)           0.805     6.161    BIN_TO_BCD/CA_OBUF_inst_i_13_n_0
    SLICE_X62Y12         LUT5 (Prop_lut5_I4_O)        0.124     6.285 r  BIN_TO_BCD/CA_OBUF_inst_i_3/O
                         net (fo=7, routed)           0.824     7.108    BIN_TO_BCD/CA_OBUF_inst_i_3_n_0
    SLICE_X63Y13         LUT5 (Prop_lut5_I2_O)        0.124     7.232 r  BIN_TO_BCD/CE_OBUF_inst_i_1/O
                         net (fo=1, routed)           1.847     9.080    CE_OBUF
    U5                   OBUF (Prop_obuf_I_O)         3.520    12.600 r  CE_OBUF_inst/O
                         net (fo=0)                   0.000    12.600    CE
    U5                                                                r  CE (OUT)
  -------------------------------------------------------------------    -------------------

Slack:                    inf
  Source:                 switches_inputs[8]
                            (input port)
  Destination:            led[8]
                            (output port)
  Path Group:             (none)
  Path Type:              Max at Slow Process Corner
  Data Path Delay:        10.149ns  (logic 4.959ns (48.855%)  route 5.191ns (51.145%))
  Logic Levels:           2  (IBUF=1 OBUF=1)

    Location             Delay type                Incr(ns)  Path(ns)    Netlist Resource(s)
  -------------------------------------------------------------------    -------------------
    V2                                                0.000     0.000 r  switches_inputs[8] (IN)
                         net (fo=0)                   0.000     0.000    switches_inputs[8]
    V2                   IBUF (Prop_ibuf_I_O)         1.454     1.454 r  switches_inputs_IBUF[8]_inst/O
                         net (fo=4, routed)           5.191     6.645    led_OBUF[8]
    V13                  OBUF (Prop_obuf_I_O)         3.504    10.149 r  led_OBUF[8]_inst/O
                         net (fo=0)                   0.000    10.149    led[8]
    V13                                                               r  led[8] (OUT)
  -------------------------------------------------------------------    -------------------

Slack:                    inf
  Source:                 switches_inputs[12]
                            (input port)
  Destination:            led[12]
                            (output port)
  Path Group:             (none)
  Path Type:              Max at Slow Process Corner
  Data Path Delay:        8.095ns  (logic 4.987ns (61.602%)  route 3.108ns (38.398%))
  Logic Levels:           2  (IBUF=1 OBUF=1)

    Location             Delay type                Incr(ns)  Path(ns)    Netlist Resource(s)
  -------------------------------------------------------------------    -------------------
    W2                                                0.000     0.000 r  switches_inputs[12] (IN)
                         net (fo=0)                   0.000     0.000    switches_inputs[12]
    W2                   IBUF (Prop_ibuf_I_O)         1.469     1.469 r  switches_inputs_IBUF[12]_inst/O
                         net (fo=4, routed)           3.108     4.577    led_OBUF[12]
    P3                   OBUF (Prop_obuf_I_O)         3.518     8.095 r  led_OBUF[12]_inst/O
                         net (fo=0)                   0.000     8.095    led[12]
    P3                                                                r  led[12] (OUT)
  -------------------------------------------------------------------    -------------------

Slack:                    inf
  Source:                 switches_inputs[15]
                            (input port)
  Destination:            led[15]
                            (output port)
  Path Group:             (none)
  Path Type:              Max at Slow Process Corner
  Data Path Delay:        8.042ns  (logic 4.978ns (61.893%)  route 3.065ns (38.107%))
  Logic Levels:           2  (IBUF=1 OBUF=1)

    Location             Delay type                Incr(ns)  Path(ns)    Netlist Resource(s)
  -------------------------------------------------------------------    -------------------
    R2                                                0.000     0.000 r  switches_inputs[15] (IN)
                         net (fo=0)                   0.000     0.000    switches_inputs[15]
    R2                   IBUF (Prop_ibuf_I_O)         1.456     1.456 r  switches_inputs_IBUF[15]_inst/O
                         net (fo=16, routed)          3.065     4.521    led_OBUF[15]
    L1                   OBUF (Prop_obuf_I_O)         3.521     8.042 r  led_OBUF[15]_inst/O
                         net (fo=0)                   0.000     8.042    led[15]
    L1                                                                r  led[15] (OUT)
  -------------------------------------------------------------------    -------------------





Min Delay Paths
--------------------------------------------------------------------------------------
Slack:                    inf
  Source:                 switches_inputs[6]
                            (input port)
  Destination:            led[6]
                            (output port)
  Path Group:             (none)
  Path Type:              Min at Fast Process Corner
  Data Path Delay:        1.888ns  (logic 1.425ns (75.486%)  route 0.463ns (24.514%))
  Logic Levels:           2  (IBUF=1 OBUF=1)

    Location             Delay type                Incr(ns)  Path(ns)    Netlist Resource(s)
  -------------------------------------------------------------------    -------------------
    W14                                               0.000     0.000 r  switches_inputs[6] (IN)
                         net (fo=0)                   0.000     0.000    switches_inputs[6]
    W14                  IBUF (Prop_ibuf_I_O)         0.218     0.218 r  switches_inputs_IBUF[6]_inst/O
                         net (fo=4, routed)           0.463     0.681    led_OBUF[6]
    U14                  OBUF (Prop_obuf_I_O)         1.207     1.888 r  led_OBUF[6]_inst/O
                         net (fo=0)                   0.000     1.888    led[6]
    U14                                                               r  led[6] (OUT)
  -------------------------------------------------------------------    -------------------

Slack:                    inf
  Source:                 switches_inputs[5]
                            (input port)
  Destination:            led[5]
                            (output port)
  Path Group:             (none)
  Path Type:              Min at Fast Process Corner
  Data Path Delay:        1.889ns  (logic 1.450ns (76.719%)  route 0.440ns (23.281%))
  Logic Levels:           2  (IBUF=1 OBUF=1)

    Location             Delay type                Incr(ns)  Path(ns)    Netlist Resource(s)
  -------------------------------------------------------------------    -------------------
    V15                                               0.000     0.000 r  switches_inputs[5] (IN)
                         net (fo=0)                   0.000     0.000    switches_inputs[5]
    V15                  IBUF (Prop_ibuf_I_O)         0.234     0.234 r  switches_inputs_IBUF[5]_inst/O
                         net (fo=4, routed)           0.440     0.674    led_OBUF[5]
    U15                  OBUF (Prop_obuf_I_O)         1.216     1.889 r  led_OBUF[5]_inst/O
                         net (fo=0)                   0.000     1.889    led[5]
    U15                                                               r  led[5] (OUT)
  -------------------------------------------------------------------    -------------------

Slack:                    inf
  Source:                 switches_inputs[7]
                            (input port)
  Destination:            led[7]
                            (output port)
  Path Group:             (none)
  Path Type:              Min at Fast Process Corner
  Data Path Delay:        1.891ns  (logic 1.429ns (75.572%)  route 0.462ns (24.428%))
  Logic Levels:           2  (IBUF=1 OBUF=1)

    Location             Delay type                Incr(ns)  Path(ns)    Netlist Resource(s)
  -------------------------------------------------------------------    -------------------
    W13                                               0.000     0.000 r  switches_inputs[7] (IN)
                         net (fo=0)                   0.000     0.000    switches_inputs[7]
    W13                  IBUF (Prop_ibuf_I_O)         0.227     0.227 r  switches_inputs_IBUF[7]_inst/O
                         net (fo=4, routed)           0.462     0.689    led_OBUF[7]
    V14                  OBUF (Prop_obuf_I_O)         1.202     1.891 r  led_OBUF[7]_inst/O
                         net (fo=0)                   0.000     1.891    led[7]
    V14                                                               r  led[7] (OUT)
  -------------------------------------------------------------------    -------------------

Slack:                    inf
  Source:                 switches_inputs[0]
                            (input port)
  Destination:            led[0]
                            (output port)
  Path Group:             (none)
  Path Type:              Min at Fast Process Corner
  Data Path Delay:        1.892ns  (logic 1.427ns (75.410%)  route 0.465ns (24.590%))
  Logic Levels:           2  (IBUF=1 OBUF=1)

    Location             Delay type                Incr(ns)  Path(ns)    Netlist Resource(s)
  -------------------------------------------------------------------    -------------------
    V17                                               0.000     0.000 r  switches_inputs[0] (IN)
                         net (fo=0)                   0.000     0.000    switches_inputs[0]
    V17                  IBUF (Prop_ibuf_I_O)         0.221     0.221 r  switches_inputs_IBUF[0]_inst/O
                         net (fo=3, routed)           0.465     0.686    led_OBUF[0]
    U16                  OBUF (Prop_obuf_I_O)         1.206     1.892 r  led_OBUF[0]_inst/O
                         net (fo=0)                   0.000     1.892    led[0]
    U16                                                               r  led[0] (OUT)
  -------------------------------------------------------------------    -------------------

Slack:                    inf
  Source:                 switches_inputs[9]
                            (input port)
  Destination:            led[9]
                            (output port)
  Path Group:             (none)
  Path Type:              Min at Fast Process Corner
  Data Path Delay:        1.894ns  (logic 1.430ns (75.489%)  route 0.464ns (24.511%))
  Logic Levels:           2  (IBUF=1 OBUF=1)

    Location             Delay type                Incr(ns)  Path(ns)    Netlist Resource(s)
  -------------------------------------------------------------------    -------------------
    T3                                                0.000     0.000 r  switches_inputs[9] (IN)
                         net (fo=0)                   0.000     0.000    switches_inputs[9]
    T3                   IBUF (Prop_ibuf_I_O)         0.220     0.220 r  switches_inputs_IBUF[9]_inst/O
                         net (fo=4, routed)           0.464     0.685    led_OBUF[9]
    V3                   OBUF (Prop_obuf_I_O)         1.209     1.894 r  led_OBUF[9]_inst/O
                         net (fo=0)                   0.000     1.894    led[9]
    V3                                                                r  led[9] (OUT)
  -------------------------------------------------------------------    -------------------

Slack:                    inf
  Source:                 switches_inputs[3]
                            (input port)
  Destination:            led[3]
                            (output port)
  Path Group:             (none)
  Path Type:              Min at Fast Process Corner
  Data Path Delay:        1.913ns  (logic 1.427ns (74.564%)  route 0.487ns (25.436%))
  Logic Levels:           2  (IBUF=1 OBUF=1)

    Location             Delay type                Incr(ns)  Path(ns)    Netlist Resource(s)
  -------------------------------------------------------------------    -------------------
    W17                                               0.000     0.000 r  switches_inputs[3] (IN)
                         net (fo=0)                   0.000     0.000    switches_inputs[3]
    W17                  IBUF (Prop_ibuf_I_O)         0.217     0.217 r  switches_inputs_IBUF[3]_inst/O
                         net (fo=3, routed)           0.487     0.703    led_OBUF[3]
    V19                  OBUF (Prop_obuf_I_O)         1.210     1.913 r  led_OBUF[3]_inst/O
                         net (fo=0)                   0.000     1.913    led[3]
    V19                                                               r  led[3] (OUT)
  -------------------------------------------------------------------    -------------------

Slack:                    inf
  Source:                 switches_inputs[2]
                            (input port)
  Destination:            led[2]
                            (output port)
  Path Group:             (none)
  Path Type:              Min at Fast Process Corner
  Data Path Delay:        1.921ns  (logic 1.434ns (74.659%)  route 0.487ns (25.341%))
  Logic Levels:           2  (IBUF=1 OBUF=1)

    Location             Delay type                Incr(ns)  Path(ns)    Netlist Resource(s)
  -------------------------------------------------------------------    -------------------
    W16                                               0.000     0.000 r  switches_inputs[2] (IN)
                         net (fo=0)                   0.000     0.000    switches_inputs[2]
    W16                  IBUF (Prop_ibuf_I_O)         0.232     0.232 r  switches_inputs_IBUF[2]_inst/O
                         net (fo=3, routed)           0.487     0.719    led_OBUF[2]
    U19                  OBUF (Prop_obuf_I_O)         1.202     1.921 r  led_OBUF[2]_inst/O
                         net (fo=0)                   0.000     1.921    led[2]
    U19                                                               r  led[2] (OUT)
  -------------------------------------------------------------------    -------------------

Slack:                    inf
  Source:                 switches_inputs[4]
                            (input port)
  Destination:            led[4]
                            (output port)
  Path Group:             (none)
  Path Type:              Min at Fast Process Corner
  Data Path Delay:        1.922ns  (logic 1.429ns (74.313%)  route 0.494ns (25.687%))
  Logic Levels:           2  (IBUF=1 OBUF=1)

    Location             Delay type                Incr(ns)  Path(ns)    Netlist Resource(s)
  -------------------------------------------------------------------    -------------------
    W15                                               0.000     0.000 r  switches_inputs[4] (IN)
                         net (fo=0)                   0.000     0.000    switches_inputs[4]
    W15                  IBUF (Prop_ibuf_I_O)         0.219     0.219 r  switches_inputs_IBUF[4]_inst/O
                         net (fo=4, routed)           0.494     0.713    led_OBUF[4]
    W18                  OBUF (Prop_obuf_I_O)         1.210     1.922 r  led_OBUF[4]_inst/O
                         net (fo=0)                   0.000     1.922    led[4]
    W18                                                               r  led[4] (OUT)
  -------------------------------------------------------------------    -------------------

Slack:                    inf
  Source:                 switches_inputs[10]
                            (input port)
  Destination:            led[10]
                            (output port)
  Path Group:             (none)
  Path Type:              Min at Fast Process Corner
  Data Path Delay:        1.950ns  (logic 1.452ns (74.484%)  route 0.498ns (25.516%))
  Logic Levels:           2  (IBUF=1 OBUF=1)

    Location             Delay type                Incr(ns)  Path(ns)    Netlist Resource(s)
  -------------------------------------------------------------------    -------------------
    T2                                                0.000     0.000 r  switches_inputs[10] (IN)
                         net (fo=0)                   0.000     0.000    switches_inputs[10]
    T2                   IBUF (Prop_ibuf_I_O)         0.226     0.226 r  switches_inputs_IBUF[10]_inst/O
                         net (fo=4, routed)           0.498     0.723    led_OBUF[10]
    W3                   OBUF (Prop_obuf_I_O)         1.226     1.950 r  led_OBUF[10]_inst/O
                         net (fo=0)                   0.000     1.950    led[10]
    W3                                                                r  led[10] (OUT)
  -------------------------------------------------------------------    -------------------

Slack:                    inf
  Source:                 switches_inputs[11]
                            (input port)
  Destination:            led[11]
                            (output port)
  Path Group:             (none)
  Path Type:              Min at Fast Process Corner
  Data Path Delay:        1.989ns  (logic 1.437ns (72.229%)  route 0.552ns (27.771%))
  Logic Levels:           2  (IBUF=1 OBUF=1)

    Location             Delay type                Incr(ns)  Path(ns)    Netlist Resource(s)
  -------------------------------------------------------------------    -------------------
    R3                                                0.000     0.000 r  switches_inputs[11] (IN)
                         net (fo=0)                   0.000     0.000    switches_inputs[11]
    R3                   IBUF (Prop_ibuf_I_O)         0.232     0.232 r  switches_inputs_IBUF[11]_inst/O
                         net (fo=4, routed)           0.552     0.784    led_OBUF[11]
    U3                   OBUF (Prop_obuf_I_O)         1.205     1.989 r  led_OBUF[11]_inst/O
                         net (fo=0)                   0.000     1.989    led[11]
    U3                                                                r  led[11] (OUT)
  -------------------------------------------------------------------    -------------------





--------------------------------------------------------------------------------------
Path Group:  (none)
From Clock:  sys_clk_pin
  To Clock:  

Max Delay            11 Endpoints
Min Delay            11 Endpoints
--------------------------------------------------------------------------------------


Max Delay Paths
--------------------------------------------------------------------------------------
Slack:                    inf
  Source:                 SEVEN_SEGMENT_DISPLAY/DIGIT_SELECTOR/q_reg[0]/C
                            (rising edge-triggered cell FDSE clocked by sys_clk_pin  {rise@0.000ns fall@5.000ns period=10.000ns})
  Destination:            CA
                            (output port)
  Path Group:             (none)
  Path Type:              Max at Slow Process Corner
  Data Path Delay:        10.151ns  (logic 4.575ns (45.068%)  route 5.576ns (54.932%))
  Logic Levels:           4  (LUT4=2 LUT5=1 OBUF=1)
  Clock Uncertainty:      0.025ns  ((TSJ^2 + TIJ^2)^1/2 + DJ) / 2 + PE
    Total System Jitter     (TSJ):    0.050ns
    Total Input Jitter      (TIJ):    0.000ns
    Discrete Jitter          (DJ):    0.000ns
    Phase Error              (PE):    0.000ns

    Location             Delay type                Incr(ns)  Path(ns)    Netlist Resource(s)
  -------------------------------------------------------------------    -------------------
                         (clock sys_clk_pin rise edge)
                                                      0.000     0.000 r  
    W5                                                0.000     0.000 r  clk (IN)
                         net (fo=0)                   0.000     0.000    clk
    W5                   IBUF (Prop_ibuf_I_O)         1.458     1.458 r  clk_IBUF_inst/O
                         net (fo=1, routed)           1.967     3.425    clk_IBUF
    BUFGCTRL_X0Y0        BUFG (Prop_bufg_I_O)         0.096     3.521 r  clk_IBUF_BUFG_inst/O
                         net (fo=74, routed)          1.631     5.152    SEVEN_SEGMENT_DISPLAY/DIGIT_SELECTOR/CLK
    SLICE_X62Y15         FDSE                                         r  SEVEN_SEGMENT_DISPLAY/DIGIT_SELECTOR/q_reg[0]/C
  -------------------------------------------------------------------    -------------------
    SLICE_X62Y15         FDSE (Prop_fdse_C_Q)         0.456     5.608 r  SEVEN_SEGMENT_DISPLAY/DIGIT_SELECTOR/q_reg[0]/Q
                         net (fo=10, routed)          1.177     6.786    BIN_TO_BCD/digit_select[0]
    SLICE_X61Y11         LUT4 (Prop_lut4_I3_O)        0.124     6.910 r  BIN_TO_BCD/CA_OBUF_inst_i_14/O
                         net (fo=2, routed)           1.078     7.988    BIN_TO_BCD/CA_OBUF_inst_i_14_n_0
    SLICE_X63Y12         LUT5 (Prop_lut5_I1_O)        0.124     8.112 r  BIN_TO_BCD/CA_OBUF_inst_i_4/O
                         net (fo=5, routed)           1.261     9.373    BIN_TO_BCD/CA_OBUF_inst_i_4_n_0
    SLICE_X65Y13         LUT4 (Prop_lut4_I2_O)        0.152     9.525 r  BIN_TO_BCD/CA_OBUF_inst_i_1/O
                         net (fo=1, routed)           2.059    11.584    CA_OBUF
    W7                   OBUF (Prop_obuf_I_O)         3.719    15.303 r  CA_OBUF_inst/O
                         net (fo=0)                   0.000    15.303    CA
    W7                                                                r  CA (OUT)
  -------------------------------------------------------------------    -------------------

Slack:                    inf
  Source:                 SEVEN_SEGMENT_DISPLAY/DIGIT_SELECTOR/q_reg[0]/C
                            (rising edge-triggered cell FDSE clocked by sys_clk_pin  {rise@0.000ns fall@5.000ns period=10.000ns})
  Destination:            CB
                            (output port)
  Path Group:             (none)
  Path Type:              Max at Slow Process Corner
  Data Path Delay:        9.931ns  (logic 4.357ns (43.874%)  route 5.574ns (56.126%))
  Logic Levels:           4  (LUT4=2 LUT5=1 OBUF=1)
  Clock Uncertainty:      0.025ns  ((TSJ^2 + TIJ^2)^1/2 + DJ) / 2 + PE
    Total System Jitter     (TSJ):    0.050ns
    Total Input Jitter      (TIJ):    0.000ns
    Discrete Jitter          (DJ):    0.000ns
    Phase Error              (PE):    0.000ns

    Location             Delay type                Incr(ns)  Path(ns)    Netlist Resource(s)
  -------------------------------------------------------------------    -------------------
                         (clock sys_clk_pin rise edge)
                                                      0.000     0.000 r  
    W5                                                0.000     0.000 r  clk (IN)
                         net (fo=0)                   0.000     0.000    clk
    W5                   IBUF (Prop_ibuf_I_O)         1.458     1.458 r  clk_IBUF_inst/O
                         net (fo=1, routed)           1.967     3.425    clk_IBUF
    BUFGCTRL_X0Y0        BUFG (Prop_bufg_I_O)         0.096     3.521 r  clk_IBUF_BUFG_inst/O
                         net (fo=74, routed)          1.631     5.152    SEVEN_SEGMENT_DISPLAY/DIGIT_SELECTOR/CLK
    SLICE_X62Y15         FDSE                                         r  SEVEN_SEGMENT_DISPLAY/DIGIT_SELECTOR/q_reg[0]/C
  -------------------------------------------------------------------    -------------------
    SLICE_X62Y15         FDSE (Prop_fdse_C_Q)         0.456     5.608 r  SEVEN_SEGMENT_DISPLAY/DIGIT_SELECTOR/q_reg[0]/Q
                         net (fo=10, routed)          1.177     6.786    BIN_TO_BCD/digit_select[0]
    SLICE_X61Y11         LUT4 (Prop_lut4_I3_O)        0.124     6.910 r  BIN_TO_BCD/CA_OBUF_inst_i_14/O
                         net (fo=2, routed)           1.078     7.988    BIN_TO_BCD/CA_OBUF_inst_i_14_n_0
    SLICE_X63Y12         LUT5 (Prop_lut5_I1_O)        0.124     8.112 r  BIN_TO_BCD/CA_OBUF_inst_i_4/O
                         net (fo=5, routed)           1.262     9.374    BIN_TO_BCD/CA_OBUF_inst_i_4_n_0
    SLICE_X65Y13         LUT4 (Prop_lut4_I3_O)        0.124     9.498 r  BIN_TO_BCD/CB_OBUF_inst_i_1/O
                         net (fo=1, routed)           2.056    11.554    CB_OBUF
    W6                   OBUF (Prop_obuf_I_O)         3.529    15.083 r  CB_OBUF_inst/O
                         net (fo=0)                   0.000    15.083    CB
    W6                                                                r  CB (OUT)
  -------------------------------------------------------------------    -------------------

Slack:                    inf
  Source:                 SEVEN_SEGMENT_DISPLAY/DIGIT_SELECTOR/q_reg[0]/C
                            (rising edge-triggered cell FDSE clocked by sys_clk_pin  {rise@0.000ns fall@5.000ns period=10.000ns})
  Destination:            CF
                            (output port)
  Path Group:             (none)
  Path Type:              Max at Slow Process Corner
  Data Path Delay:        9.797ns  (logic 4.562ns (46.571%)  route 5.234ns (53.429%))
  Logic Levels:           4  (LUT4=2 LUT5=1 OBUF=1)
  Clock Uncertainty:      0.025ns  ((TSJ^2 + TIJ^2)^1/2 + DJ) / 2 + PE
    Total System Jitter     (TSJ):    0.050ns
    Total Input Jitter      (TIJ):    0.000ns
    Discrete Jitter          (DJ):    0.000ns
    Phase Error              (PE):    0.000ns

    Location             Delay type                Incr(ns)  Path(ns)    Netlist Resource(s)
  -------------------------------------------------------------------    -------------------
                         (clock sys_clk_pin rise edge)
                                                      0.000     0.000 r  
    W5                                                0.000     0.000 r  clk (IN)
                         net (fo=0)                   0.000     0.000    clk
    W5                   IBUF (Prop_ibuf_I_O)         1.458     1.458 r  clk_IBUF_inst/O
                         net (fo=1, routed)           1.967     3.425    clk_IBUF
    BUFGCTRL_X0Y0        BUFG (Prop_bufg_I_O)         0.096     3.521 r  clk_IBUF_BUFG_inst/O
                         net (fo=74, routed)          1.631     5.152    SEVEN_SEGMENT_DISPLAY/DIGIT_SELECTOR/CLK
    SLICE_X62Y15         FDSE                                         r  SEVEN_SEGMENT_DISPLAY/DIGIT_SELECTOR/q_reg[0]/C
  -------------------------------------------------------------------    -------------------
    SLICE_X62Y15         FDSE (Prop_fdse_C_Q)         0.456     5.608 r  SEVEN_SEGMENT_DISPLAY/DIGIT_SELECTOR/q_reg[0]/Q
                         net (fo=10, routed)          1.177     6.786    BIN_TO_BCD/digit_select[0]
    SLICE_X61Y11         LUT4 (Prop_lut4_I3_O)        0.124     6.910 r  BIN_TO_BCD/CA_OBUF_inst_i_14/O
                         net (fo=2, routed)           1.078     7.988    BIN_TO_BCD/CA_OBUF_inst_i_14_n_0
    SLICE_X63Y12         LUT5 (Prop_lut5_I1_O)        0.124     8.112 r  BIN_TO_BCD/CA_OBUF_inst_i_4/O
                         net (fo=5, routed)           1.262     9.374    BIN_TO_BCD/CA_OBUF_inst_i_4_n_0
    SLICE_X65Y13         LUT4 (Prop_lut4_I2_O)        0.152     9.526 r  BIN_TO_BCD/CF_OBUF_inst_i_1/O
                         net (fo=1, routed)           1.716    11.243    CF_OBUF
    V5                   OBUF (Prop_obuf_I_O)         3.706    14.949 r  CF_OBUF_inst/O
                         net (fo=0)                   0.000    14.949    CF
    V5                                                                r  CF (OUT)
  -------------------------------------------------------------------    -------------------

Slack:                    inf
  Source:                 SEVEN_SEGMENT_DISPLAY/DIGIT_SELECTOR/q_reg[0]/C
                            (rising edge-triggered cell FDSE clocked by sys_clk_pin  {rise@0.000ns fall@5.000ns period=10.000ns})
  Destination:            CD
                            (output port)
  Path Group:             (none)
  Path Type:              Max at Slow Process Corner
  Data Path Delay:        9.744ns  (logic 4.364ns (44.781%)  route 5.381ns (55.219%))
  Logic Levels:           4  (LUT4=2 LUT5=1 OBUF=1)
  Clock Uncertainty:      0.025ns  ((TSJ^2 + TIJ^2)^1/2 + DJ) / 2 + PE
    Total System Jitter     (TSJ):    0.050ns
    Total Input Jitter      (TIJ):    0.000ns
    Discrete Jitter          (DJ):    0.000ns
    Phase Error              (PE):    0.000ns

    Location             Delay type                Incr(ns)  Path(ns)    Netlist Resource(s)
  -------------------------------------------------------------------    -------------------
                         (clock sys_clk_pin rise edge)
                                                      0.000     0.000 r  
    W5                                                0.000     0.000 r  clk (IN)
                         net (fo=0)                   0.000     0.000    clk
    W5                   IBUF (Prop_ibuf_I_O)         1.458     1.458 r  clk_IBUF_inst/O
                         net (fo=1, routed)           1.967     3.425    clk_IBUF
    BUFGCTRL_X0Y0        BUFG (Prop_bufg_I_O)         0.096     3.521 r  clk_IBUF_BUFG_inst/O
                         net (fo=74, routed)          1.631     5.152    SEVEN_SEGMENT_DISPLAY/DIGIT_SELECTOR/CLK
    SLICE_X62Y15         FDSE                                         r  SEVEN_SEGMENT_DISPLAY/DIGIT_SELECTOR/q_reg[0]/C
  -------------------------------------------------------------------    -------------------
    SLICE_X62Y15         FDSE (Prop_fdse_C_Q)         0.456     5.608 r  SEVEN_SEGMENT_DISPLAY/DIGIT_SELECTOR/q_reg[0]/Q
                         net (fo=10, routed)          1.177     6.786    BIN_TO_BCD/digit_select[0]
    SLICE_X61Y11         LUT4 (Prop_lut4_I3_O)        0.124     6.910 r  BIN_TO_BCD/CA_OBUF_inst_i_14/O
                         net (fo=2, routed)           1.078     7.988    BIN_TO_BCD/CA_OBUF_inst_i_14_n_0
    SLICE_X63Y12         LUT5 (Prop_lut5_I1_O)        0.124     8.112 r  BIN_TO_BCD/CA_OBUF_inst_i_4/O
                         net (fo=5, routed)           1.261     9.373    BIN_TO_BCD/CA_OBUF_inst_i_4_n_0
    SLICE_X65Y13         LUT4 (Prop_lut4_I2_O)        0.124     9.497 r  BIN_TO_BCD/CD_OBUF_inst_i_1/O
                         net (fo=1, routed)           1.864    11.361    CD_OBUF
    V8                   OBUF (Prop_obuf_I_O)         3.536    14.896 r  CD_OBUF_inst/O
                         net (fo=0)                   0.000    14.896    CD
    V8                                                                r  CD (OUT)
  -------------------------------------------------------------------    -------------------

Slack:                    inf
  Source:                 SEVEN_SEGMENT_DISPLAY/DIGIT_SELECTOR/q_reg[3]/C
                            (rising edge-triggered cell FDRE clocked by sys_clk_pin  {rise@0.000ns fall@5.000ns period=10.000ns})
  Destination:            CC
                            (output port)
  Path Group:             (none)
  Path Type:              Max at Slow Process Corner
  Data Path Delay:        9.477ns  (logic 4.832ns (50.986%)  route 4.645ns (49.014%))
  Logic Levels:           4  (LUT4=1 LUT5=2 OBUF=1)
  Clock Uncertainty:      0.025ns  ((TSJ^2 + TIJ^2)^1/2 + DJ) / 2 + PE
    Total System Jitter     (TSJ):    0.050ns
    Total Input Jitter      (TIJ):    0.000ns
    Discrete Jitter          (DJ):    0.000ns
    Phase Error              (PE):    0.000ns

    Location             Delay type                Incr(ns)  Path(ns)    Netlist Resource(s)
  -------------------------------------------------------------------    -------------------
                         (clock sys_clk_pin rise edge)
                                                      0.000     0.000 r  
    W5                                                0.000     0.000 r  clk (IN)
                         net (fo=0)                   0.000     0.000    clk
    W5                   IBUF (Prop_ibuf_I_O)         1.458     1.458 r  clk_IBUF_inst/O
                         net (fo=1, routed)           1.967     3.425    clk_IBUF
    BUFGCTRL_X0Y0        BUFG (Prop_bufg_I_O)         0.096     3.521 r  clk_IBUF_BUFG_inst/O
                         net (fo=74, routed)          1.631     5.152    SEVEN_SEGMENT_DISPLAY/DIGIT_SELECTOR/CLK
    SLICE_X63Y15         FDRE                                         r  SEVEN_SEGMENT_DISPLAY/DIGIT_SELECTOR/q_reg[3]/C
  -------------------------------------------------------------------    -------------------
    SLICE_X63Y15         FDRE (Prop_fdre_C_Q)         0.456     5.608 r  SEVEN_SEGMENT_DISPLAY/DIGIT_SELECTOR/q_reg[3]/Q
                         net (fo=8, routed)           0.840     6.448    SEVEN_SEGMENT_DISPLAY/DIGIT_SELECTOR/q_reg[3]_0
    SLICE_X63Y13         LUT4 (Prop_lut4_I0_O)        0.154     6.602 f  SEVEN_SEGMENT_DISPLAY/DIGIT_SELECTOR/CA_OBUF_inst_i_8/O
                         net (fo=2, routed)           0.968     7.571    BIN_TO_BCD/CE_OBUF_inst_i_1_0
    SLICE_X63Y12         LUT5 (Prop_lut5_I3_O)        0.355     7.926 r  BIN_TO_BCD/CA_OBUF_inst_i_2/O
                         net (fo=6, routed)           0.832     8.758    BIN_TO_BCD/CA_OBUF_inst_i_2_n_0
    SLICE_X65Y13         LUT5 (Prop_lut5_I1_O)        0.332     9.090 r  BIN_TO_BCD/CC_OBUF_inst_i_1/O
                         net (fo=1, routed)           2.005    11.094    CC_OBUF
    U8                   OBUF (Prop_obuf_I_O)         3.535    14.630 r  CC_OBUF_inst/O
                         net (fo=0)                   0.000    14.630    CC
    U8                                                                r  CC (OUT)
  -------------------------------------------------------------------    -------------------

Slack:                    inf
  Source:                 SEVEN_SEGMENT_DISPLAY/DIGIT_SELECTOR/q_reg[0]/C
                            (rising edge-triggered cell FDSE clocked by sys_clk_pin  {rise@0.000ns fall@5.000ns period=10.000ns})
  Destination:            CG
                            (output port)
  Path Group:             (none)
  Path Type:              Max at Slow Process Corner
  Data Path Delay:        9.319ns  (logic 4.589ns (49.246%)  route 4.730ns (50.754%))
  Logic Levels:           4  (LUT4=2 LUT5=1 OBUF=1)
  Clock Uncertainty:      0.025ns  ((TSJ^2 + TIJ^2)^1/2 + DJ) / 2 + PE
    Total System Jitter     (TSJ):    0.050ns
    Total Input Jitter      (TIJ):    0.000ns
    Discrete Jitter          (DJ):    0.000ns
    Phase Error              (PE):    0.000ns

    Location             Delay type                Incr(ns)  Path(ns)    Netlist Resource(s)
  -------------------------------------------------------------------    -------------------
                         (clock sys_clk_pin rise edge)
                                                      0.000     0.000 r  
    W5                                                0.000     0.000 r  clk (IN)
                         net (fo=0)                   0.000     0.000    clk
    W5                   IBUF (Prop_ibuf_I_O)         1.458     1.458 r  clk_IBUF_inst/O
                         net (fo=1, routed)           1.967     3.425    clk_IBUF
    BUFGCTRL_X0Y0        BUFG (Prop_bufg_I_O)         0.096     3.521 r  clk_IBUF_BUFG_inst/O
                         net (fo=74, routed)          1.631     5.152    SEVEN_SEGMENT_DISPLAY/DIGIT_SELECTOR/CLK
    SLICE_X62Y15         FDSE                                         r  SEVEN_SEGMENT_DISPLAY/DIGIT_SELECTOR/q_reg[0]/C
  -------------------------------------------------------------------    -------------------
    SLICE_X62Y15         FDSE (Prop_fdse_C_Q)         0.456     5.608 f  SEVEN_SEGMENT_DISPLAY/DIGIT_SELECTOR/q_reg[0]/Q
                         net (fo=10, routed)          1.177     6.786    BIN_TO_BCD/digit_select[0]
    SLICE_X61Y11         LUT4 (Prop_lut4_I3_O)        0.124     6.910 f  BIN_TO_BCD/CA_OBUF_inst_i_14/O
                         net (fo=2, routed)           1.078     7.988    BIN_TO_BCD/CA_OBUF_inst_i_14_n_0
    SLICE_X63Y12         LUT4 (Prop_lut4_I3_O)        0.152     8.140 r  BIN_TO_BCD/CC_OBUF_inst_i_2/O
                         net (fo=2, routed)           0.809     8.949    BIN_TO_BCD/CC_OBUF_inst_i_2_n_0
    SLICE_X64Y12         LUT5 (Prop_lut5_I3_O)        0.326     9.275 r  BIN_TO_BCD/CG_OBUF_inst_i_1/O
                         net (fo=1, routed)           1.666    10.940    CG_OBUF
    U7                   OBUF (Prop_obuf_I_O)         3.531    14.472 r  CG_OBUF_inst/O
                         net (fo=0)                   0.000    14.472    CG
    U7                                                                r  CG (OUT)
  -------------------------------------------------------------------    -------------------

Slack:                    inf
  Source:                 SEVEN_SEGMENT_DISPLAY/DIGIT_SELECTOR/q_reg[0]/C
                            (rising edge-triggered cell FDSE clocked by sys_clk_pin  {rise@0.000ns fall@5.000ns period=10.000ns})
  Destination:            CE
                            (output port)
  Path Group:             (none)
  Path Type:              Max at Slow Process Corner
  Data Path Delay:        9.104ns  (logic 4.576ns (50.263%)  route 4.528ns (49.737%))
  Logic Levels:           4  (LUT4=2 LUT5=1 OBUF=1)
  Clock Uncertainty:      0.025ns  ((TSJ^2 + TIJ^2)^1/2 + DJ) / 2 + PE
    Total System Jitter     (TSJ):    0.050ns
    Total Input Jitter      (TIJ):    0.000ns
    Discrete Jitter          (DJ):    0.000ns
    Phase Error              (PE):    0.000ns

    Location             Delay type                Incr(ns)  Path(ns)    Netlist Resource(s)
  -------------------------------------------------------------------    -------------------
                         (clock sys_clk_pin rise edge)
                                                      0.000     0.000 r  
    W5                                                0.000     0.000 r  clk (IN)
                         net (fo=0)                   0.000     0.000    clk
    W5                   IBUF (Prop_ibuf_I_O)         1.458     1.458 r  clk_IBUF_inst/O
                         net (fo=1, routed)           1.967     3.425    clk_IBUF
    BUFGCTRL_X0Y0        BUFG (Prop_bufg_I_O)         0.096     3.521 r  clk_IBUF_BUFG_inst/O
                         net (fo=74, routed)          1.631     5.152    SEVEN_SEGMENT_DISPLAY/DIGIT_SELECTOR/CLK
    SLICE_X62Y15         FDSE                                         r  SEVEN_SEGMENT_DISPLAY/DIGIT_SELECTOR/q_reg[0]/C
  -------------------------------------------------------------------    -------------------
    SLICE_X62Y15         FDSE (Prop_fdse_C_Q)         0.456     5.608 f  SEVEN_SEGMENT_DISPLAY/DIGIT_SELECTOR/q_reg[0]/Q
                         net (fo=10, routed)          1.134     6.742    BIN_TO_BCD/digit_select[0]
    SLICE_X61Y11         LUT4 (Prop_lut4_I3_O)        0.124     6.866 f  BIN_TO_BCD/CA_OBUF_inst_i_18/O
                         net (fo=2, routed)           0.818     7.684    BIN_TO_BCD/CA_OBUF_inst_i_18_n_0
    SLICE_X62Y12         LUT4 (Prop_lut4_I3_O)        0.150     7.834 r  BIN_TO_BCD/CE_OBUF_inst_i_3/O
                         net (fo=2, routed)           0.729     8.563    BIN_TO_BCD/CE_OBUF_inst_i_3_n_0
    SLICE_X63Y13         LUT5 (Prop_lut5_I3_O)        0.326     8.889 r  BIN_TO_BCD/CE_OBUF_inst_i_1/O
                         net (fo=1, routed)           1.847    10.736    CE_OBUF
    U5                   OBUF (Prop_obuf_I_O)         3.520    14.256 r  CE_OBUF_inst/O
                         net (fo=0)                   0.000    14.256    CE
    U5                                                                r  CE (OUT)
  -------------------------------------------------------------------    -------------------

Slack:                    inf
  Source:                 SEVEN_SEGMENT_DISPLAY/DIGIT_SELECTOR/q_reg[0]/C
                            (rising edge-triggered cell FDSE clocked by sys_clk_pin  {rise@0.000ns fall@5.000ns period=10.000ns})
  Destination:            AN1
                            (output port)
  Path Group:             (none)
  Path Type:              Max at Slow Process Corner
  Data Path Delay:        7.851ns  (logic 4.317ns (54.986%)  route 3.534ns (45.014%))
  Logic Levels:           2  (LUT1=1 OBUF=1)
  Clock Uncertainty:      0.025ns  ((TSJ^2 + TIJ^2)^1/2 + DJ) / 2 + PE
    Total System Jitter     (TSJ):    0.050ns
    Total Input Jitter      (TIJ):    0.000ns
    Discrete Jitter          (DJ):    0.000ns
    Phase Error              (PE):    0.000ns

    Location             Delay type                Incr(ns)  Path(ns)    Netlist Resource(s)
  -------------------------------------------------------------------    -------------------
                         (clock sys_clk_pin rise edge)
                                                      0.000     0.000 r  
    W5                                                0.000     0.000 r  clk (IN)
                         net (fo=0)                   0.000     0.000    clk
    W5                   IBUF (Prop_ibuf_I_O)         1.458     1.458 r  clk_IBUF_inst/O
                         net (fo=1, routed)           1.967     3.425    clk_IBUF
    BUFGCTRL_X0Y0        BUFG (Prop_bufg_I_O)         0.096     3.521 r  clk_IBUF_BUFG_inst/O
                         net (fo=74, routed)          1.631     5.152    SEVEN_SEGMENT_DISPLAY/DIGIT_SELECTOR/CLK
    SLICE_X62Y15         FDSE                                         r  SEVEN_SEGMENT_DISPLAY/DIGIT_SELECTOR/q_reg[0]/C
  -------------------------------------------------------------------    -------------------
    SLICE_X62Y15         FDSE (Prop_fdse_C_Q)         0.456     5.608 f  SEVEN_SEGMENT_DISPLAY/DIGIT_SELECTOR/q_reg[0]/Q
                         net (fo=10, routed)          1.249     6.857    SEVEN_SEGMENT_DISPLAY/DIGIT_SELECTOR/q_reg[0]_0
    SLICE_X62Y15         LUT1 (Prop_lut1_I0_O)        0.150     7.007 r  SEVEN_SEGMENT_DISPLAY/DIGIT_SELECTOR/AN1_OBUF_inst_i_1/O
                         net (fo=1, routed)           2.285     9.292    AN1_OBUF
    U2                   OBUF (Prop_obuf_I_O)         3.711    13.003 r  AN1_OBUF_inst/O
                         net (fo=0)                   0.000    13.003    AN1
    U2                                                                r  AN1 (OUT)
  -------------------------------------------------------------------    -------------------

Slack:                    inf
  Source:                 SEVEN_SEGMENT_DISPLAY/DIGIT_SELECTOR/q_reg[1]/C
                            (rising edge-triggered cell FDSE clocked by sys_clk_pin  {rise@0.000ns fall@5.000ns period=10.000ns})
  Destination:            AN2
                            (output port)
  Path Group:             (none)
  Path Type:              Max at Slow Process Corner
  Data Path Delay:        7.460ns  (logic 4.447ns (59.609%)  route 3.013ns (40.391%))
  Logic Levels:           2  (LUT1=1 OBUF=1)
  Clock Uncertainty:      0.025ns  ((TSJ^2 + TIJ^2)^1/2 + DJ) / 2 + PE
    Total System Jitter     (TSJ):    0.050ns
    Total Input Jitter      (TIJ):    0.000ns
    Discrete Jitter          (DJ):    0.000ns
    Phase Error              (PE):    0.000ns

    Location             Delay type                Incr(ns)  Path(ns)    Netlist Resource(s)
  -------------------------------------------------------------------    -------------------
                         (clock sys_clk_pin rise edge)
                                                      0.000     0.000 r  
    W5                                                0.000     0.000 r  clk (IN)
                         net (fo=0)                   0.000     0.000    clk
    W5                   IBUF (Prop_ibuf_I_O)         1.458     1.458 r  clk_IBUF_inst/O
                         net (fo=1, routed)           1.967     3.425    clk_IBUF
    BUFGCTRL_X0Y0        BUFG (Prop_bufg_I_O)         0.096     3.521 r  clk_IBUF_BUFG_inst/O
                         net (fo=74, routed)          1.631     5.152    SEVEN_SEGMENT_DISPLAY/DIGIT_SELECTOR/CLK
    SLICE_X62Y15         FDSE                                         r  SEVEN_SEGMENT_DISPLAY/DIGIT_SELECTOR/q_reg[1]/C
  -------------------------------------------------------------------    -------------------
    SLICE_X62Y15         FDSE (Prop_fdse_C_Q)         0.419     5.571 f  SEVEN_SEGMENT_DISPLAY/DIGIT_SELECTOR/q_reg[1]/Q
                         net (fo=10, routed)          0.885     6.456    SEVEN_SEGMENT_DISPLAY/DIGIT_SELECTOR/q_reg[1]_0
    SLICE_X63Y15         LUT1 (Prop_lut1_I0_O)        0.327     6.783 r  SEVEN_SEGMENT_DISPLAY/DIGIT_SELECTOR/AN2_OBUF_inst_i_1/O
                         net (fo=1, routed)           2.129     8.912    AN2_OBUF
    U4                   OBUF (Prop_obuf_I_O)         3.701    12.613 r  AN2_OBUF_inst/O
                         net (fo=0)                   0.000    12.613    AN2
    U4                                                                r  AN2 (OUT)
  -------------------------------------------------------------------    -------------------

Slack:                    inf
  Source:                 SEVEN_SEGMENT_DISPLAY/DIGIT_SELECTOR/q_reg[2]/C
                            (rising edge-triggered cell FDSE clocked by sys_clk_pin  {rise@0.000ns fall@5.000ns period=10.000ns})
  Destination:            AN3
                            (output port)
  Path Group:             (none)
  Path Type:              Max at Slow Process Corner
  Data Path Delay:        7.242ns  (logic 4.103ns (56.657%)  route 3.139ns (43.343%))
  Logic Levels:           2  (LUT1=1 OBUF=1)
  Clock Uncertainty:      0.025ns  ((TSJ^2 + TIJ^2)^1/2 + DJ) / 2 + PE
    Total System Jitter     (TSJ):    0.050ns
    Total Input Jitter      (TIJ):    0.000ns
    Discrete Jitter          (DJ):    0.000ns
    Phase Error              (PE):    0.000ns

    Location             Delay type                Incr(ns)  Path(ns)    Netlist Resource(s)
  -------------------------------------------------------------------    -------------------
                         (clock sys_clk_pin rise edge)
                                                      0.000     0.000 r  
    W5                                                0.000     0.000 r  clk (IN)
                         net (fo=0)                   0.000     0.000    clk
    W5                   IBUF (Prop_ibuf_I_O)         1.458     1.458 r  clk_IBUF_inst/O
                         net (fo=1, routed)           1.967     3.425    clk_IBUF
    BUFGCTRL_X0Y0        BUFG (Prop_bufg_I_O)         0.096     3.521 r  clk_IBUF_BUFG_inst/O
                         net (fo=74, routed)          1.631     5.152    SEVEN_SEGMENT_DISPLAY/DIGIT_SELECTOR/CLK
    SLICE_X62Y15         FDSE                                         r  SEVEN_SEGMENT_DISPLAY/DIGIT_SELECTOR/q_reg[2]/C
  -------------------------------------------------------------------    -------------------
    SLICE_X62Y15         FDSE (Prop_fdse_C_Q)         0.456     5.608 f  SEVEN_SEGMENT_DISPLAY/DIGIT_SELECTOR/q_reg[2]/Q
                         net (fo=8, routed)           0.995     6.604    SEVEN_SEGMENT_DISPLAY/DIGIT_SELECTOR/q_reg[2]_0
    SLICE_X63Y12         LUT1 (Prop_lut1_I0_O)        0.124     6.728 r  SEVEN_SEGMENT_DISPLAY/DIGIT_SELECTOR/AN3_OBUF_inst_i_1/O
                         net (fo=1, routed)           2.144     8.871    AN3_OBUF
    V4                   OBUF (Prop_obuf_I_O)         3.523    12.394 r  AN3_OBUF_inst/O
                         net (fo=0)                   0.000    12.394    AN3
    V4                                                                r  AN3 (OUT)
  -------------------------------------------------------------------    -------------------





Min Delay Paths
--------------------------------------------------------------------------------------
Slack:                    inf
  Source:                 SEVEN_SEGMENT_DISPLAY/DIGIT_SELECTOR/q_reg[3]/C
                            (rising edge-triggered cell FDRE clocked by sys_clk_pin  {rise@0.000ns fall@5.000ns period=10.000ns})
  Destination:            CE
                            (output port)
  Path Group:             (none)
  Path Type:              Min at Fast Process Corner
  Data Path Delay:        2.195ns  (logic 1.452ns (66.131%)  route 0.744ns (33.869%))
  Logic Levels:           3  (LUT4=1 LUT5=1 OBUF=1)
  Clock Uncertainty:      0.025ns  ((TSJ^2 + TIJ^2)^1/2 + DJ) / 2 + PE
    Total System Jitter     (TSJ):    0.050ns
    Total Input Jitter      (TIJ):    0.000ns
    Discrete Jitter          (DJ):    0.000ns
    Phase Error              (PE):    0.000ns

    Location             Delay type                Incr(ns)  Path(ns)    Netlist Resource(s)
  -------------------------------------------------------------------    -------------------
                         (clock sys_clk_pin rise edge)
                                                      0.000     0.000 r  
    W5                                                0.000     0.000 r  clk (IN)
                         net (fo=0)                   0.000     0.000    clk
    W5                   IBUF (Prop_ibuf_I_O)         0.226     0.226 r  clk_IBUF_inst/O
                         net (fo=1, routed)           0.631     0.858    clk_IBUF
    BUFGCTRL_X0Y0        BUFG (Prop_bufg_I_O)         0.026     0.884 r  clk_IBUF_BUFG_inst/O
                         net (fo=74, routed)          0.591     1.474    SEVEN_SEGMENT_DISPLAY/DIGIT_SELECTOR/CLK
    SLICE_X63Y15         FDRE                                         r  SEVEN_SEGMENT_DISPLAY/DIGIT_SELECTOR/q_reg[3]/C
  -------------------------------------------------------------------    -------------------
    SLICE_X63Y15         FDRE (Prop_fdre_C_Q)         0.141     1.615 r  SEVEN_SEGMENT_DISPLAY/DIGIT_SELECTOR/q_reg[3]/Q
                         net (fo=8, routed)           0.159     1.775    SEVEN_SEGMENT_DISPLAY/DIGIT_MUX/CA_OBUF_inst_i_4_2
    SLICE_X62Y13         LUT4 (Prop_lut4_I3_O)        0.045     1.820 f  SEVEN_SEGMENT_DISPLAY/DIGIT_MUX/time_digit/O
                         net (fo=7, routed)           0.182     2.001    BIN_TO_BCD/CE
    SLICE_X63Y13         LUT5 (Prop_lut5_I4_O)        0.045     2.046 r  BIN_TO_BCD/CE_OBUF_inst_i_1/O
                         net (fo=1, routed)           0.402     2.449    CE_OBUF
    U5                   OBUF (Prop_obuf_I_O)         1.221     3.670 r  CE_OBUF_inst/O
                         net (fo=0)                   0.000     3.670    CE
    U5                                                                r  CE (OUT)
  -------------------------------------------------------------------    -------------------

Slack:                    inf
  Source:                 SEVEN_SEGMENT_DISPLAY/DIGIT_SELECTOR/q_reg[3]/C
                            (rising edge-triggered cell FDRE clocked by sys_clk_pin  {rise@0.000ns fall@5.000ns period=10.000ns})
  Destination:            AN4
                            (output port)
  Path Group:             (none)
  Path Type:              Min at Fast Process Corner
  Data Path Delay:        2.242ns  (logic 1.397ns (62.330%)  route 0.845ns (37.670%))
  Logic Levels:           2  (LUT1=1 OBUF=1)
  Clock Uncertainty:      0.025ns  ((TSJ^2 + TIJ^2)^1/2 + DJ) / 2 + PE
    Total System Jitter     (TSJ):    0.050ns
    Total Input Jitter      (TIJ):    0.000ns
    Discrete Jitter          (DJ):    0.000ns
    Phase Error              (PE):    0.000ns

    Location             Delay type                Incr(ns)  Path(ns)    Netlist Resource(s)
  -------------------------------------------------------------------    -------------------
                         (clock sys_clk_pin rise edge)
                                                      0.000     0.000 r  
    W5                                                0.000     0.000 r  clk (IN)
                         net (fo=0)                   0.000     0.000    clk
    W5                   IBUF (Prop_ibuf_I_O)         0.226     0.226 r  clk_IBUF_inst/O
                         net (fo=1, routed)           0.631     0.858    clk_IBUF
    BUFGCTRL_X0Y0        BUFG (Prop_bufg_I_O)         0.026     0.884 r  clk_IBUF_BUFG_inst/O
                         net (fo=74, routed)          0.591     1.474    SEVEN_SEGMENT_DISPLAY/DIGIT_SELECTOR/CLK
    SLICE_X63Y15         FDRE                                         r  SEVEN_SEGMENT_DISPLAY/DIGIT_SELECTOR/q_reg[3]/C
  -------------------------------------------------------------------    -------------------
    SLICE_X63Y15         FDRE (Prop_fdre_C_Q)         0.141     1.615 f  SEVEN_SEGMENT_DISPLAY/DIGIT_SELECTOR/q_reg[3]/Q
                         net (fo=8, routed)           0.320     1.935    SEVEN_SEGMENT_DISPLAY/DIGIT_SELECTOR/q_reg[3]_0
    SLICE_X63Y13         LUT1 (Prop_lut1_I0_O)        0.045     1.980 r  SEVEN_SEGMENT_DISPLAY/DIGIT_SELECTOR/AN4_OBUF_inst_i_1/O
                         net (fo=1, routed)           0.525     2.505    AN4_OBUF
    W4                   OBUF (Prop_obuf_I_O)         1.211     3.716 r  AN4_OBUF_inst/O
                         net (fo=0)                   0.000     3.716    AN4
    W4                                                                r  AN4 (OUT)
  -------------------------------------------------------------------    -------------------

Slack:                    inf
  Source:                 SEVEN_SEGMENT_DISPLAY/DIGIT_SELECTOR/q_reg[3]/C
                            (rising edge-triggered cell FDRE clocked by sys_clk_pin  {rise@0.000ns fall@5.000ns period=10.000ns})
  Destination:            CG
                            (output port)
  Path Group:             (none)
  Path Type:              Min at Fast Process Corner
  Data Path Delay:        2.310ns  (logic 1.463ns (63.343%)  route 0.847ns (36.657%))
  Logic Levels:           3  (LUT4=1 LUT5=1 OBUF=1)
  Clock Uncertainty:      0.025ns  ((TSJ^2 + TIJ^2)^1/2 + DJ) / 2 + PE
    Total System Jitter     (TSJ):    0.050ns
    Total Input Jitter      (TIJ):    0.000ns
    Discrete Jitter          (DJ):    0.000ns
    Phase Error              (PE):    0.000ns

    Location             Delay type                Incr(ns)  Path(ns)    Netlist Resource(s)
  -------------------------------------------------------------------    -------------------
                         (clock sys_clk_pin rise edge)
                                                      0.000     0.000 r  
    W5                                                0.000     0.000 r  clk (IN)
                         net (fo=0)                   0.000     0.000    clk
    W5                   IBUF (Prop_ibuf_I_O)         0.226     0.226 r  clk_IBUF_inst/O
                         net (fo=1, routed)           0.631     0.858    clk_IBUF
    BUFGCTRL_X0Y0        BUFG (Prop_bufg_I_O)         0.026     0.884 r  clk_IBUF_BUFG_inst/O
                         net (fo=74, routed)          0.591     1.474    SEVEN_SEGMENT_DISPLAY/DIGIT_SELECTOR/CLK
    SLICE_X63Y15         FDRE                                         r  SEVEN_SEGMENT_DISPLAY/DIGIT_SELECTOR/q_reg[3]/C
  -------------------------------------------------------------------    -------------------
    SLICE_X63Y15         FDRE (Prop_fdre_C_Q)         0.141     1.615 r  SEVEN_SEGMENT_DISPLAY/DIGIT_SELECTOR/q_reg[3]/Q
                         net (fo=8, routed)           0.159     1.775    SEVEN_SEGMENT_DISPLAY/DIGIT_MUX/CA_OBUF_inst_i_4_2
    SLICE_X62Y13         LUT4 (Prop_lut4_I3_O)        0.045     1.820 r  SEVEN_SEGMENT_DISPLAY/DIGIT_MUX/time_digit/O
                         net (fo=7, routed)           0.355     2.174    BIN_TO_BCD/CE
    SLICE_X64Y12         LUT5 (Prop_lut5_I0_O)        0.045     2.219 r  BIN_TO_BCD/CG_OBUF_inst_i_1/O
                         net (fo=1, routed)           0.333     2.552    CG_OBUF
    U7                   OBUF (Prop_obuf_I_O)         1.232     3.784 r  CG_OBUF_inst/O
                         net (fo=0)                   0.000     3.784    CG
    U7                                                                r  CG (OUT)
  -------------------------------------------------------------------    -------------------

Slack:                    inf
  Source:                 SEVEN_SEGMENT_DISPLAY/DIGIT_SELECTOR/q_reg[1]/C
                            (rising edge-triggered cell FDSE clocked by sys_clk_pin  {rise@0.000ns fall@5.000ns period=10.000ns})
  Destination:            AN2
                            (output port)
  Path Group:             (none)
  Path Type:              Min at Fast Process Corner
  Data Path Delay:        2.347ns  (logic 1.488ns (63.424%)  route 0.858ns (36.576%))
  Logic Levels:           2  (LUT1=1 OBUF=1)
  Clock Uncertainty:      0.025ns  ((TSJ^2 + TIJ^2)^1/2 + DJ) / 2 + PE
    Total System Jitter     (TSJ):    0.050ns
    Total Input Jitter      (TIJ):    0.000ns
    Discrete Jitter          (DJ):    0.000ns
    Phase Error              (PE):    0.000ns

    Location             Delay type                Incr(ns)  Path(ns)    Netlist Resource(s)
  -------------------------------------------------------------------    -------------------
                         (clock sys_clk_pin rise edge)
                                                      0.000     0.000 r  
    W5                                                0.000     0.000 r  clk (IN)
                         net (fo=0)                   0.000     0.000    clk
    W5                   IBUF (Prop_ibuf_I_O)         0.226     0.226 r  clk_IBUF_inst/O
                         net (fo=1, routed)           0.631     0.858    clk_IBUF
    BUFGCTRL_X0Y0        BUFG (Prop_bufg_I_O)         0.026     0.884 r  clk_IBUF_BUFG_inst/O
                         net (fo=74, routed)          0.591     1.474    SEVEN_SEGMENT_DISPLAY/DIGIT_SELECTOR/CLK
    SLICE_X62Y15         FDSE                                         r  SEVEN_SEGMENT_DISPLAY/DIGIT_SELECTOR/q_reg[1]/C
  -------------------------------------------------------------------    -------------------
    SLICE_X62Y15         FDSE (Prop_fdse_C_Q)         0.128     1.602 f  SEVEN_SEGMENT_DISPLAY/DIGIT_SELECTOR/q_reg[1]/Q
                         net (fo=10, routed)          0.312     1.914    SEVEN_SEGMENT_DISPLAY/DIGIT_SELECTOR/q_reg[1]_0
    SLICE_X63Y15         LUT1 (Prop_lut1_I0_O)        0.098     2.012 r  SEVEN_SEGMENT_DISPLAY/DIGIT_SELECTOR/AN2_OBUF_inst_i_1/O
                         net (fo=1, routed)           0.547     2.558    AN2_OBUF
    U4                   OBUF (Prop_obuf_I_O)         1.262     3.821 r  AN2_OBUF_inst/O
                         net (fo=0)                   0.000     3.821    AN2
    U4                                                                r  AN2 (OUT)
  -------------------------------------------------------------------    -------------------

Slack:                    inf
  Source:                 SEVEN_SEGMENT_DISPLAY/DIGIT_SELECTOR/q_reg[2]/C
                            (rising edge-triggered cell FDSE clocked by sys_clk_pin  {rise@0.000ns fall@5.000ns period=10.000ns})
  Destination:            AN3
                            (output port)
  Path Group:             (none)
  Path Type:              Min at Fast Process Corner
  Data Path Delay:        2.358ns  (logic 1.410ns (59.799%)  route 0.948ns (40.201%))
  Logic Levels:           2  (LUT1=1 OBUF=1)
  Clock Uncertainty:      0.025ns  ((TSJ^2 + TIJ^2)^1/2 + DJ) / 2 + PE
    Total System Jitter     (TSJ):    0.050ns
    Total Input Jitter      (TIJ):    0.000ns
    Discrete Jitter          (DJ):    0.000ns
    Phase Error              (PE):    0.000ns

    Location             Delay type                Incr(ns)  Path(ns)    Netlist Resource(s)
  -------------------------------------------------------------------    -------------------
                         (clock sys_clk_pin rise edge)
                                                      0.000     0.000 r  
    W5                                                0.000     0.000 r  clk (IN)
                         net (fo=0)                   0.000     0.000    clk
    W5                   IBUF (Prop_ibuf_I_O)         0.226     0.226 r  clk_IBUF_inst/O
                         net (fo=1, routed)           0.631     0.858    clk_IBUF
    BUFGCTRL_X0Y0        BUFG (Prop_bufg_I_O)         0.026     0.884 r  clk_IBUF_BUFG_inst/O
                         net (fo=74, routed)          0.591     1.474    SEVEN_SEGMENT_DISPLAY/DIGIT_SELECTOR/CLK
    SLICE_X62Y15         FDSE                                         r  SEVEN_SEGMENT_DISPLAY/DIGIT_SELECTOR/q_reg[2]/C
  -------------------------------------------------------------------    -------------------
    SLICE_X62Y15         FDSE (Prop_fdse_C_Q)         0.141     1.615 f  SEVEN_SEGMENT_DISPLAY/DIGIT_SELECTOR/q_reg[2]/Q
                         net (fo=8, routed)           0.388     2.003    SEVEN_SEGMENT_DISPLAY/DIGIT_SELECTOR/q_reg[2]_0
    SLICE_X63Y12         LUT1 (Prop_lut1_I0_O)        0.045     2.048 r  SEVEN_SEGMENT_DISPLAY/DIGIT_SELECTOR/AN3_OBUF_inst_i_1/O
                         net (fo=1, routed)           0.560     2.608    AN3_OBUF
    V4                   OBUF (Prop_obuf_I_O)         1.224     3.832 r  AN3_OBUF_inst/O
                         net (fo=0)                   0.000     3.832    AN3
    V4                                                                r  AN3 (OUT)
  -------------------------------------------------------------------    -------------------

Slack:                    inf
  Source:                 SEVEN_SEGMENT_DISPLAY/DIGIT_SELECTOR/q_reg[3]/C
                            (rising edge-triggered cell FDRE clocked by sys_clk_pin  {rise@0.000ns fall@5.000ns period=10.000ns})
  Destination:            CC
                            (output port)
  Path Group:             (none)
  Path Type:              Min at Fast Process Corner
  Data Path Delay:        2.394ns  (logic 1.467ns (61.274%)  route 0.927ns (38.726%))
  Logic Levels:           3  (LUT4=1 LUT5=1 OBUF=1)
  Clock Uncertainty:      0.025ns  ((TSJ^2 + TIJ^2)^1/2 + DJ) / 2 + PE
    Total System Jitter     (TSJ):    0.050ns
    Total Input Jitter      (TIJ):    0.000ns
    Discrete Jitter          (DJ):    0.000ns
    Phase Error              (PE):    0.000ns

    Location             Delay type                Incr(ns)  Path(ns)    Netlist Resource(s)
  -------------------------------------------------------------------    -------------------
                         (clock sys_clk_pin rise edge)
                                                      0.000     0.000 r  
    W5                                                0.000     0.000 r  clk (IN)
                         net (fo=0)                   0.000     0.000    clk
    W5                   IBUF (Prop_ibuf_I_O)         0.226     0.226 r  clk_IBUF_inst/O
                         net (fo=1, routed)           0.631     0.858    clk_IBUF
    BUFGCTRL_X0Y0        BUFG (Prop_bufg_I_O)         0.026     0.884 r  clk_IBUF_BUFG_inst/O
                         net (fo=74, routed)          0.591     1.474    SEVEN_SEGMENT_DISPLAY/DIGIT_SELECTOR/CLK
    SLICE_X63Y15         FDRE                                         r  SEVEN_SEGMENT_DISPLAY/DIGIT_SELECTOR/q_reg[3]/C
  -------------------------------------------------------------------    -------------------
    SLICE_X63Y15         FDRE (Prop_fdre_C_Q)         0.141     1.615 r  SEVEN_SEGMENT_DISPLAY/DIGIT_SELECTOR/q_reg[3]/Q
                         net (fo=8, routed)           0.159     1.775    SEVEN_SEGMENT_DISPLAY/DIGIT_MUX/CA_OBUF_inst_i_4_2
    SLICE_X62Y13         LUT4 (Prop_lut4_I3_O)        0.045     1.820 f  SEVEN_SEGMENT_DISPLAY/DIGIT_MUX/time_digit/O
                         net (fo=7, routed)           0.288     2.107    BIN_TO_BCD/CE
    SLICE_X65Y13         LUT5 (Prop_lut5_I0_O)        0.045     2.152 r  BIN_TO_BCD/CC_OBUF_inst_i_1/O
                         net (fo=1, routed)           0.480     2.632    CC_OBUF
    U8                   OBUF (Prop_obuf_I_O)         1.236     3.868 r  CC_OBUF_inst/O
                         net (fo=0)                   0.000     3.868    CC
    U8                                                                r  CC (OUT)
  -------------------------------------------------------------------    -------------------

Slack:                    inf
  Source:                 BIN_TO_BCD/bcd_out_reg[7]/C
                            (rising edge-triggered cell FDRE clocked by sys_clk_pin  {rise@0.000ns fall@5.000ns period=10.000ns})
  Destination:            CD
                            (output port)
  Path Group:             (none)
  Path Type:              Min at Fast Process Corner
  Data Path Delay:        2.468ns  (logic 1.606ns (65.103%)  route 0.861ns (34.897%))
  Logic Levels:           4  (LUT4=2 LUT5=1 OBUF=1)
  Clock Uncertainty:      0.025ns  ((TSJ^2 + TIJ^2)^1/2 + DJ) / 2 + PE
    Total System Jitter     (TSJ):    0.050ns
    Total Input Jitter      (TIJ):    0.000ns
    Discrete Jitter          (DJ):    0.000ns
    Phase Error              (PE):    0.000ns

    Location             Delay type                Incr(ns)  Path(ns)    Netlist Resource(s)
  -------------------------------------------------------------------    -------------------
                         (clock sys_clk_pin rise edge)
                                                      0.000     0.000 r  
    W5                                                0.000     0.000 r  clk (IN)
                         net (fo=0)                   0.000     0.000    clk
    W5                   IBUF (Prop_ibuf_I_O)         0.226     0.226 r  clk_IBUF_inst/O
                         net (fo=1, routed)           0.631     0.858    clk_IBUF
    BUFGCTRL_X0Y0        BUFG (Prop_bufg_I_O)         0.026     0.884 r  clk_IBUF_BUFG_inst/O
                         net (fo=74, routed)          0.591     1.474    BIN_TO_BCD/CLK
    SLICE_X60Y12         FDRE                                         r  BIN_TO_BCD/bcd_out_reg[7]/C
  -------------------------------------------------------------------    -------------------
    SLICE_X60Y12         FDRE (Prop_fdre_C_Q)         0.164     1.638 r  BIN_TO_BCD/bcd_out_reg[7]/Q
                         net (fo=1, routed)           0.136     1.774    BIN_TO_BCD/bcd_out_reg_n_0_[7]
    SLICE_X61Y12         LUT4 (Prop_lut4_I0_O)        0.045     1.819 r  BIN_TO_BCD/CA_OBUF_inst_i_7/O
                         net (fo=2, routed)           0.140     1.960    BIN_TO_BCD/CA_OBUF_inst_i_7_n_0
    SLICE_X63Y12         LUT5 (Prop_lut5_I2_O)        0.049     2.009 r  BIN_TO_BCD/CA_OBUF_inst_i_2/O
                         net (fo=6, routed)           0.161     2.169    BIN_TO_BCD/CA_OBUF_inst_i_2_n_0
    SLICE_X65Y13         LUT4 (Prop_lut4_I0_O)        0.112     2.281 r  BIN_TO_BCD/CD_OBUF_inst_i_1/O
                         net (fo=1, routed)           0.424     2.705    CD_OBUF
    V8                   OBUF (Prop_obuf_I_O)         1.236     3.942 r  CD_OBUF_inst/O
                         net (fo=0)                   0.000     3.942    CD
    V8                                                                r  CD (OUT)
  -------------------------------------------------------------------    -------------------

Slack:                    inf
  Source:                 BIN_TO_BCD/bcd_out_reg[5]/C
                            (rising edge-triggered cell FDRE clocked by sys_clk_pin  {rise@0.000ns fall@5.000ns period=10.000ns})
  Destination:            CF
                            (output port)
  Path Group:             (none)
  Path Type:              Min at Fast Process Corner
  Data Path Delay:        2.476ns  (logic 1.564ns (63.140%)  route 0.913ns (36.860%))
  Logic Levels:           4  (LUT4=2 LUT5=1 OBUF=1)
  Clock Uncertainty:      0.025ns  ((TSJ^2 + TIJ^2)^1/2 + DJ) / 2 + PE
    Total System Jitter     (TSJ):    0.050ns
    Total Input Jitter      (TIJ):    0.000ns
    Discrete Jitter          (DJ):    0.000ns
    Phase Error              (PE):    0.000ns

    Location             Delay type                Incr(ns)  Path(ns)    Netlist Resource(s)
  -------------------------------------------------------------------    -------------------
                         (clock sys_clk_pin rise edge)
                                                      0.000     0.000 r  
    W5                                                0.000     0.000 r  clk (IN)
                         net (fo=0)                   0.000     0.000    clk
    W5                   IBUF (Prop_ibuf_I_O)         0.226     0.226 r  clk_IBUF_inst/O
                         net (fo=1, routed)           0.631     0.858    clk_IBUF
    BUFGCTRL_X0Y0        BUFG (Prop_bufg_I_O)         0.026     0.884 r  clk_IBUF_BUFG_inst/O
                         net (fo=74, routed)          0.591     1.474    BIN_TO_BCD/CLK
    SLICE_X60Y12         FDRE                                         r  BIN_TO_BCD/bcd_out_reg[5]/C
  -------------------------------------------------------------------    -------------------
    SLICE_X60Y12         FDRE (Prop_fdre_C_Q)         0.164     1.638 r  BIN_TO_BCD/bcd_out_reg[5]/Q
                         net (fo=1, routed)           0.180     1.818    BIN_TO_BCD/bcd_out_reg_n_0_[5]
    SLICE_X59Y12         LUT4 (Prop_lut4_I0_O)        0.045     1.863 r  BIN_TO_BCD/CA_OBUF_inst_i_21/O
                         net (fo=2, routed)           0.156     2.020    BIN_TO_BCD/CA_OBUF_inst_i_21_n_0
    SLICE_X62Y12         LUT5 (Prop_lut5_I4_O)        0.045     2.065 r  BIN_TO_BCD/CA_OBUF_inst_i_5/O
                         net (fo=5, routed)           0.218     2.282    BIN_TO_BCD/CA_OBUF_inst_i_5_n_0
    SLICE_X65Y13         LUT4 (Prop_lut4_I1_O)        0.042     2.324 r  BIN_TO_BCD/CF_OBUF_inst_i_1/O
                         net (fo=1, routed)           0.358     2.683    CF_OBUF
    V5                   OBUF (Prop_obuf_I_O)         1.268     3.950 r  CF_OBUF_inst/O
                         net (fo=0)                   0.000     3.950    CF
    V5                                                                r  CF (OUT)
  -------------------------------------------------------------------    -------------------

Slack:                    inf
  Source:                 SEVEN_SEGMENT_DISPLAY/DIGIT_SELECTOR/q_reg[0]/C
                            (rising edge-triggered cell FDSE clocked by sys_clk_pin  {rise@0.000ns fall@5.000ns period=10.000ns})
  Destination:            AN1
                            (output port)
  Path Group:             (none)
  Path Type:              Min at Fast Process Corner
  Data Path Delay:        2.559ns  (logic 1.457ns (56.938%)  route 1.102ns (43.062%))
  Logic Levels:           2  (LUT1=1 OBUF=1)
  Clock Uncertainty:      0.025ns  ((TSJ^2 + TIJ^2)^1/2 + DJ) / 2 + PE
    Total System Jitter     (TSJ):    0.050ns
    Total Input Jitter      (TIJ):    0.000ns
    Discrete Jitter          (DJ):    0.000ns
    Phase Error              (PE):    0.000ns

    Location             Delay type                Incr(ns)  Path(ns)    Netlist Resource(s)
  -------------------------------------------------------------------    -------------------
                         (clock sys_clk_pin rise edge)
                                                      0.000     0.000 r  
    W5                                                0.000     0.000 r  clk (IN)
                         net (fo=0)                   0.000     0.000    clk
    W5                   IBUF (Prop_ibuf_I_O)         0.226     0.226 r  clk_IBUF_inst/O
                         net (fo=1, routed)           0.631     0.858    clk_IBUF
    BUFGCTRL_X0Y0        BUFG (Prop_bufg_I_O)         0.026     0.884 r  clk_IBUF_BUFG_inst/O
                         net (fo=74, routed)          0.591     1.474    SEVEN_SEGMENT_DISPLAY/DIGIT_SELECTOR/CLK
    SLICE_X62Y15         FDSE                                         r  SEVEN_SEGMENT_DISPLAY/DIGIT_SELECTOR/q_reg[0]/C
  -------------------------------------------------------------------    -------------------
    SLICE_X62Y15         FDSE (Prop_fdse_C_Q)         0.141     1.615 f  SEVEN_SEGMENT_DISPLAY/DIGIT_SELECTOR/q_reg[0]/Q
                         net (fo=10, routed)          0.495     2.110    SEVEN_SEGMENT_DISPLAY/DIGIT_SELECTOR/q_reg[0]_0
    SLICE_X62Y15         LUT1 (Prop_lut1_I0_O)        0.045     2.155 r  SEVEN_SEGMENT_DISPLAY/DIGIT_SELECTOR/AN1_OBUF_inst_i_1/O
                         net (fo=1, routed)           0.607     2.762    AN1_OBUF
    U2                   OBUF (Prop_obuf_I_O)         1.271     4.033 r  AN1_OBUF_inst/O
                         net (fo=0)                   0.000     4.033    AN1
    U2                                                                r  AN1 (OUT)
  -------------------------------------------------------------------    -------------------

Slack:                    inf
  Source:                 BIN_TO_BCD/bcd_out_reg[5]/C
                            (rising edge-triggered cell FDRE clocked by sys_clk_pin  {rise@0.000ns fall@5.000ns period=10.000ns})
  Destination:            CB
                            (output port)
  Path Group:             (none)
  Path Type:              Min at Fast Process Corner
  Data Path Delay:        2.579ns  (logic 1.529ns (59.279%)  route 1.050ns (40.721%))
  Logic Levels:           4  (LUT4=2 LUT5=1 OBUF=1)
  Clock Uncertainty:      0.025ns  ((TSJ^2 + TIJ^2)^1/2 + DJ) / 2 + PE
    Total System Jitter     (TSJ):    0.050ns
    Total Input Jitter      (TIJ):    0.000ns
    Discrete Jitter          (DJ):    0.000ns
    Phase Error              (PE):    0.000ns

    Location             Delay type                Incr(ns)  Path(ns)    Netlist Resource(s)
  -------------------------------------------------------------------    -------------------
                         (clock sys_clk_pin rise edge)
                                                      0.000     0.000 r  
    W5                                                0.000     0.000 r  clk (IN)
                         net (fo=0)                   0.000     0.000    clk
    W5                   IBUF (Prop_ibuf_I_O)         0.226     0.226 r  clk_IBUF_inst/O
                         net (fo=1, routed)           0.631     0.858    clk_IBUF
    BUFGCTRL_X0Y0        BUFG (Prop_bufg_I_O)         0.026     0.884 r  clk_IBUF_BUFG_inst/O
                         net (fo=74, routed)          0.591     1.474    BIN_TO_BCD/CLK
    SLICE_X60Y12         FDRE                                         r  BIN_TO_BCD/bcd_out_reg[5]/C
  -------------------------------------------------------------------    -------------------
    SLICE_X60Y12         FDRE (Prop_fdre_C_Q)         0.164     1.638 r  BIN_TO_BCD/bcd_out_reg[5]/Q
                         net (fo=1, routed)           0.180     1.818    BIN_TO_BCD/bcd_out_reg_n_0_[5]
    SLICE_X59Y12         LUT4 (Prop_lut4_I0_O)        0.045     1.863 r  BIN_TO_BCD/CA_OBUF_inst_i_21/O
                         net (fo=2, routed)           0.156     2.020    BIN_TO_BCD/CA_OBUF_inst_i_21_n_0
    SLICE_X62Y12         LUT5 (Prop_lut5_I4_O)        0.045     2.065 r  BIN_TO_BCD/CA_OBUF_inst_i_5/O
                         net (fo=5, routed)           0.218     2.282    BIN_TO_BCD/CA_OBUF_inst_i_5_n_0
    SLICE_X65Y13         LUT4 (Prop_lut4_I2_O)        0.045     2.327 r  BIN_TO_BCD/CB_OBUF_inst_i_1/O
                         net (fo=1, routed)           0.496     2.823    CB_OBUF
    W6                   OBUF (Prop_obuf_I_O)         1.230     4.054 r  CB_OBUF_inst/O
                         net (fo=0)                   0.000     4.054    CB
    W6                                                                r  CB (OUT)
  -------------------------------------------------------------------    -------------------





--------------------------------------------------------------------------------------
Path Group:  (none)
From Clock:  
  To Clock:  sys_clk_pin

Max Delay           112 Endpoints
Min Delay           112 Endpoints
--------------------------------------------------------------------------------------


Max Delay Paths
--------------------------------------------------------------------------------------
Slack:                    inf
  Source:                 switches_inputs[7]
                            (input port)
  Destination:            BIN_TO_BCD/bcd_out_reg[12]/R
                            (rising edge-triggered cell FDRE clocked by sys_clk_pin  {rise@0.000ns fall@5.000ns period=10.000ns})
  Path Group:             (none)
  Path Type:              Setup (Max at Slow Process Corner)
  Data Path Delay:        7.854ns  (logic 1.831ns (23.312%)  route 6.023ns (76.688%))
  Logic Levels:           4  (IBUF=1 LUT4=1 LUT5=1 LUT6=1)
  Clock Path Skew:        4.856ns (DCD - SCD + CPR)
    Destination Clock Delay (DCD):    4.856ns
    Source Clock Delay      (SCD):    0.000ns
    Clock Pessimism Removal (CPR):    0.000ns
  Clock Uncertainty:      0.025ns  ((TSJ^2 + TIJ^2)^1/2 + DJ) / 2 + PE
    Total System Jitter     (TSJ):    0.050ns
    Total Input Jitter      (TIJ):    0.000ns
    Discrete Jitter          (DJ):    0.000ns
    Phase Error              (PE):    0.000ns

    Location             Delay type                Incr(ns)  Path(ns)    Netlist Resource(s)
  -------------------------------------------------------------------    -------------------
    W13                                               0.000     0.000 r  switches_inputs[7] (IN)
                         net (fo=0)                   0.000     0.000    switches_inputs[7]
    W13                  IBUF (Prop_ibuf_I_O)         1.459     1.459 r  switches_inputs_IBUF[7]_inst/O
                         net (fo=4, routed)           3.359     4.818    BIN_TO_BCD/led_OBUF[7]
    SLICE_X60Y11         LUT4 (Prop_lut4_I3_O)        0.124     4.942 f  BIN_TO_BCD/count[4]_i_4/O
                         net (fo=1, routed)           0.873     5.815    BIN_TO_BCD/count[4]_i_4_n_0
    SLICE_X61Y11         LUT6 (Prop_lut6_I3_O)        0.124     5.939 f  BIN_TO_BCD/count[4]_i_3/O
                         net (fo=14, routed)          0.296     6.235    BIN_TO_BCD/count[4]_i_3_n_0
    SLICE_X61Y11         LUT5 (Prop_lut5_I4_O)        0.124     6.359 r  BIN_TO_BCD/count[4]_i_1/O
                         net (fo=41, routed)          1.494     7.854    BIN_TO_BCD/count[4]_i_1_n_0
    SLICE_X63Y12         FDRE                                         r  BIN_TO_BCD/bcd_out_reg[12]/R
  -------------------------------------------------------------------    -------------------

                         (clock sys_clk_pin rise edge)
                                                      0.000     0.000 r  
    W5                                                0.000     0.000 r  clk (IN)
                         net (fo=0)                   0.000     0.000    clk
    W5                   IBUF (Prop_ibuf_I_O)         1.388     1.388 r  clk_IBUF_inst/O
                         net (fo=1, routed)           1.862     3.250    clk_IBUF
    BUFGCTRL_X0Y0        BUFG (Prop_bufg_I_O)         0.091     3.341 r  clk_IBUF_BUFG_inst/O
                         net (fo=74, routed)          1.515     4.856    BIN_TO_BCD/CLK
    SLICE_X63Y12         FDRE                                         r  BIN_TO_BCD/bcd_out_reg[12]/C

Slack:                    inf
  Source:                 switches_inputs[7]
                            (input port)
  Destination:            BIN_TO_BCD/scratch_reg[25]/R
                            (rising edge-triggered cell FDRE clocked by sys_clk_pin  {rise@0.000ns fall@5.000ns period=10.000ns})
  Path Group:             (none)
  Path Type:              Setup (Max at Slow Process Corner)
  Data Path Delay:        7.711ns  (logic 1.831ns (23.745%)  route 5.880ns (76.255%))
  Logic Levels:           4  (IBUF=1 LUT4=1 LUT5=1 LUT6=1)
  Clock Path Skew:        4.855ns (DCD - SCD + CPR)
    Destination Clock Delay (DCD):    4.855ns
    Source Clock Delay      (SCD):    0.000ns
    Clock Pessimism Removal (CPR):    0.000ns
  Clock Uncertainty:      0.025ns  ((TSJ^2 + TIJ^2)^1/2 + DJ) / 2 + PE
    Total System Jitter     (TSJ):    0.050ns
    Total Input Jitter      (TIJ):    0.000ns
    Discrete Jitter          (DJ):    0.000ns
    Phase Error              (PE):    0.000ns

    Location             Delay type                Incr(ns)  Path(ns)    Netlist Resource(s)
  -------------------------------------------------------------------    -------------------
    W13                                               0.000     0.000 r  switches_inputs[7] (IN)
                         net (fo=0)                   0.000     0.000    switches_inputs[7]
    W13                  IBUF (Prop_ibuf_I_O)         1.459     1.459 r  switches_inputs_IBUF[7]_inst/O
                         net (fo=4, routed)           3.359     4.818    BIN_TO_BCD/led_OBUF[7]
    SLICE_X60Y11         LUT4 (Prop_lut4_I3_O)        0.124     4.942 f  BIN_TO_BCD/count[4]_i_4/O
                         net (fo=1, routed)           0.873     5.815    BIN_TO_BCD/count[4]_i_4_n_0
    SLICE_X61Y11         LUT6 (Prop_lut6_I3_O)        0.124     5.939 f  BIN_TO_BCD/count[4]_i_3/O
                         net (fo=14, routed)          0.296     6.235    BIN_TO_BCD/count[4]_i_3_n_0
    SLICE_X61Y11         LUT5 (Prop_lut5_I4_O)        0.124     6.359 r  BIN_TO_BCD/count[4]_i_1/O
                         net (fo=41, routed)          1.351     7.711    BIN_TO_BCD/count[4]_i_1_n_0
    SLICE_X62Y13         FDRE                                         r  BIN_TO_BCD/scratch_reg[25]/R
  -------------------------------------------------------------------    -------------------

                         (clock sys_clk_pin rise edge)
                                                      0.000     0.000 r  
    W5                                                0.000     0.000 r  clk (IN)
                         net (fo=0)                   0.000     0.000    clk
    W5                   IBUF (Prop_ibuf_I_O)         1.388     1.388 r  clk_IBUF_inst/O
                         net (fo=1, routed)           1.862     3.250    clk_IBUF
    BUFGCTRL_X0Y0        BUFG (Prop_bufg_I_O)         0.091     3.341 r  clk_IBUF_BUFG_inst/O
                         net (fo=74, routed)          1.514     4.855    BIN_TO_BCD/CLK
    SLICE_X62Y13         FDRE                                         r  BIN_TO_BCD/scratch_reg[25]/C

Slack:                    inf
  Source:                 switches_inputs[7]
                            (input port)
  Destination:            BIN_TO_BCD/scratch_reg[26]/R
                            (rising edge-triggered cell FDRE clocked by sys_clk_pin  {rise@0.000ns fall@5.000ns period=10.000ns})
  Path Group:             (none)
  Path Type:              Setup (Max at Slow Process Corner)
  Data Path Delay:        7.711ns  (logic 1.831ns (23.745%)  route 5.880ns (76.255%))
  Logic Levels:           4  (IBUF=1 LUT4=1 LUT5=1 LUT6=1)
  Clock Path Skew:        4.855ns (DCD - SCD + CPR)
    Destination Clock Delay (DCD):    4.855ns
    Source Clock Delay      (SCD):    0.000ns
    Clock Pessimism Removal (CPR):    0.000ns
  Clock Uncertainty:      0.025ns  ((TSJ^2 + TIJ^2)^1/2 + DJ) / 2 + PE
    Total System Jitter     (TSJ):    0.050ns
    Total Input Jitter      (TIJ):    0.000ns
    Discrete Jitter          (DJ):    0.000ns
    Phase Error              (PE):    0.000ns

    Location             Delay type                Incr(ns)  Path(ns)    Netlist Resource(s)
  -------------------------------------------------------------------    -------------------
    W13                                               0.000     0.000 r  switches_inputs[7] (IN)
                         net (fo=0)                   0.000     0.000    switches_inputs[7]
    W13                  IBUF (Prop_ibuf_I_O)         1.459     1.459 r  switches_inputs_IBUF[7]_inst/O
                         net (fo=4, routed)           3.359     4.818    BIN_TO_BCD/led_OBUF[7]
    SLICE_X60Y11         LUT4 (Prop_lut4_I3_O)        0.124     4.942 f  BIN_TO_BCD/count[4]_i_4/O
                         net (fo=1, routed)           0.873     5.815    BIN_TO_BCD/count[4]_i_4_n_0
    SLICE_X61Y11         LUT6 (Prop_lut6_I3_O)        0.124     5.939 f  BIN_TO_BCD/count[4]_i_3/O
                         net (fo=14, routed)          0.296     6.235    BIN_TO_BCD/count[4]_i_3_n_0
    SLICE_X61Y11         LUT5 (Prop_lut5_I4_O)        0.124     6.359 r  BIN_TO_BCD/count[4]_i_1/O
                         net (fo=41, routed)          1.351     7.711    BIN_TO_BCD/count[4]_i_1_n_0
    SLICE_X62Y13         FDRE                                         r  BIN_TO_BCD/scratch_reg[26]/R
  -------------------------------------------------------------------    -------------------

                         (clock sys_clk_pin rise edge)
                                                      0.000     0.000 r  
    W5                                                0.000     0.000 r  clk (IN)
                         net (fo=0)                   0.000     0.000    clk
    W5                   IBUF (Prop_ibuf_I_O)         1.388     1.388 r  clk_IBUF_inst/O
                         net (fo=1, routed)           1.862     3.250    clk_IBUF
    BUFGCTRL_X0Y0        BUFG (Prop_bufg_I_O)         0.091     3.341 r  clk_IBUF_BUFG_inst/O
                         net (fo=74, routed)          1.514     4.855    BIN_TO_BCD/CLK
    SLICE_X62Y13         FDRE                                         r  BIN_TO_BCD/scratch_reg[26]/C

Slack:                    inf
  Source:                 switches_inputs[7]
                            (input port)
  Destination:            BIN_TO_BCD/scratch_reg[27]/R
                            (rising edge-triggered cell FDRE clocked by sys_clk_pin  {rise@0.000ns fall@5.000ns period=10.000ns})
  Path Group:             (none)
  Path Type:              Setup (Max at Slow Process Corner)
  Data Path Delay:        7.711ns  (logic 1.831ns (23.745%)  route 5.880ns (76.255%))
  Logic Levels:           4  (IBUF=1 LUT4=1 LUT5=1 LUT6=1)
  Clock Path Skew:        4.855ns (DCD - SCD + CPR)
    Destination Clock Delay (DCD):    4.855ns
    Source Clock Delay      (SCD):    0.000ns
    Clock Pessimism Removal (CPR):    0.000ns
  Clock Uncertainty:      0.025ns  ((TSJ^2 + TIJ^2)^1/2 + DJ) / 2 + PE
    Total System Jitter     (TSJ):    0.050ns
    Total Input Jitter      (TIJ):    0.000ns
    Discrete Jitter          (DJ):    0.000ns
    Phase Error              (PE):    0.000ns

    Location             Delay type                Incr(ns)  Path(ns)    Netlist Resource(s)
  -------------------------------------------------------------------    -------------------
    W13                                               0.000     0.000 r  switches_inputs[7] (IN)
                         net (fo=0)                   0.000     0.000    switches_inputs[7]
    W13                  IBUF (Prop_ibuf_I_O)         1.459     1.459 r  switches_inputs_IBUF[7]_inst/O
                         net (fo=4, routed)           3.359     4.818    BIN_TO_BCD/led_OBUF[7]
    SLICE_X60Y11         LUT4 (Prop_lut4_I3_O)        0.124     4.942 f  BIN_TO_BCD/count[4]_i_4/O
                         net (fo=1, routed)           0.873     5.815    BIN_TO_BCD/count[4]_i_4_n_0
    SLICE_X61Y11         LUT6 (Prop_lut6_I3_O)        0.124     5.939 f  BIN_TO_BCD/count[4]_i_3/O
                         net (fo=14, routed)          0.296     6.235    BIN_TO_BCD/count[4]_i_3_n_0
    SLICE_X61Y11         LUT5 (Prop_lut5_I4_O)        0.124     6.359 r  BIN_TO_BCD/count[4]_i_1/O
                         net (fo=41, routed)          1.351     7.711    BIN_TO_BCD/count[4]_i_1_n_0
    SLICE_X62Y13         FDRE                                         r  BIN_TO_BCD/scratch_reg[27]/R
  -------------------------------------------------------------------    -------------------

                         (clock sys_clk_pin rise edge)
                                                      0.000     0.000 r  
    W5                                                0.000     0.000 r  clk (IN)
                         net (fo=0)                   0.000     0.000    clk
    W5                   IBUF (Prop_ibuf_I_O)         1.388     1.388 r  clk_IBUF_inst/O
                         net (fo=1, routed)           1.862     3.250    clk_IBUF
    BUFGCTRL_X0Y0        BUFG (Prop_bufg_I_O)         0.091     3.341 r  clk_IBUF_BUFG_inst/O
                         net (fo=74, routed)          1.514     4.855    BIN_TO_BCD/CLK
    SLICE_X62Y13         FDRE                                         r  BIN_TO_BCD/scratch_reg[27]/C

Slack:                    inf
  Source:                 switches_inputs[7]
                            (input port)
  Destination:            BIN_TO_BCD/scratch_reg[28]/R
                            (rising edge-triggered cell FDRE clocked by sys_clk_pin  {rise@0.000ns fall@5.000ns period=10.000ns})
  Path Group:             (none)
  Path Type:              Setup (Max at Slow Process Corner)
  Data Path Delay:        7.711ns  (logic 1.831ns (23.745%)  route 5.880ns (76.255%))
  Logic Levels:           4  (IBUF=1 LUT4=1 LUT5=1 LUT6=1)
  Clock Path Skew:        4.855ns (DCD - SCD + CPR)
    Destination Clock Delay (DCD):    4.855ns
    Source Clock Delay      (SCD):    0.000ns
    Clock Pessimism Removal (CPR):    0.000ns
  Clock Uncertainty:      0.025ns  ((TSJ^2 + TIJ^2)^1/2 + DJ) / 2 + PE
    Total System Jitter     (TSJ):    0.050ns
    Total Input Jitter      (TIJ):    0.000ns
    Discrete Jitter          (DJ):    0.000ns
    Phase Error              (PE):    0.000ns

    Location             Delay type                Incr(ns)  Path(ns)    Netlist Resource(s)
  -------------------------------------------------------------------    -------------------
    W13                                               0.000     0.000 r  switches_inputs[7] (IN)
                         net (fo=0)                   0.000     0.000    switches_inputs[7]
    W13                  IBUF (Prop_ibuf_I_O)         1.459     1.459 r  switches_inputs_IBUF[7]_inst/O
                         net (fo=4, routed)           3.359     4.818    BIN_TO_BCD/led_OBUF[7]
    SLICE_X60Y11         LUT4 (Prop_lut4_I3_O)        0.124     4.942 f  BIN_TO_BCD/count[4]_i_4/O
                         net (fo=1, routed)           0.873     5.815    BIN_TO_BCD/count[4]_i_4_n_0
    SLICE_X61Y11         LUT6 (Prop_lut6_I3_O)        0.124     5.939 f  BIN_TO_BCD/count[4]_i_3/O
                         net (fo=14, routed)          0.296     6.235    BIN_TO_BCD/count[4]_i_3_n_0
    SLICE_X61Y11         LUT5 (Prop_lut5_I4_O)        0.124     6.359 r  BIN_TO_BCD/count[4]_i_1/O
                         net (fo=41, routed)          1.351     7.711    BIN_TO_BCD/count[4]_i_1_n_0
    SLICE_X62Y13         FDRE                                         r  BIN_TO_BCD/scratch_reg[28]/R
  -------------------------------------------------------------------    -------------------

                         (clock sys_clk_pin rise edge)
                                                      0.000     0.000 r  
    W5                                                0.000     0.000 r  clk (IN)
                         net (fo=0)                   0.000     0.000    clk
    W5                   IBUF (Prop_ibuf_I_O)         1.388     1.388 r  clk_IBUF_inst/O
                         net (fo=1, routed)           1.862     3.250    clk_IBUF
    BUFGCTRL_X0Y0        BUFG (Prop_bufg_I_O)         0.091     3.341 r  clk_IBUF_BUFG_inst/O
                         net (fo=74, routed)          1.514     4.855    BIN_TO_BCD/CLK
    SLICE_X62Y13         FDRE                                         r  BIN_TO_BCD/scratch_reg[28]/C

Slack:                    inf
  Source:                 switches_inputs[7]
                            (input port)
  Destination:            BIN_TO_BCD/scratch_reg[29]/R
                            (rising edge-triggered cell FDRE clocked by sys_clk_pin  {rise@0.000ns fall@5.000ns period=10.000ns})
  Path Group:             (none)
  Path Type:              Setup (Max at Slow Process Corner)
  Data Path Delay:        7.706ns  (logic 1.831ns (23.758%)  route 5.875ns (76.242%))
  Logic Levels:           4  (IBUF=1 LUT4=1 LUT5=1 LUT6=1)
  Clock Path Skew:        4.855ns (DCD - SCD + CPR)
    Destination Clock Delay (DCD):    4.855ns
    Source Clock Delay      (SCD):    0.000ns
    Clock Pessimism Removal (CPR):    0.000ns
  Clock Uncertainty:      0.025ns  ((TSJ^2 + TIJ^2)^1/2 + DJ) / 2 + PE
    Total System Jitter     (TSJ):    0.050ns
    Total Input Jitter      (TIJ):    0.000ns
    Discrete Jitter          (DJ):    0.000ns
    Phase Error              (PE):    0.000ns

    Location             Delay type                Incr(ns)  Path(ns)    Netlist Resource(s)
  -------------------------------------------------------------------    -------------------
    W13                                               0.000     0.000 r  switches_inputs[7] (IN)
                         net (fo=0)                   0.000     0.000    switches_inputs[7]
    W13                  IBUF (Prop_ibuf_I_O)         1.459     1.459 r  switches_inputs_IBUF[7]_inst/O
                         net (fo=4, routed)           3.359     4.818    BIN_TO_BCD/led_OBUF[7]
    SLICE_X60Y11         LUT4 (Prop_lut4_I3_O)        0.124     4.942 f  BIN_TO_BCD/count[4]_i_4/O
                         net (fo=1, routed)           0.873     5.815    BIN_TO_BCD/count[4]_i_4_n_0
    SLICE_X61Y11         LUT6 (Prop_lut6_I3_O)        0.124     5.939 f  BIN_TO_BCD/count[4]_i_3/O
                         net (fo=14, routed)          0.296     6.235    BIN_TO_BCD/count[4]_i_3_n_0
    SLICE_X61Y11         LUT5 (Prop_lut5_I4_O)        0.124     6.359 r  BIN_TO_BCD/count[4]_i_1/O
                         net (fo=41, routed)          1.347     7.706    BIN_TO_BCD/count[4]_i_1_n_0
    SLICE_X63Y13         FDRE                                         r  BIN_TO_BCD/scratch_reg[29]/R
  -------------------------------------------------------------------    -------------------

                         (clock sys_clk_pin rise edge)
                                                      0.000     0.000 r  
    W5                                                0.000     0.000 r  clk (IN)
                         net (fo=0)                   0.000     0.000    clk
    W5                   IBUF (Prop_ibuf_I_O)         1.388     1.388 r  clk_IBUF_inst/O
                         net (fo=1, routed)           1.862     3.250    clk_IBUF
    BUFGCTRL_X0Y0        BUFG (Prop_bufg_I_O)         0.091     3.341 r  clk_IBUF_BUFG_inst/O
                         net (fo=74, routed)          1.514     4.855    BIN_TO_BCD/CLK
    SLICE_X63Y13         FDRE                                         r  BIN_TO_BCD/scratch_reg[29]/C

Slack:                    inf
  Source:                 switches_inputs[7]
                            (input port)
  Destination:            BIN_TO_BCD/scratch_reg[30]/R
                            (rising edge-triggered cell FDRE clocked by sys_clk_pin  {rise@0.000ns fall@5.000ns period=10.000ns})
  Path Group:             (none)
  Path Type:              Setup (Max at Slow Process Corner)
  Data Path Delay:        7.706ns  (logic 1.831ns (23.758%)  route 5.875ns (76.242%))
  Logic Levels:           4  (IBUF=1 LUT4=1 LUT5=1 LUT6=1)
  Clock Path Skew:        4.855ns (DCD - SCD + CPR)
    Destination Clock Delay (DCD):    4.855ns
    Source Clock Delay      (SCD):    0.000ns
    Clock Pessimism Removal (CPR):    0.000ns
  Clock Uncertainty:      0.025ns  ((TSJ^2 + TIJ^2)^1/2 + DJ) / 2 + PE
    Total System Jitter     (TSJ):    0.050ns
    Total Input Jitter      (TIJ):    0.000ns
    Discrete Jitter          (DJ):    0.000ns
    Phase Error              (PE):    0.000ns

    Location             Delay type                Incr(ns)  Path(ns)    Netlist Resource(s)
  -------------------------------------------------------------------    -------------------
    W13                                               0.000     0.000 r  switches_inputs[7] (IN)
                         net (fo=0)                   0.000     0.000    switches_inputs[7]
    W13                  IBUF (Prop_ibuf_I_O)         1.459     1.459 r  switches_inputs_IBUF[7]_inst/O
                         net (fo=4, routed)           3.359     4.818    BIN_TO_BCD/led_OBUF[7]
    SLICE_X60Y11         LUT4 (Prop_lut4_I3_O)        0.124     4.942 f  BIN_TO_BCD/count[4]_i_4/O
                         net (fo=1, routed)           0.873     5.815    BIN_TO_BCD/count[4]_i_4_n_0
    SLICE_X61Y11         LUT6 (Prop_lut6_I3_O)        0.124     5.939 f  BIN_TO_BCD/count[4]_i_3/O
                         net (fo=14, routed)          0.296     6.235    BIN_TO_BCD/count[4]_i_3_n_0
    SLICE_X61Y11         LUT5 (Prop_lut5_I4_O)        0.124     6.359 r  BIN_TO_BCD/count[4]_i_1/O
                         net (fo=41, routed)          1.347     7.706    BIN_TO_BCD/count[4]_i_1_n_0
    SLICE_X63Y13         FDRE                                         r  BIN_TO_BCD/scratch_reg[30]/R
  -------------------------------------------------------------------    -------------------

                         (clock sys_clk_pin rise edge)
                                                      0.000     0.000 r  
    W5                                                0.000     0.000 r  clk (IN)
                         net (fo=0)                   0.000     0.000    clk
    W5                   IBUF (Prop_ibuf_I_O)         1.388     1.388 r  clk_IBUF_inst/O
                         net (fo=1, routed)           1.862     3.250    clk_IBUF
    BUFGCTRL_X0Y0        BUFG (Prop_bufg_I_O)         0.091     3.341 r  clk_IBUF_BUFG_inst/O
                         net (fo=74, routed)          1.514     4.855    BIN_TO_BCD/CLK
    SLICE_X63Y13         FDRE                                         r  BIN_TO_BCD/scratch_reg[30]/C

Slack:                    inf
  Source:                 switches_inputs[7]
                            (input port)
  Destination:            BIN_TO_BCD/scratch_reg[31]/R
                            (rising edge-triggered cell FDRE clocked by sys_clk_pin  {rise@0.000ns fall@5.000ns period=10.000ns})
  Path Group:             (none)
  Path Type:              Setup (Max at Slow Process Corner)
  Data Path Delay:        7.706ns  (logic 1.831ns (23.758%)  route 5.875ns (76.242%))
  Logic Levels:           4  (IBUF=1 LUT4=1 LUT5=1 LUT6=1)
  Clock Path Skew:        4.855ns (DCD - SCD + CPR)
    Destination Clock Delay (DCD):    4.855ns
    Source Clock Delay      (SCD):    0.000ns
    Clock Pessimism Removal (CPR):    0.000ns
  Clock Uncertainty:      0.025ns  ((TSJ^2 + TIJ^2)^1/2 + DJ) / 2 + PE
    Total System Jitter     (TSJ):    0.050ns
    Total Input Jitter      (TIJ):    0.000ns
    Discrete Jitter          (DJ):    0.000ns
    Phase Error              (PE):    0.000ns

    Location             Delay type                Incr(ns)  Path(ns)    Netlist Resource(s)
  -------------------------------------------------------------------    -------------------
    W13                                               0.000     0.000 r  switches_inputs[7] (IN)
                         net (fo=0)                   0.000     0.000    switches_inputs[7]
    W13                  IBUF (Prop_ibuf_I_O)         1.459     1.459 r  switches_inputs_IBUF[7]_inst/O
                         net (fo=4, routed)           3.359     4.818    BIN_TO_BCD/led_OBUF[7]
    SLICE_X60Y11         LUT4 (Prop_lut4_I3_O)        0.124     4.942 f  BIN_TO_BCD/count[4]_i_4/O
                         net (fo=1, routed)           0.873     5.815    BIN_TO_BCD/count[4]_i_4_n_0
    SLICE_X61Y11         LUT6 (Prop_lut6_I3_O)        0.124     5.939 f  BIN_TO_BCD/count[4]_i_3/O
                         net (fo=14, routed)          0.296     6.235    BIN_TO_BCD/count[4]_i_3_n_0
    SLICE_X61Y11         LUT5 (Prop_lut5_I4_O)        0.124     6.359 r  BIN_TO_BCD/count[4]_i_1/O
                         net (fo=41, routed)          1.347     7.706    BIN_TO_BCD/count[4]_i_1_n_0
    SLICE_X63Y13         FDRE                                         r  BIN_TO_BCD/scratch_reg[31]/R
  -------------------------------------------------------------------    -------------------

                         (clock sys_clk_pin rise edge)
                                                      0.000     0.000 r  
    W5                                                0.000     0.000 r  clk (IN)
                         net (fo=0)                   0.000     0.000    clk
    W5                   IBUF (Prop_ibuf_I_O)         1.388     1.388 r  clk_IBUF_inst/O
                         net (fo=1, routed)           1.862     3.250    clk_IBUF
    BUFGCTRL_X0Y0        BUFG (Prop_bufg_I_O)         0.091     3.341 r  clk_IBUF_BUFG_inst/O
                         net (fo=74, routed)          1.514     4.855    BIN_TO_BCD/CLK
    SLICE_X63Y13         FDRE                                         r  BIN_TO_BCD/scratch_reg[31]/C

Slack:                    inf
  Source:                 switches_inputs[7]
                            (input port)
  Destination:            BIN_TO_BCD/bcd_out_reg[10]/D
                            (rising edge-triggered cell FDRE clocked by sys_clk_pin  {rise@0.000ns fall@5.000ns period=10.000ns})
  Path Group:             (none)
  Path Type:              Setup (Max at Slow Process Corner)
  Data Path Delay:        7.563ns  (logic 1.831ns (24.210%)  route 5.732ns (75.790%))
  Logic Levels:           4  (IBUF=1 LUT4=1 LUT5=1 LUT6=1)
  Clock Path Skew:        4.854ns (DCD - SCD + CPR)
    Destination Clock Delay (DCD):    4.854ns
    Source Clock Delay      (SCD):    0.000ns
    Clock Pessimism Removal (CPR):    0.000ns
  Clock Uncertainty:      0.025ns  ((TSJ^2 + TIJ^2)^1/2 + DJ) / 2 + PE
    Total System Jitter     (TSJ):    0.050ns
    Total Input Jitter      (TIJ):    0.000ns
    Discrete Jitter          (DJ):    0.000ns
    Phase Error              (PE):    0.000ns

    Location             Delay type                Incr(ns)  Path(ns)    Netlist Resource(s)
  -------------------------------------------------------------------    -------------------
    W13                                               0.000     0.000 r  switches_inputs[7] (IN)
                         net (fo=0)                   0.000     0.000    switches_inputs[7]
    W13                  IBUF (Prop_ibuf_I_O)         1.459     1.459 r  switches_inputs_IBUF[7]_inst/O
                         net (fo=4, routed)           3.359     4.818    BIN_TO_BCD/led_OBUF[7]
    SLICE_X60Y11         LUT4 (Prop_lut4_I3_O)        0.124     4.942 f  BIN_TO_BCD/count[4]_i_4/O
                         net (fo=1, routed)           0.873     5.815    BIN_TO_BCD/count[4]_i_4_n_0
    SLICE_X61Y11         LUT6 (Prop_lut6_I3_O)        0.124     5.939 f  BIN_TO_BCD/count[4]_i_3/O
                         net (fo=14, routed)          1.499     7.439    BIN_TO_BCD/count[4]_i_3_n_0
    SLICE_X61Y13         LUT5 (Prop_lut5_I4_O)        0.124     7.563 r  BIN_TO_BCD/bcd_out[10]_i_1/O
                         net (fo=1, routed)           0.000     7.563    BIN_TO_BCD/bcd_out[10]_i_1_n_0
    SLICE_X61Y13         FDRE                                         r  BIN_TO_BCD/bcd_out_reg[10]/D
  -------------------------------------------------------------------    -------------------

                         (clock sys_clk_pin rise edge)
                                                      0.000     0.000 r  
    W5                                                0.000     0.000 r  clk (IN)
                         net (fo=0)                   0.000     0.000    clk
    W5                   IBUF (Prop_ibuf_I_O)         1.388     1.388 r  clk_IBUF_inst/O
                         net (fo=1, routed)           1.862     3.250    clk_IBUF
    BUFGCTRL_X0Y0        BUFG (Prop_bufg_I_O)         0.091     3.341 r  clk_IBUF_BUFG_inst/O
                         net (fo=74, routed)          1.513     4.854    BIN_TO_BCD/CLK
    SLICE_X61Y13         FDRE                                         r  BIN_TO_BCD/bcd_out_reg[10]/C

Slack:                    inf
  Source:                 switches_inputs[7]
                            (input port)
  Destination:            BIN_TO_BCD/bcd_out_reg[11]/D
                            (rising edge-triggered cell FDRE clocked by sys_clk_pin  {rise@0.000ns fall@5.000ns period=10.000ns})
  Path Group:             (none)
  Path Type:              Setup (Max at Slow Process Corner)
  Data Path Delay:        7.561ns  (logic 1.831ns (24.216%)  route 5.730ns (75.784%))
  Logic Levels:           4  (IBUF=1 LUT4=1 LUT5=1 LUT6=1)
  Clock Path Skew:        4.854ns (DCD - SCD + CPR)
    Destination Clock Delay (DCD):    4.854ns
    Source Clock Delay      (SCD):    0.000ns
    Clock Pessimism Removal (CPR):    0.000ns
  Clock Uncertainty:      0.025ns  ((TSJ^2 + TIJ^2)^1/2 + DJ) / 2 + PE
    Total System Jitter     (TSJ):    0.050ns
    Total Input Jitter      (TIJ):    0.000ns
    Discrete Jitter          (DJ):    0.000ns
    Phase Error              (PE):    0.000ns

    Location             Delay type                Incr(ns)  Path(ns)    Netlist Resource(s)
  -------------------------------------------------------------------    -------------------
    W13                                               0.000     0.000 r  switches_inputs[7] (IN)
                         net (fo=0)                   0.000     0.000    switches_inputs[7]
    W13                  IBUF (Prop_ibuf_I_O)         1.459     1.459 r  switches_inputs_IBUF[7]_inst/O
                         net (fo=4, routed)           3.359     4.818    BIN_TO_BCD/led_OBUF[7]
    SLICE_X60Y11         LUT4 (Prop_lut4_I3_O)        0.124     4.942 f  BIN_TO_BCD/count[4]_i_4/O
                         net (fo=1, routed)           0.873     5.815    BIN_TO_BCD/count[4]_i_4_n_0
    SLICE_X61Y11         LUT6 (Prop_lut6_I3_O)        0.124     5.939 f  BIN_TO_BCD/count[4]_i_3/O
                         net (fo=14, routed)          1.497     7.437    BIN_TO_BCD/count[4]_i_3_n_0
    SLICE_X61Y13         LUT5 (Prop_lut5_I4_O)        0.124     7.561 r  BIN_TO_BCD/bcd_out[11]_i_1/O
                         net (fo=1, routed)           0.000     7.561    BIN_TO_BCD/bcd_out[11]_i_1_n_0
    SLICE_X61Y13         FDRE                                         r  BIN_TO_BCD/bcd_out_reg[11]/D
  -------------------------------------------------------------------    -------------------

                         (clock sys_clk_pin rise edge)
                                                      0.000     0.000 r  
    W5                                                0.000     0.000 r  clk (IN)
                         net (fo=0)                   0.000     0.000    clk
    W5                   IBUF (Prop_ibuf_I_O)         1.388     1.388 r  clk_IBUF_inst/O
                         net (fo=1, routed)           1.862     3.250    clk_IBUF
    BUFGCTRL_X0Y0        BUFG (Prop_bufg_I_O)         0.091     3.341 r  clk_IBUF_BUFG_inst/O
                         net (fo=74, routed)          1.513     4.854    BIN_TO_BCD/CLK
    SLICE_X61Y13         FDRE                                         r  BIN_TO_BCD/bcd_out_reg[11]/C





Min Delay Paths
--------------------------------------------------------------------------------------
Slack:                    inf
  Source:                 switches_inputs[8]
                            (input port)
  Destination:            BIN_TO_BCD/scratch_reg[8]/D
                            (rising edge-triggered cell FDRE clocked by sys_clk_pin  {rise@0.000ns fall@5.000ns period=10.000ns})
  Path Group:             (none)
  Path Type:              Hold (Min at Fast Process Corner)
  Data Path Delay:        0.987ns  (logic 0.268ns (27.122%)  route 0.719ns (72.878%))
  Logic Levels:           2  (IBUF=1 LUT4=1)
  Clock Path Skew:        1.989ns (DCD - SCD - CPR)
    Destination Clock Delay (DCD):    1.989ns
    Source Clock Delay      (SCD):    0.000ns
    Clock Pessimism Removal (CPR):    -0.000ns

    Location             Delay type                Incr(ns)  Path(ns)    Netlist Resource(s)
  -------------------------------------------------------------------    -------------------
    V2                                                0.000     0.000 r  switches_inputs[8] (IN)
                         net (fo=0)                   0.000     0.000    switches_inputs[8]
    V2                   IBUF (Prop_ibuf_I_O)         0.223     0.223 r  switches_inputs_IBUF[8]_inst/O
                         net (fo=4, routed)           0.719     0.942    BIN_TO_BCD/led_OBUF[8]
    SLICE_X59Y10         LUT4 (Prop_lut4_I3_O)        0.045     0.987 r  BIN_TO_BCD/scratch[8]_i_1/O
                         net (fo=1, routed)           0.000     0.987    BIN_TO_BCD/next_scratch[8]
    SLICE_X59Y10         FDRE                                         r  BIN_TO_BCD/scratch_reg[8]/D
  -------------------------------------------------------------------    -------------------

                         (clock sys_clk_pin rise edge)
                                                      0.000     0.000 r  
    W5                                                0.000     0.000 r  clk (IN)
                         net (fo=0)                   0.000     0.000    clk
    W5                   IBUF (Prop_ibuf_I_O)         0.414     0.414 r  clk_IBUF_inst/O
                         net (fo=1, routed)           0.685     1.099    clk_IBUF
    BUFGCTRL_X0Y0        BUFG (Prop_bufg_I_O)         0.029     1.128 r  clk_IBUF_BUFG_inst/O
                         net (fo=74, routed)          0.862     1.989    BIN_TO_BCD/CLK
    SLICE_X59Y10         FDRE                                         r  BIN_TO_BCD/scratch_reg[8]/C

Slack:                    inf
  Source:                 switches_inputs[15]
                            (input port)
  Destination:            BIN_TO_BCD/bcd_out_reg[15]/D
                            (rising edge-triggered cell FDRE clocked by sys_clk_pin  {rise@0.000ns fall@5.000ns period=10.000ns})
  Path Group:             (none)
  Path Type:              Hold (Min at Fast Process Corner)
  Data Path Delay:        1.165ns  (logic 0.269ns (23.116%)  route 0.896ns (76.884%))
  Logic Levels:           2  (IBUF=1 LUT5=1)
  Clock Path Skew:        1.986ns (DCD - SCD - CPR)
    Destination Clock Delay (DCD):    1.986ns
    Source Clock Delay      (SCD):    0.000ns
    Clock Pessimism Removal (CPR):    -0.000ns

    Location             Delay type                Incr(ns)  Path(ns)    Netlist Resource(s)
  -------------------------------------------------------------------    -------------------
    R2                                                0.000     0.000 r  switches_inputs[15] (IN)
                         net (fo=0)                   0.000     0.000    switches_inputs[15]
    R2                   IBUF (Prop_ibuf_I_O)         0.224     0.224 r  switches_inputs_IBUF[15]_inst/O
                         net (fo=16, routed)          0.896     1.120    BIN_TO_BCD/led_OBUF[15]
    SLICE_X61Y13         LUT5 (Prop_lut5_I1_O)        0.045     1.165 r  BIN_TO_BCD/bcd_out[15]_i_2/O
                         net (fo=1, routed)           0.000     1.165    BIN_TO_BCD/bcd_out[15]_i_2_n_0
    SLICE_X61Y13         FDRE                                         r  BIN_TO_BCD/bcd_out_reg[15]/D
  -------------------------------------------------------------------    -------------------

                         (clock sys_clk_pin rise edge)
                                                      0.000     0.000 r  
    W5                                                0.000     0.000 r  clk (IN)
                         net (fo=0)                   0.000     0.000    clk
    W5                   IBUF (Prop_ibuf_I_O)         0.414     0.414 r  clk_IBUF_inst/O
                         net (fo=1, routed)           0.685     1.099    clk_IBUF
    BUFGCTRL_X0Y0        BUFG (Prop_bufg_I_O)         0.029     1.128 r  clk_IBUF_BUFG_inst/O
                         net (fo=74, routed)          0.859     1.986    BIN_TO_BCD/CLK
    SLICE_X61Y13         FDRE                                         r  BIN_TO_BCD/bcd_out_reg[15]/C

Slack:                    inf
  Source:                 switches_inputs[15]
                            (input port)
  Destination:            BIN_TO_BCD/bcd_out_reg[10]/D
                            (rising edge-triggered cell FDRE clocked by sys_clk_pin  {rise@0.000ns fall@5.000ns period=10.000ns})
  Path Group:             (none)
  Path Type:              Hold (Min at Fast Process Corner)
  Data Path Delay:        1.166ns  (logic 0.269ns (23.096%)  route 0.897ns (76.904%))
  Logic Levels:           2  (IBUF=1 LUT5=1)
  Clock Path Skew:        1.986ns (DCD - SCD - CPR)
    Destination Clock Delay (DCD):    1.986ns
    Source Clock Delay      (SCD):    0.000ns
    Clock Pessimism Removal (CPR):    -0.000ns

    Location             Delay type                Incr(ns)  Path(ns)    Netlist Resource(s)
  -------------------------------------------------------------------    -------------------
    R2                                                0.000     0.000 r  switches_inputs[15] (IN)
                         net (fo=0)                   0.000     0.000    switches_inputs[15]
    R2                   IBUF (Prop_ibuf_I_O)         0.224     0.224 r  switches_inputs_IBUF[15]_inst/O
                         net (fo=16, routed)          0.897     1.121    BIN_TO_BCD/led_OBUF[15]
    SLICE_X61Y13         LUT5 (Prop_lut5_I1_O)        0.045     1.166 r  BIN_TO_BCD/bcd_out[10]_i_1/O
                         net (fo=1, routed)           0.000     1.166    BIN_TO_BCD/bcd_out[10]_i_1_n_0
    SLICE_X61Y13         FDRE                                         r  BIN_TO_BCD/bcd_out_reg[10]/D
  -------------------------------------------------------------------    -------------------

                         (clock sys_clk_pin rise edge)
                                                      0.000     0.000 r  
    W5                                                0.000     0.000 r  clk (IN)
                         net (fo=0)                   0.000     0.000    clk
    W5                   IBUF (Prop_ibuf_I_O)         0.414     0.414 r  clk_IBUF_inst/O
                         net (fo=1, routed)           0.685     1.099    clk_IBUF
    BUFGCTRL_X0Y0        BUFG (Prop_bufg_I_O)         0.029     1.128 r  clk_IBUF_BUFG_inst/O
                         net (fo=74, routed)          0.859     1.986    BIN_TO_BCD/CLK
    SLICE_X61Y13         FDRE                                         r  BIN_TO_BCD/bcd_out_reg[10]/C

Slack:                    inf
  Source:                 switches_inputs[13]
                            (input port)
  Destination:            BIN_TO_BCD/bcd_out_reg[5]/D
                            (rising edge-triggered cell FDRE clocked by sys_clk_pin  {rise@0.000ns fall@5.000ns period=10.000ns})
  Path Group:             (none)
  Path Type:              Hold (Min at Fast Process Corner)
  Data Path Delay:        1.191ns  (logic 0.266ns (22.326%)  route 0.925ns (77.674%))
  Logic Levels:           2  (IBUF=1 LUT5=1)
  Clock Path Skew:        1.987ns (DCD - SCD - CPR)
    Destination Clock Delay (DCD):    1.987ns
    Source Clock Delay      (SCD):    0.000ns
    Clock Pessimism Removal (CPR):    -0.000ns

    Location             Delay type                Incr(ns)  Path(ns)    Netlist Resource(s)
  -------------------------------------------------------------------    -------------------
    U1                                                0.000     0.000 r  switches_inputs[13] (IN)
                         net (fo=0)                   0.000     0.000    switches_inputs[13]
    U1                   IBUF (Prop_ibuf_I_O)         0.221     0.221 r  switches_inputs_IBUF[13]_inst/O
                         net (fo=17, routed)          0.925     1.146    BIN_TO_BCD/led_OBUF[13]
    SLICE_X60Y12         LUT5 (Prop_lut5_I3_O)        0.045     1.191 r  BIN_TO_BCD/bcd_out[5]_i_1/O
                         net (fo=1, routed)           0.000     1.191    BIN_TO_BCD/bcd_out[5]_i_1_n_0
    SLICE_X60Y12         FDRE                                         r  BIN_TO_BCD/bcd_out_reg[5]/D
  -------------------------------------------------------------------    -------------------

                         (clock sys_clk_pin rise edge)
                                                      0.000     0.000 r  
    W5                                                0.000     0.000 r  clk (IN)
                         net (fo=0)                   0.000     0.000    clk
    W5                   IBUF (Prop_ibuf_I_O)         0.414     0.414 r  clk_IBUF_inst/O
                         net (fo=1, routed)           0.685     1.099    clk_IBUF
    BUFGCTRL_X0Y0        BUFG (Prop_bufg_I_O)         0.029     1.128 r  clk_IBUF_BUFG_inst/O
                         net (fo=74, routed)          0.860     1.987    BIN_TO_BCD/CLK
    SLICE_X60Y12         FDRE                                         r  BIN_TO_BCD/bcd_out_reg[5]/C

Slack:                    inf
  Source:                 switches_inputs[12]
                            (input port)
  Destination:            BIN_TO_BCD/scratch_reg[12]/D
                            (rising edge-triggered cell FDRE clocked by sys_clk_pin  {rise@0.000ns fall@5.000ns period=10.000ns})
  Path Group:             (none)
  Path Type:              Hold (Min at Fast Process Corner)
  Data Path Delay:        1.192ns  (logic 0.282ns (23.635%)  route 0.910ns (76.365%))
  Logic Levels:           2  (IBUF=1 LUT4=1)
  Clock Path Skew:        1.989ns (DCD - SCD - CPR)
    Destination Clock Delay (DCD):    1.989ns
    Source Clock Delay      (SCD):    0.000ns
    Clock Pessimism Removal (CPR):    -0.000ns

    Location             Delay type                Incr(ns)  Path(ns)    Netlist Resource(s)
  -------------------------------------------------------------------    -------------------
    W2                                                0.000     0.000 r  switches_inputs[12] (IN)
                         net (fo=0)                   0.000     0.000    switches_inputs[12]
    W2                   IBUF (Prop_ibuf_I_O)         0.237     0.237 r  switches_inputs_IBUF[12]_inst/O
                         net (fo=4, routed)           0.910     1.147    BIN_TO_BCD/led_OBUF[12]
    SLICE_X60Y10         LUT4 (Prop_lut4_I3_O)        0.045     1.192 r  BIN_TO_BCD/scratch[12]_i_1/O
                         net (fo=1, routed)           0.000     1.192    BIN_TO_BCD/next_scratch[12]
    SLICE_X60Y10         FDRE                                         r  BIN_TO_BCD/scratch_reg[12]/D
  -------------------------------------------------------------------    -------------------

                         (clock sys_clk_pin rise edge)
                                                      0.000     0.000 r  
    W5                                                0.000     0.000 r  clk (IN)
                         net (fo=0)                   0.000     0.000    clk
    W5                   IBUF (Prop_ibuf_I_O)         0.414     0.414 r  clk_IBUF_inst/O
                         net (fo=1, routed)           0.685     1.099    clk_IBUF
    BUFGCTRL_X0Y0        BUFG (Prop_bufg_I_O)         0.029     1.128 r  clk_IBUF_BUFG_inst/O
                         net (fo=74, routed)          0.862     1.989    BIN_TO_BCD/CLK
    SLICE_X60Y10         FDRE                                         r  BIN_TO_BCD/scratch_reg[12]/C

Slack:                    inf
  Source:                 switches_inputs[15]
                            (input port)
  Destination:            BIN_TO_BCD/bcd_out_reg[7]/D
                            (rising edge-triggered cell FDRE clocked by sys_clk_pin  {rise@0.000ns fall@5.000ns period=10.000ns})
  Path Group:             (none)
  Path Type:              Hold (Min at Fast Process Corner)
  Data Path Delay:        1.194ns  (logic 0.269ns (22.559%)  route 0.924ns (77.441%))
  Logic Levels:           2  (IBUF=1 LUT5=1)
  Clock Path Skew:        1.987ns (DCD - SCD - CPR)
    Destination Clock Delay (DCD):    1.987ns
    Source Clock Delay      (SCD):    0.000ns
    Clock Pessimism Removal (CPR):    -0.000ns

    Location             Delay type                Incr(ns)  Path(ns)    Netlist Resource(s)
  -------------------------------------------------------------------    -------------------
    R2                                                0.000     0.000 r  switches_inputs[15] (IN)
                         net (fo=0)                   0.000     0.000    switches_inputs[15]
    R2                   IBUF (Prop_ibuf_I_O)         0.224     0.224 r  switches_inputs_IBUF[15]_inst/O
                         net (fo=16, routed)          0.924     1.149    BIN_TO_BCD/led_OBUF[15]
    SLICE_X60Y12         LUT5 (Prop_lut5_I1_O)        0.045     1.194 r  BIN_TO_BCD/bcd_out[7]_i_1/O
                         net (fo=1, routed)           0.000     1.194    BIN_TO_BCD/bcd_out[7]_i_1_n_0
    SLICE_X60Y12         FDRE                                         r  BIN_TO_BCD/bcd_out_reg[7]/D
  -------------------------------------------------------------------    -------------------

                         (clock sys_clk_pin rise edge)
                                                      0.000     0.000 r  
    W5                                                0.000     0.000 r  clk (IN)
                         net (fo=0)                   0.000     0.000    clk
    W5                   IBUF (Prop_ibuf_I_O)         0.414     0.414 r  clk_IBUF_inst/O
                         net (fo=1, routed)           0.685     1.099    clk_IBUF
    BUFGCTRL_X0Y0        BUFG (Prop_bufg_I_O)         0.029     1.128 r  clk_IBUF_BUFG_inst/O
                         net (fo=74, routed)          0.860     1.987    BIN_TO_BCD/CLK
    SLICE_X60Y12         FDRE                                         r  BIN_TO_BCD/bcd_out_reg[7]/C

Slack:                    inf
  Source:                 switches_inputs[9]
                            (input port)
  Destination:            BIN_TO_BCD/scratch_reg[9]/D
                            (rising edge-triggered cell FDRE clocked by sys_clk_pin  {rise@0.000ns fall@5.000ns period=10.000ns})
  Path Group:             (none)
  Path Type:              Hold (Min at Fast Process Corner)
  Data Path Delay:        1.215ns  (logic 0.265ns (21.843%)  route 0.949ns (78.157%))
  Logic Levels:           2  (IBUF=1 LUT4=1)
  Clock Path Skew:        1.989ns (DCD - SCD - CPR)
    Destination Clock Delay (DCD):    1.989ns
    Source Clock Delay      (SCD):    0.000ns
    Clock Pessimism Removal (CPR):    -0.000ns

    Location             Delay type                Incr(ns)  Path(ns)    Netlist Resource(s)
  -------------------------------------------------------------------    -------------------
    T3                                                0.000     0.000 r  switches_inputs[9] (IN)
                         net (fo=0)                   0.000     0.000    switches_inputs[9]
    T3                   IBUF (Prop_ibuf_I_O)         0.220     0.220 r  switches_inputs_IBUF[9]_inst/O
                         net (fo=4, routed)           0.949     1.170    BIN_TO_BCD/led_OBUF[9]
    SLICE_X61Y10         LUT4 (Prop_lut4_I3_O)        0.045     1.215 r  BIN_TO_BCD/scratch[9]_i_1/O
                         net (fo=1, routed)           0.000     1.215    BIN_TO_BCD/next_scratch[9]
    SLICE_X61Y10         FDRE                                         r  BIN_TO_BCD/scratch_reg[9]/D
  -------------------------------------------------------------------    -------------------

                         (clock sys_clk_pin rise edge)
                                                      0.000     0.000 r  
    W5                                                0.000     0.000 r  clk (IN)
                         net (fo=0)                   0.000     0.000    clk
    W5                   IBUF (Prop_ibuf_I_O)         0.414     0.414 r  clk_IBUF_inst/O
                         net (fo=1, routed)           0.685     1.099    clk_IBUF
    BUFGCTRL_X0Y0        BUFG (Prop_bufg_I_O)         0.029     1.128 r  clk_IBUF_BUFG_inst/O
                         net (fo=74, routed)          0.862     1.989    BIN_TO_BCD/CLK
    SLICE_X61Y10         FDRE                                         r  BIN_TO_BCD/scratch_reg[9]/C

Slack:                    inf
  Source:                 switches_inputs[15]
                            (input port)
  Destination:            BIN_TO_BCD/bcd_out_reg[14]/D
                            (rising edge-triggered cell FDRE clocked by sys_clk_pin  {rise@0.000ns fall@5.000ns period=10.000ns})
  Path Group:             (none)
  Path Type:              Hold (Min at Fast Process Corner)
  Data Path Delay:        1.249ns  (logic 0.269ns (21.561%)  route 0.980ns (78.439%))
  Logic Levels:           2  (IBUF=1 LUT5=1)
  Clock Path Skew:        1.986ns (DCD - SCD - CPR)
    Destination Clock Delay (DCD):    1.986ns
    Source Clock Delay      (SCD):    0.000ns
    Clock Pessimism Removal (CPR):    -0.000ns

    Location             Delay type                Incr(ns)  Path(ns)    Netlist Resource(s)
  -------------------------------------------------------------------    -------------------
    R2                                                0.000     0.000 r  switches_inputs[15] (IN)
                         net (fo=0)                   0.000     0.000    switches_inputs[15]
    R2                   IBUF (Prop_ibuf_I_O)         0.224     0.224 r  switches_inputs_IBUF[15]_inst/O
                         net (fo=16, routed)          0.980     1.204    BIN_TO_BCD/led_OBUF[15]
    SLICE_X61Y13         LUT5 (Prop_lut5_I1_O)        0.045     1.249 r  BIN_TO_BCD/bcd_out[14]_i_1/O
                         net (fo=1, routed)           0.000     1.249    BIN_TO_BCD/bcd_out[14]_i_1_n_0
    SLICE_X61Y13         FDRE                                         r  BIN_TO_BCD/bcd_out_reg[14]/D
  -------------------------------------------------------------------    -------------------

                         (clock sys_clk_pin rise edge)
                                                      0.000     0.000 r  
    W5                                                0.000     0.000 r  clk (IN)
                         net (fo=0)                   0.000     0.000    clk
    W5                   IBUF (Prop_ibuf_I_O)         0.414     0.414 r  clk_IBUF_inst/O
                         net (fo=1, routed)           0.685     1.099    clk_IBUF
    BUFGCTRL_X0Y0        BUFG (Prop_bufg_I_O)         0.029     1.128 r  clk_IBUF_BUFG_inst/O
                         net (fo=74, routed)          0.859     1.986    BIN_TO_BCD/CLK
    SLICE_X61Y13         FDRE                                         r  BIN_TO_BCD/bcd_out_reg[14]/C

Slack:                    inf
  Source:                 switches_inputs[15]
                            (input port)
  Destination:            BIN_TO_BCD/bcd_out_reg[11]/D
                            (rising edge-triggered cell FDRE clocked by sys_clk_pin  {rise@0.000ns fall@5.000ns period=10.000ns})
  Path Group:             (none)
  Path Type:              Hold (Min at Fast Process Corner)
  Data Path Delay:        1.250ns  (logic 0.269ns (21.544%)  route 0.981ns (78.456%))
  Logic Levels:           2  (IBUF=1 LUT5=1)
  Clock Path Skew:        1.986ns (DCD - SCD - CPR)
    Destination Clock Delay (DCD):    1.986ns
    Source Clock Delay      (SCD):    0.000ns
    Clock Pessimism Removal (CPR):    -0.000ns

    Location             Delay type                Incr(ns)  Path(ns)    Netlist Resource(s)
  -------------------------------------------------------------------    -------------------
    R2                                                0.000     0.000 r  switches_inputs[15] (IN)
                         net (fo=0)                   0.000     0.000    switches_inputs[15]
    R2                   IBUF (Prop_ibuf_I_O)         0.224     0.224 r  switches_inputs_IBUF[15]_inst/O
                         net (fo=16, routed)          0.981     1.205    BIN_TO_BCD/led_OBUF[15]
    SLICE_X61Y13         LUT5 (Prop_lut5_I1_O)        0.045     1.250 r  BIN_TO_BCD/bcd_out[11]_i_1/O
                         net (fo=1, routed)           0.000     1.250    BIN_TO_BCD/bcd_out[11]_i_1_n_0
    SLICE_X61Y13         FDRE                                         r  BIN_TO_BCD/bcd_out_reg[11]/D
  -------------------------------------------------------------------    -------------------

                         (clock sys_clk_pin rise edge)
                                                      0.000     0.000 r  
    W5                                                0.000     0.000 r  clk (IN)
                         net (fo=0)                   0.000     0.000    clk
    W5                   IBUF (Prop_ibuf_I_O)         0.414     0.414 r  clk_IBUF_inst/O
                         net (fo=1, routed)           0.685     1.099    clk_IBUF
    BUFGCTRL_X0Y0        BUFG (Prop_bufg_I_O)         0.029     1.128 r  clk_IBUF_BUFG_inst/O
                         net (fo=74, routed)          0.859     1.986    BIN_TO_BCD/CLK
    SLICE_X61Y13         FDRE                                         r  BIN_TO_BCD/bcd_out_reg[11]/C

Slack:                    inf
  Source:                 switches_inputs[13]
                            (input port)
  Destination:            BIN_TO_BCD/bcd_out_reg[9]/D
                            (rising edge-triggered cell FDRE clocked by sys_clk_pin  {rise@0.000ns fall@5.000ns period=10.000ns})
  Path Group:             (none)
  Path Type:              Hold (Min at Fast Process Corner)
  Data Path Delay:        1.254ns  (logic 0.266ns (21.210%)  route 0.988ns (78.790%))
  Logic Levels:           2  (IBUF=1 LUT5=1)
  Clock Path Skew:        1.989ns (DCD - SCD - CPR)
    Destination Clock Delay (DCD):    1.989ns
    Source Clock Delay      (SCD):    0.000ns
    Clock Pessimism Removal (CPR):    -0.000ns

    Location             Delay type                Incr(ns)  Path(ns)    Netlist Resource(s)
  -------------------------------------------------------------------    -------------------
    U1                                                0.000     0.000 r  switches_inputs[13] (IN)
                         net (fo=0)                   0.000     0.000    switches_inputs[13]
    U1                   IBUF (Prop_ibuf_I_O)         0.221     0.221 r  switches_inputs_IBUF[13]_inst/O
                         net (fo=17, routed)          0.988     1.209    BIN_TO_BCD/led_OBUF[13]
    SLICE_X62Y12         LUT5 (Prop_lut5_I3_O)        0.045     1.254 r  BIN_TO_BCD/bcd_out[9]_i_1/O
                         net (fo=1, routed)           0.000     1.254    BIN_TO_BCD/bcd_out[9]_i_1_n_0
    SLICE_X62Y12         FDRE                                         r  BIN_TO_BCD/bcd_out_reg[9]/D
  -------------------------------------------------------------------    -------------------

                         (clock sys_clk_pin rise edge)
                                                      0.000     0.000 r  
    W5                                                0.000     0.000 r  clk (IN)
                         net (fo=0)                   0.000     0.000    clk
    W5                   IBUF (Prop_ibuf_I_O)         0.414     0.414 r  clk_IBUF_inst/O
                         net (fo=1, routed)           0.685     1.099    clk_IBUF
    BUFGCTRL_X0Y0        BUFG (Prop_bufg_I_O)         0.029     1.128 r  clk_IBUF_BUFG_inst/O
                         net (fo=74, routed)          0.862     1.989    BIN_TO_BCD/CLK
    SLICE_X62Y12         FDRE                                         r  BIN_TO_BCD/bcd_out_reg[9]/C





