Copyright 1986-2022 Xilinx, Inc. All Rights Reserved. Copyright 2022-2025 Advanced Micro Devices, Inc. All Rights Reserved.
---------------------------------------------------------------------------------------------------------------------------------------------------------------------------------------------------------------------------------------------------------
| Tool Version : Vivado v.2025.1 (win64) Build 6140274 Thu May 22 00:12:29 MDT 2025
| Date         : Fri Oct  2 11:32:16 2026
| Host         : MSI running 64-bit major release  (build 9200)
| Command      : report_timing_summary -max_paths 10 -routable_nets -report_unconstrained -file lab_3_top_level_timing_summary_routed.rpt -pb lab_3_top_level_timing_summary_routed.pb -rpx lab_3_top_level_timing_summary_routed.rpx -warn_on_violation
| Design       : lab_3_top_level
| Device       : 7a35t-cpg236
| Speed File   : -1  PRODUCTION 1.23 2018-06-13
| Design State : Routed
---------------------------------------------------------------------------------------------------------------------------------------------------------------------------------------------------------------------------------------------------------

Timing Summary Report

------------------------------------------------------------------------------------------------
| Timer Settings
| --------------
------------------------------------------------------------------------------------------------

  Enable Multi Corner Analysis               :  Yes
  Enable Pessimism Removal                   :  Yes
  Pessimism Removal Resolution               :  Nearest Common Node
  Enable Input Delay Default Clock           :  No
  Enable Preset / Clear Arcs                 :  No
  Disable Flight Delays                      :  No
  Ignore I/O Paths                           :  No
  Timing Early Launch at Borrowing Latches   :  No
  Borrow Time for Max Delay Exceptions       :  Yes
  Merge Timing Exceptions                    :  Yes
  Inter-SLR Compensation                     :  Conservative

  Corner  Analyze    Analyze    
  Name    Max Paths  Min Paths  
  ------  ---------  ---------  
  Slow    Yes        Yes        
  Fast    Yes        Yes        


------------------------------------------------------------------------------------------------
| Report Methodology
| ------------------
------------------------------------------------------------------------------------------------

Rule       Severity  Description                    Violations  
---------  --------  -----------------------------  ----------  
TIMING-18  Warning   Missing input or output delay  31          

Note: This report is based on the most recent report_methodology run and may not be up-to-date. Run report_methodology on the current design for the latest report.



check_timing report

Table of Contents
-----------------
1. checking no_clock (0)
2. checking constant_clock (0)
3. checking pulse_width_clock (0)
4. checking unconstrained_internal_endpoints (0)
5. checking no_input_delay (20)
6. checking no_output_delay (11)
7. checking multiple_clock (0)
8. checking generated_clocks (0)
9. checking loops (0)
10. checking partial_input_delay (0)
11. checking partial_output_delay (0)
12. checking latch_loops (0)

1. checking no_clock (0)
------------------------
 There are 0 register/latch pins with no clock.


2. checking constant_clock (0)
------------------------------
 There are 0 register/latch pins with constant_clock.


3. checking pulse_width_clock (0)
---------------------------------
 There are 0 register/latch pins which need pulse_width check


4. checking unconstrained_internal_endpoints (0)
------------------------------------------------
 There are 0 pins that are not constrained for maximum delay.

 There are 0 pins that are not constrained for maximum delay due to constant clock.


5. checking no_input_delay (20)
-------------------------------
 There are 20 input ports with no input delay specified. (HIGH)

 There are 0 input ports with no input delay but user has a false path constraint.


6. checking no_output_delay (11)
--------------------------------
 There are 11 ports with no output delay specified. (HIGH)

 There are 0 ports with no output delay but user has a false path constraint

 There are 0 ports with no output delay but with a timing clock defined on it or propagating through it


7. checking multiple_clock (0)
------------------------------
 There are 0 register/latch pins with multiple clocks.


8. checking generated_clocks (0)
--------------------------------
 There are 0 generated clocks that are not connected to a clock source.


9. checking loops (0)
---------------------
 There are 0 combinational loops in the design.


10. checking partial_input_delay (0)
------------------------------------
 There are 0 input ports with partial input delay specified.


11. checking partial_output_delay (0)
-------------------------------------
 There are 0 ports with partial output delay specified.


12. checking latch_loops (0)
----------------------------
 There are 0 combinational latch loops in the design through latch input



------------------------------------------------------------------------------------------------
| Design Timing Summary
| ---------------------
------------------------------------------------------------------------------------------------

    WNS(ns)      TNS(ns)  TNS Failing Endpoints  TNS Total Endpoints      WHS(ns)      THS(ns)  THS Failing Endpoints  THS Total Endpoints     WPWS(ns)     TPWS(ns)  TPWS Failing Endpoints  TPWS Total Endpoints  
    -------      -------  ---------------------  -------------------      -------      -------  ---------------------  -------------------     --------     --------  ----------------------  --------------------  
      4.590        0.000                      0                  424        0.165        0.000                      0                  424        4.500        0.000                       0                   201  


All user specified timing constraints are met.


------------------------------------------------------------------------------------------------
| Clock Summary
| -------------
------------------------------------------------------------------------------------------------

Clock        Waveform(ns)       Period(ns)      Frequency(MHz)
-----        ------------       ----------      --------------
sys_clk_pin  {0.000 5.000}      10.000          100.000         


------------------------------------------------------------------------------------------------
| Intra Clock Table
| -----------------
------------------------------------------------------------------------------------------------

Clock             WNS(ns)      TNS(ns)  TNS Failing Endpoints  TNS Total Endpoints      WHS(ns)      THS(ns)  THS Failing Endpoints  THS Total Endpoints     WPWS(ns)     TPWS(ns)  TPWS Failing Endpoints  TPWS Total Endpoints  
-----             -------      -------  ---------------------  -------------------      -------      -------  ---------------------  -------------------     --------     --------  ----------------------  --------------------  
sys_clk_pin         4.590        0.000                      0                  424        0.165        0.000                      0                  424        4.500        0.000                       0                   201  


------------------------------------------------------------------------------------------------
| Inter Clock Table
| -----------------
------------------------------------------------------------------------------------------------

From Clock    To Clock          WNS(ns)      TNS(ns)  TNS Failing Endpoints  TNS Total Endpoints      WHS(ns)      THS(ns)  THS Failing Endpoints  THS Total Endpoints  
----------    --------          -------      -------  ---------------------  -------------------      -------      -------  ---------------------  -------------------  


------------------------------------------------------------------------------------------------
| Other Path Groups Table
| -----------------------
------------------------------------------------------------------------------------------------

Path Group    From Clock    To Clock          WNS(ns)      TNS(ns)  TNS Failing Endpoints  TNS Total Endpoints      WHS(ns)      THS(ns)  THS Failing Endpoints  THS Total Endpoints  
----------    ----------    --------          -------      -------  ---------------------  -------------------      -------      -------  ---------------------  -------------------  


------------------------------------------------------------------------------------------------
| User Ignored Path Table
| -----------------------
------------------------------------------------------------------------------------------------

Path Group    From Clock    To Clock    
----------    ----------    --------    


------------------------------------------------------------------------------------------------
| Unconstrained Path Table
| ------------------------
------------------------------------------------------------------------------------------------

Path Group    From Clock    To Clock    
----------    ----------    --------    
(none)                                    
(none)        sys_clk_pin                 
(none)                      sys_clk_pin   


------------------------------------------------------------------------------------------------
| Timing Details
| --------------
------------------------------------------------------------------------------------------------


---------------------------------------------------------------------------------------------------
From Clock:  sys_clk_pin
  To Clock:  sys_clk_pin

Setup :            0  Failing Endpoints,  Worst Slack        4.590ns,  Total Violation        0.000ns
Hold  :            0  Failing Endpoints,  Worst Slack        0.165ns,  Total Violation        0.000ns
PW    :            0  Failing Endpoints,  Worst Slack        4.500ns,  Total Violation        0.000ns
---------------------------------------------------------------------------------------------------


Max Delay Paths
--------------------------------------------------------------------------------------
Slack (MET) :             4.590ns  (required time - arrival time)
  Source:                 SEL0_DEBOUNCE/ff3_reg/C
                            (rising edge-triggered cell FDRE clocked by sys_clk_pin  {rise@0.000ns fall@5.000ns period=10.000ns})
  Destination:            BIN_TO_BCD/scratch_reg[11]/R
                            (rising edge-triggered cell FDRE clocked by sys_clk_pin  {rise@0.000ns fall@5.000ns period=10.000ns})
  Path Group:             sys_clk_pin
  Path Type:              Setup (Max at Slow Process Corner)
  Requirement:            10.000ns  (sys_clk_pin rise@10.000ns - sys_clk_pin rise@0.000ns)
  Data Path Delay:        4.881ns  (logic 1.062ns (21.760%)  route 3.819ns (78.240%))
  Logic Levels:           3  (LUT3=1 LUT5=1 LUT6=1)
  Clock Path Skew:        0.030ns (DCD - SCD + CPR)
    Destination Clock Delay (DCD):    4.853ns = ( 14.853 - 10.000 ) 
    Source Clock Delay      (SCD):    5.083ns
    Clock Pessimism Removal (CPR):    0.260ns
  Clock Uncertainty:      0.035ns  ((TSJ^2 + TIJ^2)^1/2 + DJ) / 2 + PE
    Total System Jitter     (TSJ):    0.071ns
    Total Input Jitter      (TIJ):    0.000ns
    Discrete Jitter          (DJ):    0.000ns
    Phase Error              (PE):    0.000ns

    Location             Delay type                Incr(ns)  Path(ns)    Netlist Resource(s)
  -------------------------------------------------------------------    -------------------
                         (clock sys_clk_pin rise edge)
                                                      0.000     0.000 r  
    W5                                                0.000     0.000 r  clk (IN)
                         net (fo=0)                   0.000     0.000    clk
    W5                   IBUF (Prop_ibuf_I_O)         1.458     1.458 r  clk_IBUF_inst/O
                         net (fo=1, routed)           1.967     3.425    clk_IBUF
    BUFGCTRL_X0Y0        BUFG (Prop_bufg_I_O)         0.096     3.521 r  clk_IBUF_BUFG_inst/O
                         net (fo=200, routed)         1.562     5.083    SEL0_DEBOUNCE/CLK
    SLICE_X55Y32         FDRE                                         r  SEL0_DEBOUNCE/ff3_reg/C
  -------------------------------------------------------------------    -------------------
    SLICE_X55Y32         FDRE (Prop_fdre_C_Q)         0.456     5.539 r  SEL0_DEBOUNCE/ff3_reg/Q
                         net (fo=53, routed)          1.189     6.728    BIN_REG/ff3
    SLICE_X58Y34         LUT3 (Prop_lut3_I1_O)        0.150     6.878 r  BIN_REG/count[4]_i_7/O
                         net (fo=2, routed)           1.112     7.990    BIN_REG/bin_val_reg[12]_0
    SLICE_X58Y34         LUT6 (Prop_lut6_I4_O)        0.332     8.322 r  BIN_REG/count[4]_i_3/O
                         net (fo=14, routed)          0.642     8.964    BIN_REG/bin_val_reg[13]_0
    SLICE_X58Y32         LUT5 (Prop_lut5_I0_O)        0.124     9.088 r  BIN_REG/count[4]_i_1/O
                         net (fo=41, routed)          0.876     9.964    BIN_TO_BCD/SR[0]
    SLICE_X60Y34         FDRE                                         r  BIN_TO_BCD/scratch_reg[11]/R
  -------------------------------------------------------------------    -------------------

                         (clock sys_clk_pin rise edge)
                                                     10.000    10.000 r  
    W5                                                0.000    10.000 r  clk (IN)
                         net (fo=0)                   0.000    10.000    clk
    W5                   IBUF (Prop_ibuf_I_O)         1.388    11.388 r  clk_IBUF_inst/O
                         net (fo=1, routed)           1.862    13.250    clk_IBUF
    BUFGCTRL_X0Y0        BUFG (Prop_bufg_I_O)         0.091    13.341 r  clk_IBUF_BUFG_inst/O
                         net (fo=200, routed)         1.512    14.853    BIN_TO_BCD/CLK
    SLICE_X60Y34         FDRE                                         r  BIN_TO_BCD/scratch_reg[11]/C
                         clock pessimism              0.260    15.113    
                         clock uncertainty           -0.035    15.078    
    SLICE_X60Y34         FDRE (Setup_fdre_C_R)       -0.524    14.554    BIN_TO_BCD/scratch_reg[11]
  -------------------------------------------------------------------
                         required time                         14.554    
                         arrival time                          -9.964    
  -------------------------------------------------------------------
                         slack                                  4.590    

Slack (MET) :             4.590ns  (required time - arrival time)
  Source:                 SEL0_DEBOUNCE/ff3_reg/C
                            (rising edge-triggered cell FDRE clocked by sys_clk_pin  {rise@0.000ns fall@5.000ns period=10.000ns})
  Destination:            BIN_TO_BCD/scratch_reg[12]/R
                            (rising edge-triggered cell FDRE clocked by sys_clk_pin  {rise@0.000ns fall@5.000ns period=10.000ns})
  Path Group:             sys_clk_pin
  Path Type:              Setup (Max at Slow Process Corner)
  Requirement:            10.000ns  (sys_clk_pin rise@10.000ns - sys_clk_pin rise@0.000ns)
  Data Path Delay:        4.881ns  (logic 1.062ns (21.760%)  route 3.819ns (78.240%))
  Logic Levels:           3  (LUT3=1 LUT5=1 LUT6=1)
  Clock Path Skew:        0.030ns (DCD - SCD + CPR)
    Destination Clock Delay (DCD):    4.853ns = ( 14.853 - 10.000 ) 
    Source Clock Delay      (SCD):    5.083ns
    Clock Pessimism Removal (CPR):    0.260ns
  Clock Uncertainty:      0.035ns  ((TSJ^2 + TIJ^2)^1/2 + DJ) / 2 + PE
    Total System Jitter     (TSJ):    0.071ns
    Total Input Jitter      (TIJ):    0.000ns
    Discrete Jitter          (DJ):    0.000ns
    Phase Error              (PE):    0.000ns

    Location             Delay type                Incr(ns)  Path(ns)    Netlist Resource(s)
  -------------------------------------------------------------------    -------------------
                         (clock sys_clk_pin rise edge)
                                                      0.000     0.000 r  
    W5                                                0.000     0.000 r  clk (IN)
                         net (fo=0)                   0.000     0.000    clk
    W5                   IBUF (Prop_ibuf_I_O)         1.458     1.458 r  clk_IBUF_inst/O
                         net (fo=1, routed)           1.967     3.425    clk_IBUF
    BUFGCTRL_X0Y0        BUFG (Prop_bufg_I_O)         0.096     3.521 r  clk_IBUF_BUFG_inst/O
                         net (fo=200, routed)         1.562     5.083    SEL0_DEBOUNCE/CLK
    SLICE_X55Y32         FDRE                                         r  SEL0_DEBOUNCE/ff3_reg/C
  -------------------------------------------------------------------    -------------------
    SLICE_X55Y32         FDRE (Prop_fdre_C_Q)         0.456     5.539 r  SEL0_DEBOUNCE/ff3_reg/Q
                         net (fo=53, routed)          1.189     6.728    BIN_REG/ff3
    SLICE_X58Y34         LUT3 (Prop_lut3_I1_O)        0.150     6.878 r  BIN_REG/count[4]_i_7/O
                         net (fo=2, routed)           1.112     7.990    BIN_REG/bin_val_reg[12]_0
    SLICE_X58Y34         LUT6 (Prop_lut6_I4_O)        0.332     8.322 r  BIN_REG/count[4]_i_3/O
                         net (fo=14, routed)          0.642     8.964    BIN_REG/bin_val_reg[13]_0
    SLICE_X58Y32         LUT5 (Prop_lut5_I0_O)        0.124     9.088 r  BIN_REG/count[4]_i_1/O
                         net (fo=41, routed)          0.876     9.964    BIN_TO_BCD/SR[0]
    SLICE_X60Y34         FDRE                                         r  BIN_TO_BCD/scratch_reg[12]/R
  -------------------------------------------------------------------    -------------------

                         (clock sys_clk_pin rise edge)
                                                     10.000    10.000 r  
    W5                                                0.000    10.000 r  clk (IN)
                         net (fo=0)                   0.000    10.000    clk
    W5                   IBUF (Prop_ibuf_I_O)         1.388    11.388 r  clk_IBUF_inst/O
                         net (fo=1, routed)           1.862    13.250    clk_IBUF
    BUFGCTRL_X0Y0        BUFG (Prop_bufg_I_O)         0.091    13.341 r  clk_IBUF_BUFG_inst/O
                         net (fo=200, routed)         1.512    14.853    BIN_TO_BCD/CLK
    SLICE_X60Y34         FDRE                                         r  BIN_TO_BCD/scratch_reg[12]/C
                         clock pessimism              0.260    15.113    
                         clock uncertainty           -0.035    15.078    
    SLICE_X60Y34         FDRE (Setup_fdre_C_R)       -0.524    14.554    BIN_TO_BCD/scratch_reg[12]
  -------------------------------------------------------------------
                         required time                         14.554    
                         arrival time                          -9.964    
  -------------------------------------------------------------------
                         slack                                  4.590    

Slack (MET) :             4.590ns  (required time - arrival time)
  Source:                 SEL0_DEBOUNCE/ff3_reg/C
                            (rising edge-triggered cell FDRE clocked by sys_clk_pin  {rise@0.000ns fall@5.000ns period=10.000ns})
  Destination:            BIN_TO_BCD/scratch_reg[29]/R
                            (rising edge-triggered cell FDRE clocked by sys_clk_pin  {rise@0.000ns fall@5.000ns period=10.000ns})
  Path Group:             sys_clk_pin
  Path Type:              Setup (Max at Slow Process Corner)
  Requirement:            10.000ns  (sys_clk_pin rise@10.000ns - sys_clk_pin rise@0.000ns)
  Data Path Delay:        4.881ns  (logic 1.062ns (21.760%)  route 3.819ns (78.240%))
  Logic Levels:           3  (LUT3=1 LUT5=1 LUT6=1)
  Clock Path Skew:        0.030ns (DCD - SCD + CPR)
    Destination Clock Delay (DCD):    4.853ns = ( 14.853 - 10.000 ) 
    Source Clock Delay      (SCD):    5.083ns
    Clock Pessimism Removal (CPR):    0.260ns
  Clock Uncertainty:      0.035ns  ((TSJ^2 + TIJ^2)^1/2 + DJ) / 2 + PE
    Total System Jitter     (TSJ):    0.071ns
    Total Input Jitter      (TIJ):    0.000ns
    Discrete Jitter          (DJ):    0.000ns
    Phase Error              (PE):    0.000ns

    Location             Delay type                Incr(ns)  Path(ns)    Netlist Resource(s)
  -------------------------------------------------------------------    -------------------
                         (clock sys_clk_pin rise edge)
                                                      0.000     0.000 r  
    W5                                                0.000     0.000 r  clk (IN)
                         net (fo=0)                   0.000     0.000    clk
    W5                   IBUF (Prop_ibuf_I_O)         1.458     1.458 r  clk_IBUF_inst/O
                         net (fo=1, routed)           1.967     3.425    clk_IBUF
    BUFGCTRL_X0Y0        BUFG (Prop_bufg_I_O)         0.096     3.521 r  clk_IBUF_BUFG_inst/O
                         net (fo=200, routed)         1.562     5.083    SEL0_DEBOUNCE/CLK
    SLICE_X55Y32         FDRE                                         r  SEL0_DEBOUNCE/ff3_reg/C
  -------------------------------------------------------------------    -------------------
    SLICE_X55Y32         FDRE (Prop_fdre_C_Q)         0.456     5.539 r  SEL0_DEBOUNCE/ff3_reg/Q
                         net (fo=53, routed)          1.189     6.728    BIN_REG/ff3
    SLICE_X58Y34         LUT3 (Prop_lut3_I1_O)        0.150     6.878 r  BIN_REG/count[4]_i_7/O
                         net (fo=2, routed)           1.112     7.990    BIN_REG/bin_val_reg[12]_0
    SLICE_X58Y34         LUT6 (Prop_lut6_I4_O)        0.332     8.322 r  BIN_REG/count[4]_i_3/O
                         net (fo=14, routed)          0.642     8.964    BIN_REG/bin_val_reg[13]_0
    SLICE_X58Y32         LUT5 (Prop_lut5_I0_O)        0.124     9.088 r  BIN_REG/count[4]_i_1/O
                         net (fo=41, routed)          0.876     9.964    BIN_TO_BCD/SR[0]
    SLICE_X60Y34         FDRE                                         r  BIN_TO_BCD/scratch_reg[29]/R
  -------------------------------------------------------------------    -------------------

                         (clock sys_clk_pin rise edge)
                                                     10.000    10.000 r  
    W5                                                0.000    10.000 r  clk (IN)
                         net (fo=0)                   0.000    10.000    clk
    W5                   IBUF (Prop_ibuf_I_O)         1.388    11.388 r  clk_IBUF_inst/O
                         net (fo=1, routed)           1.862    13.250    clk_IBUF
    BUFGCTRL_X0Y0        BUFG (Prop_bufg_I_O)         0.091    13.341 r  clk_IBUF_BUFG_inst/O
                         net (fo=200, routed)         1.512    14.853    BIN_TO_BCD/CLK
    SLICE_X60Y34         FDRE                                         r  BIN_TO_BCD/scratch_reg[29]/C
                         clock pessimism              0.260    15.113    
                         clock uncertainty           -0.035    15.078    
    SLICE_X60Y34         FDRE (Setup_fdre_C_R)       -0.524    14.554    BIN_TO_BCD/scratch_reg[29]
  -------------------------------------------------------------------
                         required time                         14.554    
                         arrival time                          -9.964    
  -------------------------------------------------------------------
                         slack                                  4.590    

Slack (MET) :             4.590ns  (required time - arrival time)
  Source:                 SEL0_DEBOUNCE/ff3_reg/C
                            (rising edge-triggered cell FDRE clocked by sys_clk_pin  {rise@0.000ns fall@5.000ns period=10.000ns})
  Destination:            BIN_TO_BCD/scratch_reg[30]/R
                            (rising edge-triggered cell FDRE clocked by sys_clk_pin  {rise@0.000ns fall@5.000ns period=10.000ns})
  Path Group:             sys_clk_pin
  Path Type:              Setup (Max at Slow Process Corner)
  Requirement:            10.000ns  (sys_clk_pin rise@10.000ns - sys_clk_pin rise@0.000ns)
  Data Path Delay:        4.881ns  (logic 1.062ns (21.760%)  route 3.819ns (78.240%))
  Logic Levels:           3  (LUT3=1 LUT5=1 LUT6=1)
  Clock Path Skew:        0.030ns (DCD - SCD + CPR)
    Destination Clock Delay (DCD):    4.853ns = ( 14.853 - 10.000 ) 
    Source Clock Delay      (SCD):    5.083ns
    Clock Pessimism Removal (CPR):    0.260ns
  Clock Uncertainty:      0.035ns  ((TSJ^2 + TIJ^2)^1/2 + DJ) / 2 + PE
    Total System Jitter     (TSJ):    0.071ns
    Total Input Jitter      (TIJ):    0.000ns
    Discrete Jitter          (DJ):    0.000ns
    Phase Error              (PE):    0.000ns

    Location             Delay type                Incr(ns)  Path(ns)    Netlist Resource(s)
  -------------------------------------------------------------------    -------------------
                         (clock sys_clk_pin rise edge)
                                                      0.000     0.000 r  
    W5                                                0.000     0.000 r  clk (IN)
                         net (fo=0)                   0.000     0.000    clk
    W5                   IBUF (Prop_ibuf_I_O)         1.458     1.458 r  clk_IBUF_inst/O
                         net (fo=1, routed)           1.967     3.425    clk_IBUF
    BUFGCTRL_X0Y0        BUFG (Prop_bufg_I_O)         0.096     3.521 r  clk_IBUF_BUFG_inst/O
                         net (fo=200, routed)         1.562     5.083    SEL0_DEBOUNCE/CLK
    SLICE_X55Y32         FDRE                                         r  SEL0_DEBOUNCE/ff3_reg/C
  -------------------------------------------------------------------    -------------------
    SLICE_X55Y32         FDRE (Prop_fdre_C_Q)         0.456     5.539 r  SEL0_DEBOUNCE/ff3_reg/Q
                         net (fo=53, routed)          1.189     6.728    BIN_REG/ff3
    SLICE_X58Y34         LUT3 (Prop_lut3_I1_O)        0.150     6.878 r  BIN_REG/count[4]_i_7/O
                         net (fo=2, routed)           1.112     7.990    BIN_REG/bin_val_reg[12]_0
    SLICE_X58Y34         LUT6 (Prop_lut6_I4_O)        0.332     8.322 r  BIN_REG/count[4]_i_3/O
                         net (fo=14, routed)          0.642     8.964    BIN_REG/bin_val_reg[13]_0
    SLICE_X58Y32         LUT5 (Prop_lut5_I0_O)        0.124     9.088 r  BIN_REG/count[4]_i_1/O
                         net (fo=41, routed)          0.876     9.964    BIN_TO_BCD/SR[0]
    SLICE_X60Y34         FDRE                                         r  BIN_TO_BCD/scratch_reg[30]/R
  -------------------------------------------------------------------    -------------------

                         (clock sys_clk_pin rise edge)
                                                     10.000    10.000 r  
    W5                                                0.000    10.000 r  clk (IN)
                         net (fo=0)                   0.000    10.000    clk
    W5                   IBUF (Prop_ibuf_I_O)         1.388    11.388 r  clk_IBUF_inst/O
                         net (fo=1, routed)           1.862    13.250    clk_IBUF
    BUFGCTRL_X0Y0        BUFG (Prop_bufg_I_O)         0.091    13.341 r  clk_IBUF_BUFG_inst/O
                         net (fo=200, routed)         1.512    14.853    BIN_TO_BCD/CLK
    SLICE_X60Y34         FDRE                                         r  BIN_TO_BCD/scratch_reg[30]/C
                         clock pessimism              0.260    15.113    
                         clock uncertainty           -0.035    15.078    
    SLICE_X60Y34         FDRE (Setup_fdre_C_R)       -0.524    14.554    BIN_TO_BCD/scratch_reg[30]
  -------------------------------------------------------------------
                         required time                         14.554    
                         arrival time                          -9.964    
  -------------------------------------------------------------------
                         slack                                  4.590    

Slack (MET) :             4.590ns  (required time - arrival time)
  Source:                 SEL0_DEBOUNCE/ff3_reg/C
                            (rising edge-triggered cell FDRE clocked by sys_clk_pin  {rise@0.000ns fall@5.000ns period=10.000ns})
  Destination:            BIN_TO_BCD/scratch_reg[31]/R
                            (rising edge-triggered cell FDRE clocked by sys_clk_pin  {rise@0.000ns fall@5.000ns period=10.000ns})
  Path Group:             sys_clk_pin
  Path Type:              Setup (Max at Slow Process Corner)
  Requirement:            10.000ns  (sys_clk_pin rise@10.000ns - sys_clk_pin rise@0.000ns)
  Data Path Delay:        4.881ns  (logic 1.062ns (21.760%)  route 3.819ns (78.240%))
  Logic Levels:           3  (LUT3=1 LUT5=1 LUT6=1)
  Clock Path Skew:        0.030ns (DCD - SCD + CPR)
    Destination Clock Delay (DCD):    4.853ns = ( 14.853 - 10.000 ) 
    Source Clock Delay      (SCD):    5.083ns
    Clock Pessimism Removal (CPR):    0.260ns
  Clock Uncertainty:      0.035ns  ((TSJ^2 + TIJ^2)^1/2 + DJ) / 2 + PE
    Total System Jitter     (TSJ):    0.071ns
    Total Input Jitter      (TIJ):    0.000ns
    Discrete Jitter          (DJ):    0.000ns
    Phase Error              (PE):    0.000ns

    Location             Delay type                Incr(ns)  Path(ns)    Netlist Resource(s)
  -------------------------------------------------------------------    -------------------
                         (clock sys_clk_pin rise edge)
                                                      0.000     0.000 r  
    W5                                                0.000     0.000 r  clk (IN)
                         net (fo=0)                   0.000     0.000    clk
    W5                   IBUF (Prop_ibuf_I_O)         1.458     1.458 r  clk_IBUF_inst/O
                         net (fo=1, routed)           1.967     3.425    clk_IBUF
    BUFGCTRL_X0Y0        BUFG (Prop_bufg_I_O)         0.096     3.521 r  clk_IBUF_BUFG_inst/O
                         net (fo=200, routed)         1.562     5.083    SEL0_DEBOUNCE/CLK
    SLICE_X55Y32         FDRE                                         r  SEL0_DEBOUNCE/ff3_reg/C
  -------------------------------------------------------------------    -------------------
    SLICE_X55Y32         FDRE (Prop_fdre_C_Q)         0.456     5.539 r  SEL0_DEBOUNCE/ff3_reg/Q
                         net (fo=53, routed)          1.189     6.728    BIN_REG/ff3
    SLICE_X58Y34         LUT3 (Prop_lut3_I1_O)        0.150     6.878 r  BIN_REG/count[4]_i_7/O
                         net (fo=2, routed)           1.112     7.990    BIN_REG/bin_val_reg[12]_0
    SLICE_X58Y34         LUT6 (Prop_lut6_I4_O)        0.332     8.322 r  BIN_REG/count[4]_i_3/O
                         net (fo=14, routed)          0.642     8.964    BIN_REG/bin_val_reg[13]_0
    SLICE_X58Y32         LUT5 (Prop_lut5_I0_O)        0.124     9.088 r  BIN_REG/count[4]_i_1/O
                         net (fo=41, routed)          0.876     9.964    BIN_TO_BCD/SR[0]
    SLICE_X60Y34         FDRE                                         r  BIN_TO_BCD/scratch_reg[31]/R
  -------------------------------------------------------------------    -------------------

                         (clock sys_clk_pin rise edge)
                                                     10.000    10.000 r  
    W5                                                0.000    10.000 r  clk (IN)
                         net (fo=0)                   0.000    10.000    clk
    W5                   IBUF (Prop_ibuf_I_O)         1.388    11.388 r  clk_IBUF_inst/O
                         net (fo=1, routed)           1.862    13.250    clk_IBUF
    BUFGCTRL_X0Y0        BUFG (Prop_bufg_I_O)         0.091    13.341 r  clk_IBUF_BUFG_inst/O
                         net (fo=200, routed)         1.512    14.853    BIN_TO_BCD/CLK
    SLICE_X60Y34         FDRE                                         r  BIN_TO_BCD/scratch_reg[31]/C
                         clock pessimism              0.260    15.113    
                         clock uncertainty           -0.035    15.078    
    SLICE_X60Y34         FDRE (Setup_fdre_C_R)       -0.524    14.554    BIN_TO_BCD/scratch_reg[31]
  -------------------------------------------------------------------
                         required time                         14.554    
                         arrival time                          -9.964    
  -------------------------------------------------------------------
                         slack                                  4.590    

Slack (MET) :             4.640ns  (required time - arrival time)
  Source:                 SEL0_DEBOUNCE/ff3_reg/C
                            (rising edge-triggered cell FDRE clocked by sys_clk_pin  {rise@0.000ns fall@5.000ns period=10.000ns})
  Destination:            BIN_TO_BCD/scratch_reg[4]/R
                            (rising edge-triggered cell FDRE clocked by sys_clk_pin  {rise@0.000ns fall@5.000ns period=10.000ns})
  Path Group:             sys_clk_pin
  Path Type:              Setup (Max at Slow Process Corner)
  Requirement:            10.000ns  (sys_clk_pin rise@10.000ns - sys_clk_pin rise@0.000ns)
  Data Path Delay:        4.764ns  (logic 1.062ns (22.291%)  route 3.702ns (77.709%))
  Logic Levels:           3  (LUT3=1 LUT5=1 LUT6=1)
  Clock Path Skew:        -0.036ns (DCD - SCD + CPR)
    Destination Clock Delay (DCD):    4.787ns = ( 14.787 - 10.000 ) 
    Source Clock Delay      (SCD):    5.083ns
    Clock Pessimism Removal (CPR):    0.260ns
  Clock Uncertainty:      0.035ns  ((TSJ^2 + TIJ^2)^1/2 + DJ) / 2 + PE
    Total System Jitter     (TSJ):    0.071ns
    Total Input Jitter      (TIJ):    0.000ns
    Discrete Jitter          (DJ):    0.000ns
    Phase Error              (PE):    0.000ns

    Location             Delay type                Incr(ns)  Path(ns)    Netlist Resource(s)
  -------------------------------------------------------------------    -------------------
                         (clock sys_clk_pin rise edge)
                                                      0.000     0.000 r  
    W5                                                0.000     0.000 r  clk (IN)
                         net (fo=0)                   0.000     0.000    clk
    W5                   IBUF (Prop_ibuf_I_O)         1.458     1.458 r  clk_IBUF_inst/O
                         net (fo=1, routed)           1.967     3.425    clk_IBUF
    BUFGCTRL_X0Y0        BUFG (Prop_bufg_I_O)         0.096     3.521 r  clk_IBUF_BUFG_inst/O
                         net (fo=200, routed)         1.562     5.083    SEL0_DEBOUNCE/CLK
    SLICE_X55Y32         FDRE                                         r  SEL0_DEBOUNCE/ff3_reg/C
  -------------------------------------------------------------------    -------------------
    SLICE_X55Y32         FDRE (Prop_fdre_C_Q)         0.456     5.539 r  SEL0_DEBOUNCE/ff3_reg/Q
                         net (fo=53, routed)          1.189     6.728    BIN_REG/ff3
    SLICE_X58Y34         LUT3 (Prop_lut3_I1_O)        0.150     6.878 r  BIN_REG/count[4]_i_7/O
                         net (fo=2, routed)           1.112     7.990    BIN_REG/bin_val_reg[12]_0
    SLICE_X58Y34         LUT6 (Prop_lut6_I4_O)        0.332     8.322 r  BIN_REG/count[4]_i_3/O
                         net (fo=14, routed)          0.642     8.964    BIN_REG/bin_val_reg[13]_0
    SLICE_X58Y32         LUT5 (Prop_lut5_I0_O)        0.124     9.088 r  BIN_REG/count[4]_i_1/O
                         net (fo=41, routed)          0.759     9.847    BIN_TO_BCD/SR[0]
    SLICE_X56Y33         FDRE                                         r  BIN_TO_BCD/scratch_reg[4]/R
  -------------------------------------------------------------------    -------------------

                         (clock sys_clk_pin rise edge)
                                                     10.000    10.000 r  
    W5                                                0.000    10.000 r  clk (IN)
                         net (fo=0)                   0.000    10.000    clk
    W5                   IBUF (Prop_ibuf_I_O)         1.388    11.388 r  clk_IBUF_inst/O
                         net (fo=1, routed)           1.862    13.250    clk_IBUF
    BUFGCTRL_X0Y0        BUFG (Prop_bufg_I_O)         0.091    13.341 r  clk_IBUF_BUFG_inst/O
                         net (fo=200, routed)         1.446    14.787    BIN_TO_BCD/CLK
    SLICE_X56Y33         FDRE                                         r  BIN_TO_BCD/scratch_reg[4]/C
                         clock pessimism              0.260    15.047    
                         clock uncertainty           -0.035    15.012    
    SLICE_X56Y33         FDRE (Setup_fdre_C_R)       -0.524    14.488    BIN_TO_BCD/scratch_reg[4]
  -------------------------------------------------------------------
                         required time                         14.488    
                         arrival time                          -9.847    
  -------------------------------------------------------------------
                         slack                                  4.640    

Slack (MET) :             4.640ns  (required time - arrival time)
  Source:                 SEL0_DEBOUNCE/ff3_reg/C
                            (rising edge-triggered cell FDRE clocked by sys_clk_pin  {rise@0.000ns fall@5.000ns period=10.000ns})
  Destination:            BIN_TO_BCD/scratch_reg[5]/R
                            (rising edge-triggered cell FDRE clocked by sys_clk_pin  {rise@0.000ns fall@5.000ns period=10.000ns})
  Path Group:             sys_clk_pin
  Path Type:              Setup (Max at Slow Process Corner)
  Requirement:            10.000ns  (sys_clk_pin rise@10.000ns - sys_clk_pin rise@0.000ns)
  Data Path Delay:        4.764ns  (logic 1.062ns (22.291%)  route 3.702ns (77.709%))
  Logic Levels:           3  (LUT3=1 LUT5=1 LUT6=1)
  Clock Path Skew:        -0.036ns (DCD - SCD + CPR)
    Destination Clock Delay (DCD):    4.787ns = ( 14.787 - 10.000 ) 
    Source Clock Delay      (SCD):    5.083ns
    Clock Pessimism Removal (CPR):    0.260ns
  Clock Uncertainty:      0.035ns  ((TSJ^2 + TIJ^2)^1/2 + DJ) / 2 + PE
    Total System Jitter     (TSJ):    0.071ns
    Total Input Jitter      (TIJ):    0.000ns
    Discrete Jitter          (DJ):    0.000ns
    Phase Error              (PE):    0.000ns

    Location             Delay type                Incr(ns)  Path(ns)    Netlist Resource(s)
  -------------------------------------------------------------------    -------------------
                         (clock sys_clk_pin rise edge)
                                                      0.000     0.000 r  
    W5                                                0.000     0.000 r  clk (IN)
                         net (fo=0)                   0.000     0.000    clk
    W5                   IBUF (Prop_ibuf_I_O)         1.458     1.458 r  clk_IBUF_inst/O
                         net (fo=1, routed)           1.967     3.425    clk_IBUF
    BUFGCTRL_X0Y0        BUFG (Prop_bufg_I_O)         0.096     3.521 r  clk_IBUF_BUFG_inst/O
                         net (fo=200, routed)         1.562     5.083    SEL0_DEBOUNCE/CLK
    SLICE_X55Y32         FDRE                                         r  SEL0_DEBOUNCE/ff3_reg/C
  -------------------------------------------------------------------    -------------------
    SLICE_X55Y32         FDRE (Prop_fdre_C_Q)         0.456     5.539 r  SEL0_DEBOUNCE/ff3_reg/Q
                         net (fo=53, routed)          1.189     6.728    BIN_REG/ff3
    SLICE_X58Y34         LUT3 (Prop_lut3_I1_O)        0.150     6.878 r  BIN_REG/count[4]_i_7/O
                         net (fo=2, routed)           1.112     7.990    BIN_REG/bin_val_reg[12]_0
    SLICE_X58Y34         LUT6 (Prop_lut6_I4_O)        0.332     8.322 r  BIN_REG/count[4]_i_3/O
                         net (fo=14, routed)          0.642     8.964    BIN_REG/bin_val_reg[13]_0
    SLICE_X58Y32         LUT5 (Prop_lut5_I0_O)        0.124     9.088 r  BIN_REG/count[4]_i_1/O
                         net (fo=41, routed)          0.759     9.847    BIN_TO_BCD/SR[0]
    SLICE_X56Y33         FDRE                                         r  BIN_TO_BCD/scratch_reg[5]/R
  -------------------------------------------------------------------    -------------------

                         (clock sys_clk_pin rise edge)
                                                     10.000    10.000 r  
    W5                                                0.000    10.000 r  clk (IN)
                         net (fo=0)                   0.000    10.000    clk
    W5                   IBUF (Prop_ibuf_I_O)         1.388    11.388 r  clk_IBUF_inst/O
                         net (fo=1, routed)           1.862    13.250    clk_IBUF
    BUFGCTRL_X0Y0        BUFG (Prop_bufg_I_O)         0.091    13.341 r  clk_IBUF_BUFG_inst/O
                         net (fo=200, routed)         1.446    14.787    BIN_TO_BCD/CLK
    SLICE_X56Y33         FDRE                                         r  BIN_TO_BCD/scratch_reg[5]/C
                         clock pessimism              0.260    15.047    
                         clock uncertainty           -0.035    15.012    
    SLICE_X56Y33         FDRE (Setup_fdre_C_R)       -0.524    14.488    BIN_TO_BCD/scratch_reg[5]
  -------------------------------------------------------------------
                         required time                         14.488    
                         arrival time                          -9.847    
  -------------------------------------------------------------------
                         slack                                  4.640    

Slack (MET) :             4.640ns  (required time - arrival time)
  Source:                 SEL0_DEBOUNCE/ff3_reg/C
                            (rising edge-triggered cell FDRE clocked by sys_clk_pin  {rise@0.000ns fall@5.000ns period=10.000ns})
  Destination:            BIN_TO_BCD/scratch_reg[6]/R
                            (rising edge-triggered cell FDRE clocked by sys_clk_pin  {rise@0.000ns fall@5.000ns period=10.000ns})
  Path Group:             sys_clk_pin
  Path Type:              Setup (Max at Slow Process Corner)
  Requirement:            10.000ns  (sys_clk_pin rise@10.000ns - sys_clk_pin rise@0.000ns)
  Data Path Delay:        4.764ns  (logic 1.062ns (22.291%)  route 3.702ns (77.709%))
  Logic Levels:           3  (LUT3=1 LUT5=1 LUT6=1)
  Clock Path Skew:        -0.036ns (DCD - SCD + CPR)
    Destination Clock Delay (DCD):    4.787ns = ( 14.787 - 10.000 ) 
    Source Clock Delay      (SCD):    5.083ns
    Clock Pessimism Removal (CPR):    0.260ns
  Clock Uncertainty:      0.035ns  ((TSJ^2 + TIJ^2)^1/2 + DJ) / 2 + PE
    Total System Jitter     (TSJ):    0.071ns
    Total Input Jitter      (TIJ):    0.000ns
    Discrete Jitter          (DJ):    0.000ns
    Phase Error              (PE):    0.000ns

    Location             Delay type                Incr(ns)  Path(ns)    Netlist Resource(s)
  -------------------------------------------------------------------    -------------------
                         (clock sys_clk_pin rise edge)
                                                      0.000     0.000 r  
    W5                                                0.000     0.000 r  clk (IN)
                         net (fo=0)                   0.000     0.000    clk
    W5                   IBUF (Prop_ibuf_I_O)         1.458     1.458 r  clk_IBUF_inst/O
                         net (fo=1, routed)           1.967     3.425    clk_IBUF
    BUFGCTRL_X0Y0        BUFG (Prop_bufg_I_O)         0.096     3.521 r  clk_IBUF_BUFG_inst/O
                         net (fo=200, routed)         1.562     5.083    SEL0_DEBOUNCE/CLK
    SLICE_X55Y32         FDRE                                         r  SEL0_DEBOUNCE/ff3_reg/C
  -------------------------------------------------------------------    -------------------
    SLICE_X55Y32         FDRE (Prop_fdre_C_Q)         0.456     5.539 r  SEL0_DEBOUNCE/ff3_reg/Q
                         net (fo=53, routed)          1.189     6.728    BIN_REG/ff3
    SLICE_X58Y34         LUT3 (Prop_lut3_I1_O)        0.150     6.878 r  BIN_REG/count[4]_i_7/O
                         net (fo=2, routed)           1.112     7.990    BIN_REG/bin_val_reg[12]_0
    SLICE_X58Y34         LUT6 (Prop_lut6_I4_O)        0.332     8.322 r  BIN_REG/count[4]_i_3/O
                         net (fo=14, routed)          0.642     8.964    BIN_REG/bin_val_reg[13]_0
    SLICE_X58Y32         LUT5 (Prop_lut5_I0_O)        0.124     9.088 r  BIN_REG/count[4]_i_1/O
                         net (fo=41, routed)          0.759     9.847    BIN_TO_BCD/SR[0]
    SLICE_X56Y33         FDRE                                         r  BIN_TO_BCD/scratch_reg[6]/R
  -------------------------------------------------------------------    -------------------

                         (clock sys_clk_pin rise edge)
                                                     10.000    10.000 r  
    W5                                                0.000    10.000 r  clk (IN)
                         net (fo=0)                   0.000    10.000    clk
    W5                   IBUF (Prop_ibuf_I_O)         1.388    11.388 r  clk_IBUF_inst/O
                         net (fo=1, routed)           1.862    13.250    clk_IBUF
    BUFGCTRL_X0Y0        BUFG (Prop_bufg_I_O)         0.091    13.341 r  clk_IBUF_BUFG_inst/O
                         net (fo=200, routed)         1.446    14.787    BIN_TO_BCD/CLK
    SLICE_X56Y33         FDRE                                         r  BIN_TO_BCD/scratch_reg[6]/C
                         clock pessimism              0.260    15.047    
                         clock uncertainty           -0.035    15.012    
    SLICE_X56Y33         FDRE (Setup_fdre_C_R)       -0.524    14.488    BIN_TO_BCD/scratch_reg[6]
  -------------------------------------------------------------------
                         required time                         14.488    
                         arrival time                          -9.847    
  -------------------------------------------------------------------
                         slack                                  4.640    

Slack (MET) :             4.640ns  (required time - arrival time)
  Source:                 SEL0_DEBOUNCE/ff3_reg/C
                            (rising edge-triggered cell FDRE clocked by sys_clk_pin  {rise@0.000ns fall@5.000ns period=10.000ns})
  Destination:            BIN_TO_BCD/scratch_reg[7]/R
                            (rising edge-triggered cell FDRE clocked by sys_clk_pin  {rise@0.000ns fall@5.000ns period=10.000ns})
  Path Group:             sys_clk_pin
  Path Type:              Setup (Max at Slow Process Corner)
  Requirement:            10.000ns  (sys_clk_pin rise@10.000ns - sys_clk_pin rise@0.000ns)
  Data Path Delay:        4.764ns  (logic 1.062ns (22.291%)  route 3.702ns (77.709%))
  Logic Levels:           3  (LUT3=1 LUT5=1 LUT6=1)
  Clock Path Skew:        -0.036ns (DCD - SCD + CPR)
    Destination Clock Delay (DCD):    4.787ns = ( 14.787 - 10.000 ) 
    Source Clock Delay      (SCD):    5.083ns
    Clock Pessimism Removal (CPR):    0.260ns
  Clock Uncertainty:      0.035ns  ((TSJ^2 + TIJ^2)^1/2 + DJ) / 2 + PE
    Total System Jitter     (TSJ):    0.071ns
    Total Input Jitter      (TIJ):    0.000ns
    Discrete Jitter          (DJ):    0.000ns
    Phase Error              (PE):    0.000ns

    Location             Delay type                Incr(ns)  Path(ns)    Netlist Resource(s)
  -------------------------------------------------------------------    -------------------
                         (clock sys_clk_pin rise edge)
                                                      0.000     0.000 r  
    W5                                                0.000     0.000 r  clk (IN)
                         net (fo=0)                   0.000     0.000    clk
    W5                   IBUF (Prop_ibuf_I_O)         1.458     1.458 r  clk_IBUF_inst/O
                         net (fo=1, routed)           1.967     3.425    clk_IBUF
    BUFGCTRL_X0Y0        BUFG (Prop_bufg_I_O)         0.096     3.521 r  clk_IBUF_BUFG_inst/O
                         net (fo=200, routed)         1.562     5.083    SEL0_DEBOUNCE/CLK
    SLICE_X55Y32         FDRE                                         r  SEL0_DEBOUNCE/ff3_reg/C
  -------------------------------------------------------------------    -------------------
    SLICE_X55Y32         FDRE (Prop_fdre_C_Q)         0.456     5.539 r  SEL0_DEBOUNCE/ff3_reg/Q
                         net (fo=53, routed)          1.189     6.728    BIN_REG/ff3
    SLICE_X58Y34         LUT3 (Prop_lut3_I1_O)        0.150     6.878 r  BIN_REG/count[4]_i_7/O
                         net (fo=2, routed)           1.112     7.990    BIN_REG/bin_val_reg[12]_0
    SLICE_X58Y34         LUT6 (Prop_lut6_I4_O)        0.332     8.322 r  BIN_REG/count[4]_i_3/O
                         net (fo=14, routed)          0.642     8.964    BIN_REG/bin_val_reg[13]_0
    SLICE_X58Y32         LUT5 (Prop_lut5_I0_O)        0.124     9.088 r  BIN_REG/count[4]_i_1/O
                         net (fo=41, routed)          0.759     9.847    BIN_TO_BCD/SR[0]
    SLICE_X56Y33         FDRE                                         r  BIN_TO_BCD/scratch_reg[7]/R
  -------------------------------------------------------------------    -------------------

                         (clock sys_clk_pin rise edge)
                                                     10.000    10.000 r  
    W5                                                0.000    10.000 r  clk (IN)
                         net (fo=0)                   0.000    10.000    clk
    W5                   IBUF (Prop_ibuf_I_O)         1.388    11.388 r  clk_IBUF_inst/O
                         net (fo=1, routed)           1.862    13.250    clk_IBUF
    BUFGCTRL_X0Y0        BUFG (Prop_bufg_I_O)         0.091    13.341 r  clk_IBUF_BUFG_inst/O
                         net (fo=200, routed)         1.446    14.787    BIN_TO_BCD/CLK
    SLICE_X56Y33         FDRE                                         r  BIN_TO_BCD/scratch_reg[7]/C
                         clock pessimism              0.260    15.047    
                         clock uncertainty           -0.035    15.012    
    SLICE_X56Y33         FDRE (Setup_fdre_C_R)       -0.524    14.488    BIN_TO_BCD/scratch_reg[7]
  -------------------------------------------------------------------
                         required time                         14.488    
                         arrival time                          -9.847    
  -------------------------------------------------------------------
                         slack                                  4.640    

Slack (MET) :             4.712ns  (required time - arrival time)
  Source:                 SEL0_DEBOUNCE/ff3_reg/C
                            (rising edge-triggered cell FDRE clocked by sys_clk_pin  {rise@0.000ns fall@5.000ns period=10.000ns})
  Destination:            BIN_TO_BCD/scratch_reg[0]/R
                            (rising edge-triggered cell FDRE clocked by sys_clk_pin  {rise@0.000ns fall@5.000ns period=10.000ns})
  Path Group:             sys_clk_pin
  Path Type:              Setup (Max at Slow Process Corner)
  Requirement:            10.000ns  (sys_clk_pin rise@10.000ns - sys_clk_pin rise@0.000ns)
  Data Path Delay:        4.784ns  (logic 1.062ns (22.198%)  route 3.722ns (77.802%))
  Logic Levels:           3  (LUT3=1 LUT5=1 LUT6=1)
  Clock Path Skew:        -0.039ns (DCD - SCD + CPR)
    Destination Clock Delay (DCD):    4.784ns = ( 14.784 - 10.000 ) 
    Source Clock Delay      (SCD):    5.083ns
    Clock Pessimism Removal (CPR):    0.260ns
  Clock Uncertainty:      0.035ns  ((TSJ^2 + TIJ^2)^1/2 + DJ) / 2 + PE
    Total System Jitter     (TSJ):    0.071ns
    Total Input Jitter      (TIJ):    0.000ns
    Discrete Jitter          (DJ):    0.000ns
    Phase Error              (PE):    0.000ns

    Location             Delay type                Incr(ns)  Path(ns)    Netlist Resource(s)
  -------------------------------------------------------------------    -------------------
                         (clock sys_clk_pin rise edge)
                                                      0.000     0.000 r  
    W5                                                0.000     0.000 r  clk (IN)
                         net (fo=0)                   0.000     0.000    clk
    W5                   IBUF (Prop_ibuf_I_O)         1.458     1.458 r  clk_IBUF_inst/O
                         net (fo=1, routed)           1.967     3.425    clk_IBUF
    BUFGCTRL_X0Y0        BUFG (Prop_bufg_I_O)         0.096     3.521 r  clk_IBUF_BUFG_inst/O
                         net (fo=200, routed)         1.562     5.083    SEL0_DEBOUNCE/CLK
    SLICE_X55Y32         FDRE                                         r  SEL0_DEBOUNCE/ff3_reg/C
  -------------------------------------------------------------------    -------------------
    SLICE_X55Y32         FDRE (Prop_fdre_C_Q)         0.456     5.539 r  SEL0_DEBOUNCE/ff3_reg/Q
                         net (fo=53, routed)          1.189     6.728    BIN_REG/ff3
    SLICE_X58Y34         LUT3 (Prop_lut3_I1_O)        0.150     6.878 r  BIN_REG/count[4]_i_7/O
                         net (fo=2, routed)           1.112     7.990    BIN_REG/bin_val_reg[12]_0
    SLICE_X58Y34         LUT6 (Prop_lut6_I4_O)        0.332     8.322 r  BIN_REG/count[4]_i_3/O
                         net (fo=14, routed)          0.642     8.964    BIN_REG/bin_val_reg[13]_0
    SLICE_X58Y32         LUT5 (Prop_lut5_I0_O)        0.124     9.088 r  BIN_REG/count[4]_i_1/O
                         net (fo=41, routed)          0.779     9.868    BIN_TO_BCD/SR[0]
    SLICE_X57Y31         FDRE                                         r  BIN_TO_BCD/scratch_reg[0]/R
  -------------------------------------------------------------------    -------------------

                         (clock sys_clk_pin rise edge)
                                                     10.000    10.000 r  
    W5                                                0.000    10.000 r  clk (IN)
                         net (fo=0)                   0.000    10.000    clk
    W5                   IBUF (Prop_ibuf_I_O)         1.388    11.388 r  clk_IBUF_inst/O
                         net (fo=1, routed)           1.862    13.250    clk_IBUF
    BUFGCTRL_X0Y0        BUFG (Prop_bufg_I_O)         0.091    13.341 r  clk_IBUF_BUFG_inst/O
                         net (fo=200, routed)         1.443    14.784    BIN_TO_BCD/CLK
    SLICE_X57Y31         FDRE                                         r  BIN_TO_BCD/scratch_reg[0]/C
                         clock pessimism              0.260    15.044    
                         clock uncertainty           -0.035    15.009    
    SLICE_X57Y31         FDRE (Setup_fdre_C_R)       -0.429    14.580    BIN_TO_BCD/scratch_reg[0]
  -------------------------------------------------------------------
                         required time                         14.580    
                         arrival time                          -9.868    
  -------------------------------------------------------------------
                         slack                                  4.712    





Min Delay Paths
--------------------------------------------------------------------------------------
Slack (MET) :             0.165ns  (arrival time - required time)
  Source:                 SYNCHRONIZER/synch_out_reg[1]/C
                            (rising edge-triggered cell FDRE clocked by sys_clk_pin  {rise@0.000ns fall@5.000ns period=10.000ns})
  Destination:            BIN_REG/bin_val_reg[1]/D
                            (rising edge-triggered cell FDRE clocked by sys_clk_pin  {rise@0.000ns fall@5.000ns period=10.000ns})
  Path Group:             sys_clk_pin
  Path Type:              Hold (Min at Fast Process Corner)
  Requirement:            0.000ns  (sys_clk_pin rise@0.000ns - sys_clk_pin rise@0.000ns)
  Data Path Delay:        0.277ns  (logic 0.141ns (50.923%)  route 0.136ns (49.077%))
  Logic Levels:           0  
  Clock Path Skew:        0.036ns (DCD - SCD - CPR)
    Destination Clock Delay (DCD):    1.958ns
    Source Clock Delay      (SCD):    1.444ns
    Clock Pessimism Removal (CPR):    0.478ns

    Location             Delay type                Incr(ns)  Path(ns)    Netlist Resource(s)
  -------------------------------------------------------------------    -------------------
                         (clock sys_clk_pin rise edge)
                                                      0.000     0.000 r  
    W5                                                0.000     0.000 r  clk (IN)
                         net (fo=0)                   0.000     0.000    clk
    W5                   IBUF (Prop_ibuf_I_O)         0.226     0.226 r  clk_IBUF_inst/O
                         net (fo=1, routed)           0.631     0.858    clk_IBUF
    BUFGCTRL_X0Y0        BUFG (Prop_bufg_I_O)         0.026     0.884 r  clk_IBUF_BUFG_inst/O
                         net (fo=200, routed)         0.561     1.444    SYNCHRONIZER/CLK
    SLICE_X55Y33         FDRE                                         r  SYNCHRONIZER/synch_out_reg[1]/C
  -------------------------------------------------------------------    -------------------
    SLICE_X55Y33         FDRE (Prop_fdre_C_Q)         0.141     1.585 r  SYNCHRONIZER/synch_out_reg[1]/Q
                         net (fo=3, routed)           0.136     1.721    BIN_REG/bin_val_reg[15]_1[1]
    SLICE_X56Y34         FDRE                                         r  BIN_REG/bin_val_reg[1]/D
  -------------------------------------------------------------------    -------------------

                         (clock sys_clk_pin rise edge)
                                                      0.000     0.000 r  
    W5                                                0.000     0.000 r  clk (IN)
                         net (fo=0)                   0.000     0.000    clk
    W5                   IBUF (Prop_ibuf_I_O)         0.414     0.414 r  clk_IBUF_inst/O
                         net (fo=1, routed)           0.685     1.099    clk_IBUF
    BUFGCTRL_X0Y0        BUFG (Prop_bufg_I_O)         0.029     1.128 r  clk_IBUF_BUFG_inst/O
                         net (fo=200, routed)         0.831     1.958    BIN_REG/CLK
    SLICE_X56Y34         FDRE                                         r  BIN_REG/bin_val_reg[1]/C
                         clock pessimism             -0.478     1.480    
    SLICE_X56Y34         FDRE (Hold_fdre_C_D)         0.076     1.556    BIN_REG/bin_val_reg[1]
  -------------------------------------------------------------------
                         required time                         -1.556    
                         arrival time                           1.721    
  -------------------------------------------------------------------
                         slack                                  0.165    

Slack (MET) :             0.177ns  (arrival time - required time)
  Source:                 BIN_TO_BCD/scratch_reg[19]/C
                            (rising edge-triggered cell FDRE clocked by sys_clk_pin  {rise@0.000ns fall@5.000ns period=10.000ns})
  Destination:            BIN_TO_BCD/bcd_out_reg[3]/D
                            (rising edge-triggered cell FDRE clocked by sys_clk_pin  {rise@0.000ns fall@5.000ns period=10.000ns})
  Path Group:             sys_clk_pin
  Path Type:              Hold (Min at Fast Process Corner)
  Requirement:            0.000ns  (sys_clk_pin rise@0.000ns - sys_clk_pin rise@0.000ns)
  Data Path Delay:        0.305ns  (logic 0.186ns (60.887%)  route 0.119ns (39.113%))
  Logic Levels:           1  (LUT5=1)
  Clock Path Skew:        0.036ns (DCD - SCD - CPR)
    Destination Clock Delay (DCD):    1.986ns
    Source Clock Delay      (SCD):    1.472ns
    Clock Pessimism Removal (CPR):    0.478ns

    Location             Delay type                Incr(ns)  Path(ns)    Netlist Resource(s)
  -------------------------------------------------------------------    -------------------
                         (clock sys_clk_pin rise edge)
                                                      0.000     0.000 r  
    W5                                                0.000     0.000 r  clk (IN)
                         net (fo=0)                   0.000     0.000    clk
    W5                   IBUF (Prop_ibuf_I_O)         0.226     0.226 r  clk_IBUF_inst/O
                         net (fo=1, routed)           0.631     0.858    clk_IBUF
    BUFGCTRL_X0Y0        BUFG (Prop_bufg_I_O)         0.026     0.884 r  clk_IBUF_BUFG_inst/O
                         net (fo=200, routed)         0.589     1.472    BIN_TO_BCD/CLK
    SLICE_X59Y33         FDRE                                         r  BIN_TO_BCD/scratch_reg[19]/C
  -------------------------------------------------------------------    -------------------
    SLICE_X59Y33         FDRE (Prop_fdre_C_Q)         0.141     1.613 r  BIN_TO_BCD/scratch_reg[19]/Q
                         net (fo=5, routed)           0.119     1.733    BIN_TO_BCD/scratch_reg_n_0_[19]
    SLICE_X63Y33         LUT5 (Prop_lut5_I0_O)        0.045     1.778 r  BIN_TO_BCD/bcd_out[3]_i_1/O
                         net (fo=1, routed)           0.000     1.778    BIN_TO_BCD/bcd_out[3]_i_1_n_0
    SLICE_X63Y33         FDRE                                         r  BIN_TO_BCD/bcd_out_reg[3]/D
  -------------------------------------------------------------------    -------------------

                         (clock sys_clk_pin rise edge)
                                                      0.000     0.000 r  
    W5                                                0.000     0.000 r  clk (IN)
                         net (fo=0)                   0.000     0.000    clk
    W5                   IBUF (Prop_ibuf_I_O)         0.414     0.414 r  clk_IBUF_inst/O
                         net (fo=1, routed)           0.685     1.099    clk_IBUF
    BUFGCTRL_X0Y0        BUFG (Prop_bufg_I_O)         0.029     1.128 r  clk_IBUF_BUFG_inst/O
                         net (fo=200, routed)         0.859     1.986    BIN_TO_BCD/CLK
    SLICE_X63Y33         FDRE                                         r  BIN_TO_BCD/bcd_out_reg[3]/C
                         clock pessimism             -0.478     1.508    
    SLICE_X63Y33         FDRE (Hold_fdre_C_D)         0.092     1.600    BIN_TO_BCD/bcd_out_reg[3]
  -------------------------------------------------------------------
                         required time                         -1.600    
                         arrival time                           1.778    
  -------------------------------------------------------------------
                         slack                                  0.177    

Slack (MET) :             0.178ns  (arrival time - required time)
  Source:                 BIN_TO_BCD/scratch_reg[29]/C
                            (rising edge-triggered cell FDRE clocked by sys_clk_pin  {rise@0.000ns fall@5.000ns period=10.000ns})
  Destination:            BIN_TO_BCD/bcd_out_reg[13]/D
                            (rising edge-triggered cell FDRE clocked by sys_clk_pin  {rise@0.000ns fall@5.000ns period=10.000ns})
  Path Group:             sys_clk_pin
  Path Type:              Hold (Min at Fast Process Corner)
  Requirement:            0.000ns  (sys_clk_pin rise@0.000ns - sys_clk_pin rise@0.000ns)
  Data Path Delay:        0.282ns  (logic 0.209ns (74.032%)  route 0.073ns (25.968%))
  Logic Levels:           1  (LUT5=1)
  Clock Path Skew:        0.013ns (DCD - SCD - CPR)
    Destination Clock Delay (DCD):    1.985ns
    Source Clock Delay      (SCD):    1.473ns
    Clock Pessimism Removal (CPR):    0.499ns

    Location             Delay type                Incr(ns)  Path(ns)    Netlist Resource(s)
  -------------------------------------------------------------------    -------------------
                         (clock sys_clk_pin rise edge)
                                                      0.000     0.000 r  
    W5                                                0.000     0.000 r  clk (IN)
                         net (fo=0)                   0.000     0.000    clk
    W5                   IBUF (Prop_ibuf_I_O)         0.226     0.226 r  clk_IBUF_inst/O
                         net (fo=1, routed)           0.631     0.858    clk_IBUF
    BUFGCTRL_X0Y0        BUFG (Prop_bufg_I_O)         0.026     0.884 r  clk_IBUF_BUFG_inst/O
                         net (fo=200, routed)         0.590     1.473    BIN_TO_BCD/CLK
    SLICE_X60Y34         FDRE                                         r  BIN_TO_BCD/scratch_reg[29]/C
  -------------------------------------------------------------------    -------------------
    SLICE_X60Y34         FDRE (Prop_fdre_C_Q)         0.164     1.637 r  BIN_TO_BCD/scratch_reg[29]/Q
                         net (fo=4, routed)           0.073     1.710    BIN_TO_BCD/p_0_in[1]
    SLICE_X61Y34         LUT5 (Prop_lut5_I0_O)        0.045     1.755 r  BIN_TO_BCD/bcd_out[13]_i_1/O
                         net (fo=1, routed)           0.000     1.755    BIN_TO_BCD/bcd_out[13]_i_1_n_0
    SLICE_X61Y34         FDRE                                         r  BIN_TO_BCD/bcd_out_reg[13]/D
  -------------------------------------------------------------------    -------------------

                         (clock sys_clk_pin rise edge)
                                                      0.000     0.000 r  
    W5                                                0.000     0.000 r  clk (IN)
                         net (fo=0)                   0.000     0.000    clk
    W5                   IBUF (Prop_ibuf_I_O)         0.414     0.414 r  clk_IBUF_inst/O
                         net (fo=1, routed)           0.685     1.099    clk_IBUF
    BUFGCTRL_X0Y0        BUFG (Prop_bufg_I_O)         0.029     1.128 r  clk_IBUF_BUFG_inst/O
                         net (fo=200, routed)         0.858     1.985    BIN_TO_BCD/CLK
    SLICE_X61Y34         FDRE                                         r  BIN_TO_BCD/bcd_out_reg[13]/C
                         clock pessimism             -0.499     1.486    
    SLICE_X61Y34         FDRE (Hold_fdre_C_D)         0.091     1.577    BIN_TO_BCD/bcd_out_reg[13]
  -------------------------------------------------------------------
                         required time                         -1.577    
                         arrival time                           1.755    
  -------------------------------------------------------------------
                         slack                                  0.178    

Slack (MET) :             0.179ns  (arrival time - required time)
  Source:                 SYNCHRONIZER/middle_reg[14]/C
                            (rising edge-triggered cell FDRE clocked by sys_clk_pin  {rise@0.000ns fall@5.000ns period=10.000ns})
  Destination:            SYNCHRONIZER/synch_out_reg[14]/D
                            (rising edge-triggered cell FDRE clocked by sys_clk_pin  {rise@0.000ns fall@5.000ns period=10.000ns})
  Path Group:             sys_clk_pin
  Path Type:              Hold (Min at Fast Process Corner)
  Requirement:            0.000ns  (sys_clk_pin rise@0.000ns - sys_clk_pin rise@0.000ns)
  Data Path Delay:        0.251ns  (logic 0.141ns (56.174%)  route 0.110ns (43.826%))
  Logic Levels:           0  
  Clock Path Skew:        0.000ns (DCD - SCD - CPR)
    Destination Clock Delay (DCD):    1.985ns
    Source Clock Delay      (SCD):    1.472ns
    Clock Pessimism Removal (CPR):    0.513ns

    Location             Delay type                Incr(ns)  Path(ns)    Netlist Resource(s)
  -------------------------------------------------------------------    -------------------
                         (clock sys_clk_pin rise edge)
                                                      0.000     0.000 r  
    W5                                                0.000     0.000 r  clk (IN)
                         net (fo=0)                   0.000     0.000    clk
    W5                   IBUF (Prop_ibuf_I_O)         0.226     0.226 r  clk_IBUF_inst/O
                         net (fo=1, routed)           0.631     0.858    clk_IBUF
    BUFGCTRL_X0Y0        BUFG (Prop_bufg_I_O)         0.026     0.884 r  clk_IBUF_BUFG_inst/O
                         net (fo=200, routed)         0.589     1.472    SYNCHRONIZER/CLK
    SLICE_X63Y32         FDRE                                         r  SYNCHRONIZER/middle_reg[14]/C
  -------------------------------------------------------------------    -------------------
    SLICE_X63Y32         FDRE (Prop_fdre_C_Q)         0.141     1.613 r  SYNCHRONIZER/middle_reg[14]/Q
                         net (fo=1, routed)           0.110     1.723    SYNCHRONIZER/middle[14]
    SLICE_X63Y32         FDRE                                         r  SYNCHRONIZER/synch_out_reg[14]/D
  -------------------------------------------------------------------    -------------------

                         (clock sys_clk_pin rise edge)
                                                      0.000     0.000 r  
    W5                                                0.000     0.000 r  clk (IN)
                         net (fo=0)                   0.000     0.000    clk
    W5                   IBUF (Prop_ibuf_I_O)         0.414     0.414 r  clk_IBUF_inst/O
                         net (fo=1, routed)           0.685     1.099    clk_IBUF
    BUFGCTRL_X0Y0        BUFG (Prop_bufg_I_O)         0.029     1.128 r  clk_IBUF_BUFG_inst/O
                         net (fo=200, routed)         0.858     1.985    SYNCHRONIZER/CLK
    SLICE_X63Y32         FDRE                                         r  SYNCHRONIZER/synch_out_reg[14]/C
                         clock pessimism             -0.513     1.472    
    SLICE_X63Y32         FDRE (Hold_fdre_C_D)         0.072     1.544    SYNCHRONIZER/synch_out_reg[14]
  -------------------------------------------------------------------
                         required time                         -1.544    
                         arrival time                           1.723    
  -------------------------------------------------------------------
                         slack                                  0.179    

Slack (MET) :             0.179ns  (arrival time - required time)
  Source:                 SYNCHRONIZER/middle_reg[8]/C
                            (rising edge-triggered cell FDRE clocked by sys_clk_pin  {rise@0.000ns fall@5.000ns period=10.000ns})
  Destination:            SYNCHRONIZER/synch_out_reg[8]/D
                            (rising edge-triggered cell FDRE clocked by sys_clk_pin  {rise@0.000ns fall@5.000ns period=10.000ns})
  Path Group:             sys_clk_pin
  Path Type:              Hold (Min at Fast Process Corner)
  Requirement:            0.000ns  (sys_clk_pin rise@0.000ns - sys_clk_pin rise@0.000ns)
  Data Path Delay:        0.251ns  (logic 0.141ns (56.174%)  route 0.110ns (43.826%))
  Logic Levels:           0  
  Clock Path Skew:        0.000ns (DCD - SCD - CPR)
    Destination Clock Delay (DCD):    1.957ns
    Source Clock Delay      (SCD):    1.444ns
    Clock Pessimism Removal (CPR):    0.513ns

    Location             Delay type                Incr(ns)  Path(ns)    Netlist Resource(s)
  -------------------------------------------------------------------    -------------------
                         (clock sys_clk_pin rise edge)
                                                      0.000     0.000 r  
    W5                                                0.000     0.000 r  clk (IN)
                         net (fo=0)                   0.000     0.000    clk
    W5                   IBUF (Prop_ibuf_I_O)         0.226     0.226 r  clk_IBUF_inst/O
                         net (fo=1, routed)           0.631     0.858    clk_IBUF
    BUFGCTRL_X0Y0        BUFG (Prop_bufg_I_O)         0.026     0.884 r  clk_IBUF_BUFG_inst/O
                         net (fo=200, routed)         0.561     1.444    SYNCHRONIZER/CLK
    SLICE_X55Y33         FDRE                                         r  SYNCHRONIZER/middle_reg[8]/C
  -------------------------------------------------------------------    -------------------
    SLICE_X55Y33         FDRE (Prop_fdre_C_Q)         0.141     1.585 r  SYNCHRONIZER/middle_reg[8]/Q
                         net (fo=1, routed)           0.110     1.695    SYNCHRONIZER/middle[8]
    SLICE_X55Y33         FDRE                                         r  SYNCHRONIZER/synch_out_reg[8]/D
  -------------------------------------------------------------------    -------------------

                         (clock sys_clk_pin rise edge)
                                                      0.000     0.000 r  
    W5                                                0.000     0.000 r  clk (IN)
                         net (fo=0)                   0.000     0.000    clk
    W5                   IBUF (Prop_ibuf_I_O)         0.414     0.414 r  clk_IBUF_inst/O
                         net (fo=1, routed)           0.685     1.099    clk_IBUF
    BUFGCTRL_X0Y0        BUFG (Prop_bufg_I_O)         0.029     1.128 r  clk_IBUF_BUFG_inst/O
                         net (fo=200, routed)         0.830     1.957    SYNCHRONIZER/CLK
    SLICE_X55Y33         FDRE                                         r  SYNCHRONIZER/synch_out_reg[8]/C
                         clock pessimism             -0.513     1.444    
    SLICE_X55Y33         FDRE (Hold_fdre_C_D)         0.072     1.516    SYNCHRONIZER/synch_out_reg[8]
  -------------------------------------------------------------------
                         required time                         -1.516    
                         arrival time                           1.695    
  -------------------------------------------------------------------
                         slack                                  0.179    

Slack (MET) :             0.185ns  (arrival time - required time)
  Source:                 SYNCHRONIZER/middle_reg[13]/C
                            (rising edge-triggered cell FDRE clocked by sys_clk_pin  {rise@0.000ns fall@5.000ns period=10.000ns})
  Destination:            SYNCHRONIZER/synch_out_reg[13]/D
                            (rising edge-triggered cell FDRE clocked by sys_clk_pin  {rise@0.000ns fall@5.000ns period=10.000ns})
  Path Group:             sys_clk_pin
  Path Type:              Hold (Min at Fast Process Corner)
  Requirement:            0.000ns  (sys_clk_pin rise@0.000ns - sys_clk_pin rise@0.000ns)
  Data Path Delay:        0.255ns  (logic 0.141ns (55.385%)  route 0.114ns (44.615%))
  Logic Levels:           0  
  Clock Path Skew:        0.000ns (DCD - SCD - CPR)
    Destination Clock Delay (DCD):    1.991ns
    Source Clock Delay      (SCD):    1.476ns
    Clock Pessimism Removal (CPR):    0.515ns

    Location             Delay type                Incr(ns)  Path(ns)    Netlist Resource(s)
  -------------------------------------------------------------------    -------------------
                         (clock sys_clk_pin rise edge)
                                                      0.000     0.000 r  
    W5                                                0.000     0.000 r  clk (IN)
                         net (fo=0)                   0.000     0.000    clk
    W5                   IBUF (Prop_ibuf_I_O)         0.226     0.226 r  clk_IBUF_inst/O
                         net (fo=1, routed)           0.631     0.858    clk_IBUF
    BUFGCTRL_X0Y0        BUFG (Prop_bufg_I_O)         0.026     0.884 r  clk_IBUF_BUFG_inst/O
                         net (fo=200, routed)         0.593     1.476    SYNCHRONIZER/CLK
    SLICE_X62Y38         FDRE                                         r  SYNCHRONIZER/middle_reg[13]/C
  -------------------------------------------------------------------    -------------------
    SLICE_X62Y38         FDRE (Prop_fdre_C_Q)         0.141     1.617 r  SYNCHRONIZER/middle_reg[13]/Q
                         net (fo=1, routed)           0.114     1.731    SYNCHRONIZER/middle[13]
    SLICE_X62Y38         FDRE                                         r  SYNCHRONIZER/synch_out_reg[13]/D
  -------------------------------------------------------------------    -------------------

                         (clock sys_clk_pin rise edge)
                                                      0.000     0.000 r  
    W5                                                0.000     0.000 r  clk (IN)
                         net (fo=0)                   0.000     0.000    clk
    W5                   IBUF (Prop_ibuf_I_O)         0.414     0.414 r  clk_IBUF_inst/O
                         net (fo=1, routed)           0.685     1.099    clk_IBUF
    BUFGCTRL_X0Y0        BUFG (Prop_bufg_I_O)         0.029     1.128 r  clk_IBUF_BUFG_inst/O
                         net (fo=200, routed)         0.864     1.991    SYNCHRONIZER/CLK
    SLICE_X62Y38         FDRE                                         r  SYNCHRONIZER/synch_out_reg[13]/C
                         clock pessimism             -0.515     1.476    
    SLICE_X62Y38         FDRE (Hold_fdre_C_D)         0.070     1.546    SYNCHRONIZER/synch_out_reg[13]
  -------------------------------------------------------------------
                         required time                         -1.546    
                         arrival time                           1.731    
  -------------------------------------------------------------------
                         slack                                  0.185    

Slack (MET) :             0.185ns  (arrival time - required time)
  Source:                 SYNCHRONIZER/middle_reg[10]/C
                            (rising edge-triggered cell FDRE clocked by sys_clk_pin  {rise@0.000ns fall@5.000ns period=10.000ns})
  Destination:            SYNCHRONIZER/synch_out_reg[10]/D
                            (rising edge-triggered cell FDRE clocked by sys_clk_pin  {rise@0.000ns fall@5.000ns period=10.000ns})
  Path Group:             sys_clk_pin
  Path Type:              Hold (Min at Fast Process Corner)
  Requirement:            0.000ns  (sys_clk_pin rise@0.000ns - sys_clk_pin rise@0.000ns)
  Data Path Delay:        0.255ns  (logic 0.141ns (55.385%)  route 0.114ns (44.615%))
  Logic Levels:           0  
  Clock Path Skew:        0.000ns (DCD - SCD - CPR)
    Destination Clock Delay (DCD):    1.986ns
    Source Clock Delay      (SCD):    1.473ns
    Clock Pessimism Removal (CPR):    0.513ns

    Location             Delay type                Incr(ns)  Path(ns)    Netlist Resource(s)
  -------------------------------------------------------------------    -------------------
                         (clock sys_clk_pin rise edge)
                                                      0.000     0.000 r  
    W5                                                0.000     0.000 r  clk (IN)
                         net (fo=0)                   0.000     0.000    clk
    W5                   IBUF (Prop_ibuf_I_O)         0.226     0.226 r  clk_IBUF_inst/O
                         net (fo=1, routed)           0.631     0.858    clk_IBUF
    BUFGCTRL_X0Y0        BUFG (Prop_bufg_I_O)         0.026     0.884 r  clk_IBUF_BUFG_inst/O
                         net (fo=200, routed)         0.590     1.473    SYNCHRONIZER/CLK
    SLICE_X58Y36         FDRE                                         r  SYNCHRONIZER/middle_reg[10]/C
  -------------------------------------------------------------------    -------------------
    SLICE_X58Y36         FDRE (Prop_fdre_C_Q)         0.141     1.614 r  SYNCHRONIZER/middle_reg[10]/Q
                         net (fo=1, routed)           0.114     1.728    SYNCHRONIZER/middle[10]
    SLICE_X58Y36         FDRE                                         r  SYNCHRONIZER/synch_out_reg[10]/D
  -------------------------------------------------------------------    -------------------

                         (clock sys_clk_pin rise edge)
                                                      0.000     0.000 r  
    W5                                                0.000     0.000 r  clk (IN)
                         net (fo=0)                   0.000     0.000    clk
    W5                   IBUF (Prop_ibuf_I_O)         0.414     0.414 r  clk_IBUF_inst/O
                         net (fo=1, routed)           0.685     1.099    clk_IBUF
    BUFGCTRL_X0Y0        BUFG (Prop_bufg_I_O)         0.029     1.128 r  clk_IBUF_BUFG_inst/O
                         net (fo=200, routed)         0.859     1.986    SYNCHRONIZER/CLK
    SLICE_X58Y36         FDRE                                         r  SYNCHRONIZER/synch_out_reg[10]/C
                         clock pessimism             -0.513     1.473    
    SLICE_X58Y36         FDRE (Hold_fdre_C_D)         0.070     1.543    SYNCHRONIZER/synch_out_reg[10]
  -------------------------------------------------------------------
                         required time                         -1.543    
                         arrival time                           1.728    
  -------------------------------------------------------------------
                         slack                                  0.185    

Slack (MET) :             0.186ns  (arrival time - required time)
  Source:                 BIN_TO_BCD/scratch_reg[7]/C
                            (rising edge-triggered cell FDRE clocked by sys_clk_pin  {rise@0.000ns fall@5.000ns period=10.000ns})
  Destination:            BIN_TO_BCD/scratch_reg[8]/D
                            (rising edge-triggered cell FDRE clocked by sys_clk_pin  {rise@0.000ns fall@5.000ns period=10.000ns})
  Path Group:             sys_clk_pin
  Path Type:              Hold (Min at Fast Process Corner)
  Requirement:            0.000ns  (sys_clk_pin rise@0.000ns - sys_clk_pin rise@0.000ns)
  Data Path Delay:        0.291ns  (logic 0.209ns (71.796%)  route 0.082ns (28.204%))
  Logic Levels:           1  (LUT6=1)
  Clock Path Skew:        0.013ns (DCD - SCD - CPR)
    Destination Clock Delay (DCD):    1.957ns
    Source Clock Delay      (SCD):    1.446ns
    Clock Pessimism Removal (CPR):    0.498ns

    Location             Delay type                Incr(ns)  Path(ns)    Netlist Resource(s)
  -------------------------------------------------------------------    -------------------
                         (clock sys_clk_pin rise edge)
                                                      0.000     0.000 r  
    W5                                                0.000     0.000 r  clk (IN)
                         net (fo=0)                   0.000     0.000    clk
    W5                   IBUF (Prop_ibuf_I_O)         0.226     0.226 r  clk_IBUF_inst/O
                         net (fo=1, routed)           0.631     0.858    clk_IBUF
    BUFGCTRL_X0Y0        BUFG (Prop_bufg_I_O)         0.026     0.884 r  clk_IBUF_BUFG_inst/O
                         net (fo=200, routed)         0.563     1.446    BIN_TO_BCD/CLK
    SLICE_X56Y33         FDRE                                         r  BIN_TO_BCD/scratch_reg[7]/C
  -------------------------------------------------------------------    -------------------
    SLICE_X56Y33         FDRE (Prop_fdre_C_Q)         0.164     1.610 r  BIN_TO_BCD/scratch_reg[7]/Q
                         net (fo=1, routed)           0.082     1.692    BIN_TO_BCD/scratch_reg_n_0_[7]
    SLICE_X57Y33         LUT6 (Prop_lut6_I1_O)        0.045     1.737 r  BIN_TO_BCD/scratch[8]_i_1/O
                         net (fo=1, routed)           0.000     1.737    BIN_TO_BCD/next_scratch[8]
    SLICE_X57Y33         FDRE                                         r  BIN_TO_BCD/scratch_reg[8]/D
  -------------------------------------------------------------------    -------------------

                         (clock sys_clk_pin rise edge)
                                                      0.000     0.000 r  
    W5                                                0.000     0.000 r  clk (IN)
                         net (fo=0)                   0.000     0.000    clk
    W5                   IBUF (Prop_ibuf_I_O)         0.414     0.414 r  clk_IBUF_inst/O
                         net (fo=1, routed)           0.685     1.099    clk_IBUF
    BUFGCTRL_X0Y0        BUFG (Prop_bufg_I_O)         0.029     1.128 r  clk_IBUF_BUFG_inst/O
                         net (fo=200, routed)         0.830     1.957    BIN_TO_BCD/CLK
    SLICE_X57Y33         FDRE                                         r  BIN_TO_BCD/scratch_reg[8]/C
                         clock pessimism             -0.498     1.459    
    SLICE_X57Y33         FDRE (Hold_fdre_C_D)         0.092     1.551    BIN_TO_BCD/scratch_reg[8]
  -------------------------------------------------------------------
                         required time                         -1.551    
                         arrival time                           1.737    
  -------------------------------------------------------------------
                         slack                                  0.186    

Slack (MET) :             0.193ns  (arrival time - required time)
  Source:                 BIN_TO_BCD/scratch_reg[3]/C
                            (rising edge-triggered cell FDRE clocked by sys_clk_pin  {rise@0.000ns fall@5.000ns period=10.000ns})
  Destination:            BIN_TO_BCD/scratch_reg[4]/D
                            (rising edge-triggered cell FDRE clocked by sys_clk_pin  {rise@0.000ns fall@5.000ns period=10.000ns})
  Path Group:             sys_clk_pin
  Path Type:              Hold (Min at Fast Process Corner)
  Requirement:            0.000ns  (sys_clk_pin rise@0.000ns - sys_clk_pin rise@0.000ns)
  Data Path Delay:        0.326ns  (logic 0.186ns (57.037%)  route 0.140ns (42.963%))
  Logic Levels:           1  (LUT6=1)
  Clock Path Skew:        0.013ns (DCD - SCD - CPR)
    Destination Clock Delay (DCD):    1.957ns
    Source Clock Delay      (SCD):    1.446ns
    Clock Pessimism Removal (CPR):    0.498ns

    Location             Delay type                Incr(ns)  Path(ns)    Netlist Resource(s)
  -------------------------------------------------------------------    -------------------
                         (clock sys_clk_pin rise edge)
                                                      0.000     0.000 r  
    W5                                                0.000     0.000 r  clk (IN)
                         net (fo=0)                   0.000     0.000    clk
    W5                   IBUF (Prop_ibuf_I_O)         0.226     0.226 r  clk_IBUF_inst/O
                         net (fo=1, routed)           0.631     0.858    clk_IBUF
    BUFGCTRL_X0Y0        BUFG (Prop_bufg_I_O)         0.026     0.884 r  clk_IBUF_BUFG_inst/O
                         net (fo=200, routed)         0.563     1.446    BIN_TO_BCD/CLK
    SLICE_X57Y33         FDRE                                         r  BIN_TO_BCD/scratch_reg[3]/C
  -------------------------------------------------------------------    -------------------
    SLICE_X57Y33         FDRE (Prop_fdre_C_Q)         0.141     1.587 r  BIN_TO_BCD/scratch_reg[3]/Q
                         net (fo=1, routed)           0.140     1.727    BIN_TO_BCD/scratch_reg_n_0_[3]
    SLICE_X56Y33         LUT6 (Prop_lut6_I1_O)        0.045     1.772 r  BIN_TO_BCD/scratch[4]_i_1/O
                         net (fo=1, routed)           0.000     1.772    BIN_TO_BCD/next_scratch[4]
    SLICE_X56Y33         FDRE                                         r  BIN_TO_BCD/scratch_reg[4]/D
  -------------------------------------------------------------------    -------------------

                         (clock sys_clk_pin rise edge)
                                                      0.000     0.000 r  
    W5                                                0.000     0.000 r  clk (IN)
                         net (fo=0)                   0.000     0.000    clk
    W5                   IBUF (Prop_ibuf_I_O)         0.414     0.414 r  clk_IBUF_inst/O
                         net (fo=1, routed)           0.685     1.099    clk_IBUF
    BUFGCTRL_X0Y0        BUFG (Prop_bufg_I_O)         0.029     1.128 r  clk_IBUF_BUFG_inst/O
                         net (fo=200, routed)         0.830     1.957    BIN_TO_BCD/CLK
    SLICE_X56Y33         FDRE                                         r  BIN_TO_BCD/scratch_reg[4]/C
                         clock pessimism             -0.498     1.459    
    SLICE_X56Y33         FDRE (Hold_fdre_C_D)         0.120     1.579    BIN_TO_BCD/scratch_reg[4]
  -------------------------------------------------------------------
                         required time                         -1.579    
                         arrival time                           1.772    
  -------------------------------------------------------------------
                         slack                                  0.193    

Slack (MET) :             0.198ns  (arrival time - required time)
  Source:                 BIN_REG/bin_val_reg[0]/C
                            (rising edge-triggered cell FDRE clocked by sys_clk_pin  {rise@0.000ns fall@5.000ns period=10.000ns})
  Destination:            BIN_TO_BCD/scratch_reg[0]/D
                            (rising edge-triggered cell FDRE clocked by sys_clk_pin  {rise@0.000ns fall@5.000ns period=10.000ns})
  Path Group:             sys_clk_pin
  Path Type:              Hold (Min at Fast Process Corner)
  Requirement:            0.000ns  (sys_clk_pin rise@0.000ns - sys_clk_pin rise@0.000ns)
  Data Path Delay:        0.302ns  (logic 0.209ns (69.158%)  route 0.093ns (30.842%))
  Logic Levels:           1  (LUT4=1)
  Clock Path Skew:        0.013ns (DCD - SCD - CPR)
    Destination Clock Delay (DCD):    1.955ns
    Source Clock Delay      (SCD):    1.444ns
    Clock Pessimism Removal (CPR):    0.498ns

    Location             Delay type                Incr(ns)  Path(ns)    Netlist Resource(s)
  -------------------------------------------------------------------    -------------------
                         (clock sys_clk_pin rise edge)
                                                      0.000     0.000 r  
    W5                                                0.000     0.000 r  clk (IN)
                         net (fo=0)                   0.000     0.000    clk
    W5                   IBUF (Prop_ibuf_I_O)         0.226     0.226 r  clk_IBUF_inst/O
                         net (fo=1, routed)           0.631     0.858    clk_IBUF
    BUFGCTRL_X0Y0        BUFG (Prop_bufg_I_O)         0.026     0.884 r  clk_IBUF_BUFG_inst/O
                         net (fo=200, routed)         0.561     1.444    BIN_REG/CLK
    SLICE_X56Y31         FDRE                                         r  BIN_REG/bin_val_reg[0]/C
  -------------------------------------------------------------------    -------------------
    SLICE_X56Y31         FDRE (Prop_fdre_C_Q)         0.164     1.608 r  BIN_REG/bin_val_reg[0]/Q
                         net (fo=2, routed)           0.093     1.701    SYNCHRONIZER/scratch_reg[0][0]
    SLICE_X57Y31         LUT4 (Prop_lut4_I2_O)        0.045     1.746 r  SYNCHRONIZER/scratch[0]_i_1/O
                         net (fo=1, routed)           0.000     1.746    BIN_TO_BCD/D[0]
    SLICE_X57Y31         FDRE                                         r  BIN_TO_BCD/scratch_reg[0]/D
  -------------------------------------------------------------------    -------------------

                         (clock sys_clk_pin rise edge)
                                                      0.000     0.000 r  
    W5                                                0.000     0.000 r  clk (IN)
                         net (fo=0)                   0.000     0.000    clk
    W5                   IBUF (Prop_ibuf_I_O)         0.414     0.414 r  clk_IBUF_inst/O
                         net (fo=1, routed)           0.685     1.099    clk_IBUF
    BUFGCTRL_X0Y0        BUFG (Prop_bufg_I_O)         0.029     1.128 r  clk_IBUF_BUFG_inst/O
                         net (fo=200, routed)         0.828     1.955    BIN_TO_BCD/CLK
    SLICE_X57Y31         FDRE                                         r  BIN_TO_BCD/scratch_reg[0]/C
                         clock pessimism             -0.498     1.457    
    SLICE_X57Y31         FDRE (Hold_fdre_C_D)         0.091     1.548    BIN_TO_BCD/scratch_reg[0]
  -------------------------------------------------------------------
                         required time                         -1.548    
                         arrival time                           1.746    
  -------------------------------------------------------------------
                         slack                                  0.198    





Pulse Width Checks
--------------------------------------------------------------------------------------
Clock Name:         sys_clk_pin
Waveform(ns):       { 0.000 5.000 }
Period(ns):         10.000
Sources:            { clk }

Check Type        Corner  Lib Pin  Reference Pin  Required(ns)  Actual(ns)  Slack(ns)  Location       Pin
Min Period        n/a     BUFG/I   n/a            2.155         10.000      7.845      BUFGCTRL_X0Y0  clk_IBUF_BUFG_inst/I
Min Period        n/a     FDRE/C   n/a            1.000         10.000      9.000      SLICE_X56Y31   BIN_REG/bin_val_reg[0]/C
Min Period        n/a     FDRE/C   n/a            1.000         10.000      9.000      SLICE_X56Y34   BIN_REG/bin_val_reg[10]/C
Min Period        n/a     FDRE/C   n/a            1.000         10.000      9.000      SLICE_X58Y34   BIN_REG/bin_val_reg[11]/C
Min Period        n/a     FDRE/C   n/a            1.000         10.000      9.000      SLICE_X58Y34   BIN_REG/bin_val_reg[12]/C
Min Period        n/a     FDRE/C   n/a            1.000         10.000      9.000      SLICE_X58Y33   BIN_REG/bin_val_reg[13]/C
Min Period        n/a     FDRE/C   n/a            1.000         10.000      9.000      SLICE_X58Y33   BIN_REG/bin_val_reg[14]/C
Min Period        n/a     FDRE/C   n/a            1.000         10.000      9.000      SLICE_X58Y34   BIN_REG/bin_val_reg[15]/C
Min Period        n/a     FDRE/C   n/a            1.000         10.000      9.000      SLICE_X56Y34   BIN_REG/bin_val_reg[1]/C
Min Period        n/a     FDRE/C   n/a            1.000         10.000      9.000      SLICE_X56Y32   BIN_REG/bin_val_reg[2]/C
Low Pulse Width   Slow    FDRE/C   n/a            0.500         5.000       4.500      SLICE_X56Y31   BIN_REG/bin_val_reg[0]/C
Low Pulse Width   Fast    FDRE/C   n/a            0.500         5.000       4.500      SLICE_X56Y31   BIN_REG/bin_val_reg[0]/C
Low Pulse Width   Slow    FDRE/C   n/a            0.500         5.000       4.500      SLICE_X56Y34   BIN_REG/bin_val_reg[10]/C
Low Pulse Width   Fast    FDRE/C   n/a            0.500         5.000       4.500      SLICE_X56Y34   BIN_REG/bin_val_reg[10]/C
Low Pulse Width   Slow    FDRE/C   n/a            0.500         5.000       4.500      SLICE_X58Y34   BIN_REG/bin_val_reg[11]/C
Low Pulse Width   Fast    FDRE/C   n/a            0.500         5.000       4.500      SLICE_X58Y34   BIN_REG/bin_val_reg[11]/C
Low Pulse Width   Slow    FDRE/C   n/a            0.500         5.000       4.500      SLICE_X58Y34   BIN_REG/bin_val_reg[12]/C
Low Pulse Width   Fast    FDRE/C   n/a            0.500         5.000       4.500      SLICE_X58Y34   BIN_REG/bin_val_reg[12]/C
Low Pulse Width   Slow    FDRE/C   n/a            0.500         5.000       4.500      SLICE_X58Y33   BIN_REG/bin_val_reg[13]/C
Low Pulse Width   Fast    FDRE/C   n/a            0.500         5.000       4.500      SLICE_X58Y33   BIN_REG/bin_val_reg[13]/C
High Pulse Width  Slow    FDRE/C   n/a            0.500         5.000       4.500      SLICE_X56Y31   BIN_REG/bin_val_reg[0]/C
High Pulse Width  Fast    FDRE/C   n/a            0.500         5.000       4.500      SLICE_X56Y31   BIN_REG/bin_val_reg[0]/C
High Pulse Width  Slow    FDRE/C   n/a            0.500         5.000       4.500      SLICE_X56Y34   BIN_REG/bin_val_reg[10]/C
High Pulse Width  Fast    FDRE/C   n/a            0.500         5.000       4.500      SLICE_X56Y34   BIN_REG/bin_val_reg[10]/C
High Pulse Width  Slow    FDRE/C   n/a            0.500         5.000       4.500      SLICE_X58Y34   BIN_REG/bin_val_reg[11]/C
High Pulse Width  Fast    FDRE/C   n/a            0.500         5.000       4.500      SLICE_X58Y34   BIN_REG/bin_val_reg[11]/C
High Pulse Width  Slow    FDRE/C   n/a            0.500         5.000       4.500      SLICE_X58Y34   BIN_REG/bin_val_reg[12]/C
High Pulse Width  Fast    FDRE/C   n/a            0.500         5.000       4.500      SLICE_X58Y34   BIN_REG/bin_val_reg[12]/C
High Pulse Width  Slow    FDRE/C   n/a            0.500         5.000       4.500      SLICE_X58Y33   BIN_REG/bin_val_reg[13]/C
High Pulse Width  Fast    FDRE/C   n/a            0.500         5.000       4.500      SLICE_X58Y33   BIN_REG/bin_val_reg[13]/C



--------------------------------------------------------------------------------------
Path Group:  (none)
From Clock:  
  To Clock:  

Max Delay            16 Endpoints
Min Delay            16 Endpoints
--------------------------------------------------------------------------------------


Max Delay Paths
--------------------------------------------------------------------------------------
Slack:                    inf
  Source:                 switches_inputs[8]
                            (input port)
  Destination:            led[8]
                            (output port)
  Path Group:             (none)
  Path Type:              Max at Slow Process Corner
  Data Path Delay:        10.505ns  (logic 4.959ns (47.202%)  route 5.547ns (52.798%))
  Logic Levels:           2  (IBUF=1 OBUF=1)

    Location             Delay type                Incr(ns)  Path(ns)    Netlist Resource(s)
  -------------------------------------------------------------------    -------------------
    V2                                                0.000     0.000 r  switches_inputs[8] (IN)
                         net (fo=0)                   0.000     0.000    switches_inputs[8]
    V2                   IBUF (Prop_ibuf_I_O)         1.454     1.454 r  switches_inputs_IBUF[8]_inst/O
                         net (fo=2, routed)           5.547     7.001    led_OBUF[8]
    V13                  OBUF (Prop_obuf_I_O)         3.504    10.505 r  led_OBUF[8]_inst/O
                         net (fo=0)                   0.000    10.505    led[8]
    V13                                                               r  led[8] (OUT)
  -------------------------------------------------------------------    -------------------

Slack:                    inf
  Source:                 switches_inputs[12]
                            (input port)
  Destination:            led[12]
                            (output port)
  Path Group:             (none)
  Path Type:              Max at Slow Process Corner
  Data Path Delay:        8.093ns  (logic 4.987ns (61.617%)  route 3.106ns (38.383%))
  Logic Levels:           2  (IBUF=1 OBUF=1)

    Location             Delay type                Incr(ns)  Path(ns)    Netlist Resource(s)
  -------------------------------------------------------------------    -------------------
    W2                                                0.000     0.000 r  switches_inputs[12] (IN)
                         net (fo=0)                   0.000     0.000    switches_inputs[12]
    W2                   IBUF (Prop_ibuf_I_O)         1.469     1.469 r  switches_inputs_IBUF[12]_inst/O
                         net (fo=2, routed)           3.106     4.575    led_OBUF[12]
    P3                   OBUF (Prop_obuf_I_O)         3.518     8.093 r  led_OBUF[12]_inst/O
                         net (fo=0)                   0.000     8.093    led[12]
    P3                                                                r  led[12] (OUT)
  -------------------------------------------------------------------    -------------------

Slack:                    inf
  Source:                 switches_inputs[15]
                            (input port)
  Destination:            led[15]
                            (output port)
  Path Group:             (none)
  Path Type:              Max at Slow Process Corner
  Data Path Delay:        8.042ns  (logic 4.978ns (61.893%)  route 3.065ns (38.107%))
  Logic Levels:           2  (IBUF=1 OBUF=1)

    Location             Delay type                Incr(ns)  Path(ns)    Netlist Resource(s)
  -------------------------------------------------------------------    -------------------
    R2                                                0.000     0.000 r  switches_inputs[15] (IN)
                         net (fo=0)                   0.000     0.000    switches_inputs[15]
    R2                   IBUF (Prop_ibuf_I_O)         1.456     1.456 r  switches_inputs_IBUF[15]_inst/O
                         net (fo=2, routed)           3.065     4.521    led_OBUF[15]
    L1                   OBUF (Prop_obuf_I_O)         3.521     8.042 r  led_OBUF[15]_inst/O
                         net (fo=0)                   0.000     8.042    led[15]
    L1                                                                r  led[15] (OUT)
  -------------------------------------------------------------------    -------------------

Slack:                    inf
  Source:                 switches_inputs[1]
                            (input port)
  Destination:            led[1]
                            (output port)
  Path Group:             (none)
  Path Type:              Max at Slow Process Corner
  Data Path Delay:        7.947ns  (logic 4.991ns (62.805%)  route 2.956ns (37.195%))
  Logic Levels:           2  (IBUF=1 OBUF=1)

    Location             Delay type                Incr(ns)  Path(ns)    Netlist Resource(s)
  -------------------------------------------------------------------    -------------------
    V16                                               0.000     0.000 r  switches_inputs[1] (IN)
                         net (fo=0)                   0.000     0.000    switches_inputs[1]
    V16                  IBUF (Prop_ibuf_I_O)         1.461     1.461 r  switches_inputs_IBUF[1]_inst/O
                         net (fo=2, routed)           2.956     4.417    led_OBUF[1]
    E19                  OBUF (Prop_obuf_I_O)         3.530     7.947 r  led_OBUF[1]_inst/O
                         net (fo=0)                   0.000     7.947    led[1]
    E19                                                               r  led[1] (OUT)
  -------------------------------------------------------------------    -------------------

Slack:                    inf
  Source:                 switches_inputs[13]
                            (input port)
  Destination:            led[13]
                            (output port)
  Path Group:             (none)
  Path Type:              Max at Slow Process Corner
  Data Path Delay:        7.846ns  (logic 4.960ns (63.218%)  route 2.886ns (36.782%))
  Logic Levels:           2  (IBUF=1 OBUF=1)

    Location             Delay type                Incr(ns)  Path(ns)    Netlist Resource(s)
  -------------------------------------------------------------------    -------------------
    U1                                                0.000     0.000 r  switches_inputs[13] (IN)
                         net (fo=0)                   0.000     0.000    switches_inputs[13]
    U1                   IBUF (Prop_ibuf_I_O)         1.453     1.453 r  switches_inputs_IBUF[13]_inst/O
                         net (fo=2, routed)           2.886     4.339    led_OBUF[13]
    N3                   OBUF (Prop_obuf_I_O)         3.507     7.846 r  led_OBUF[13]_inst/O
                         net (fo=0)                   0.000     7.846    led[13]
    N3                                                                r  led[13] (OUT)
  -------------------------------------------------------------------    -------------------

Slack:                    inf
  Source:                 switches_inputs[11]
                            (input port)
  Destination:            led[11]
                            (output port)
  Path Group:             (none)
  Path Type:              Max at Slow Process Corner
  Data Path Delay:        7.377ns  (logic 4.968ns (67.342%)  route 2.409ns (32.658%))
  Logic Levels:           2  (IBUF=1 OBUF=1)

    Location             Delay type                Incr(ns)  Path(ns)    Netlist Resource(s)
  -------------------------------------------------------------------    -------------------
    R3                                                0.000     0.000 r  switches_inputs[11] (IN)
                         net (fo=0)                   0.000     0.000    switches_inputs[11]
    R3                   IBUF (Prop_ibuf_I_O)         1.464     1.464 r  switches_inputs_IBUF[11]_inst/O
                         net (fo=2, routed)           2.409     3.873    led_OBUF[11]
    U3                   OBUF (Prop_obuf_I_O)         3.504     7.377 r  led_OBUF[11]_inst/O
                         net (fo=0)                   0.000     7.377    led[11]
    U3                                                                r  led[11] (OUT)
  -------------------------------------------------------------------    -------------------

Slack:                    inf
  Source:                 switches_inputs[14]
                            (input port)
  Destination:            led[14]
                            (output port)
  Path Group:             (none)
  Path Type:              Max at Slow Process Corner
  Data Path Delay:        7.367ns  (logic 4.971ns (67.472%)  route 2.396ns (32.528%))
  Logic Levels:           2  (IBUF=1 OBUF=1)

    Location             Delay type                Incr(ns)  Path(ns)    Netlist Resource(s)
  -------------------------------------------------------------------    -------------------
    T1                                                0.000     0.000 r  switches_inputs[14] (IN)
                         net (fo=0)                   0.000     0.000    switches_inputs[14]
    T1                   IBUF (Prop_ibuf_I_O)         1.455     1.455 r  switches_inputs_IBUF[14]_inst/O
                         net (fo=2, routed)           2.396     3.852    led_OBUF[14]
    P1                   OBUF (Prop_obuf_I_O)         3.515     7.367 r  led_OBUF[14]_inst/O
                         net (fo=0)                   0.000     7.367    led[14]
    P1                                                                r  led[14] (OUT)
  -------------------------------------------------------------------    -------------------

Slack:                    inf
  Source:                 switches_inputs[10]
                            (input port)
  Destination:            led[10]
                            (output port)
  Path Group:             (none)
  Path Type:              Max at Slow Process Corner
  Data Path Delay:        7.188ns  (logic 4.983ns (69.327%)  route 2.205ns (30.673%))
  Logic Levels:           2  (IBUF=1 OBUF=1)

    Location             Delay type                Incr(ns)  Path(ns)    Netlist Resource(s)
  -------------------------------------------------------------------    -------------------
    T2                                                0.000     0.000 r  switches_inputs[10] (IN)
                         net (fo=0)                   0.000     0.000    switches_inputs[10]
    T2                   IBUF (Prop_ibuf_I_O)         1.458     1.458 r  switches_inputs_IBUF[10]_inst/O
                         net (fo=2, routed)           2.205     3.663    led_OBUF[10]
    W3                   OBUF (Prop_obuf_I_O)         3.525     7.188 r  led_OBUF[10]_inst/O
                         net (fo=0)                   0.000     7.188    led[10]
    W3                                                                r  led[10] (OUT)
  -------------------------------------------------------------------    -------------------

Slack:                    inf
  Source:                 switches_inputs[2]
                            (input port)
  Destination:            led[2]
                            (output port)
  Path Group:             (none)
  Path Type:              Max at Slow Process Corner
  Data Path Delay:        7.159ns  (logic 4.965ns (69.345%)  route 2.195ns (30.655%))
  Logic Levels:           2  (IBUF=1 OBUF=1)

    Location             Delay type                Incr(ns)  Path(ns)    Netlist Resource(s)
  -------------------------------------------------------------------    -------------------
    W16                                               0.000     0.000 r  switches_inputs[2] (IN)
                         net (fo=0)                   0.000     0.000    switches_inputs[2]
    W16                  IBUF (Prop_ibuf_I_O)         1.464     1.464 r  switches_inputs_IBUF[2]_inst/O
                         net (fo=2, routed)           2.195     3.659    led_OBUF[2]
    U19                  OBUF (Prop_obuf_I_O)         3.501     7.159 r  led_OBUF[2]_inst/O
                         net (fo=0)                   0.000     7.159    led[2]
    U19                                                               r  led[2] (OUT)
  -------------------------------------------------------------------    -------------------

Slack:                    inf
  Source:                 switches_inputs[4]
                            (input port)
  Destination:            led[4]
                            (output port)
  Path Group:             (none)
  Path Type:              Max at Slow Process Corner
  Data Path Delay:        7.159ns  (logic 4.959ns (69.274%)  route 2.200ns (30.726%))
  Logic Levels:           2  (IBUF=1 OBUF=1)

    Location             Delay type                Incr(ns)  Path(ns)    Netlist Resource(s)
  -------------------------------------------------------------------    -------------------
    W15                                               0.000     0.000 r  switches_inputs[4] (IN)
                         net (fo=0)                   0.000     0.000    switches_inputs[4]
    W15                  IBUF (Prop_ibuf_I_O)         1.451     1.451 r  switches_inputs_IBUF[4]_inst/O
                         net (fo=2, routed)           2.200     3.650    led_OBUF[4]
    W18                  OBUF (Prop_obuf_I_O)         3.509     7.159 r  led_OBUF[4]_inst/O
                         net (fo=0)                   0.000     7.159    led[4]
    W18                                                               r  led[4] (OUT)
  -------------------------------------------------------------------    -------------------





Min Delay Paths
--------------------------------------------------------------------------------------
Slack:                    inf
  Source:                 switches_inputs[6]
                            (input port)
  Destination:            led[6]
                            (output port)
  Path Group:             (none)
  Path Type:              Min at Fast Process Corner
  Data Path Delay:        1.888ns  (logic 1.425ns (75.486%)  route 0.463ns (24.514%))
  Logic Levels:           2  (IBUF=1 OBUF=1)

    Location             Delay type                Incr(ns)  Path(ns)    Netlist Resource(s)
  -------------------------------------------------------------------    -------------------
    W14                                               0.000     0.000 r  switches_inputs[6] (IN)
                         net (fo=0)                   0.000     0.000    switches_inputs[6]
    W14                  IBUF (Prop_ibuf_I_O)         0.218     0.218 r  switches_inputs_IBUF[6]_inst/O
                         net (fo=2, routed)           0.463     0.681    led_OBUF[6]
    U14                  OBUF (Prop_obuf_I_O)         1.207     1.888 r  led_OBUF[6]_inst/O
                         net (fo=0)                   0.000     1.888    led[6]
    U14                                                               r  led[6] (OUT)
  -------------------------------------------------------------------    -------------------

Slack:                    inf
  Source:                 switches_inputs[5]
                            (input port)
  Destination:            led[5]
                            (output port)
  Path Group:             (none)
  Path Type:              Min at Fast Process Corner
  Data Path Delay:        1.890ns  (logic 1.450ns (76.688%)  route 0.441ns (23.312%))
  Logic Levels:           2  (IBUF=1 OBUF=1)

    Location             Delay type                Incr(ns)  Path(ns)    Netlist Resource(s)
  -------------------------------------------------------------------    -------------------
    V15                                               0.000     0.000 r  switches_inputs[5] (IN)
                         net (fo=0)                   0.000     0.000    switches_inputs[5]
    V15                  IBUF (Prop_ibuf_I_O)         0.234     0.234 r  switches_inputs_IBUF[5]_inst/O
                         net (fo=2, routed)           0.441     0.675    led_OBUF[5]
    U15                  OBUF (Prop_obuf_I_O)         1.216     1.890 r  led_OBUF[5]_inst/O
                         net (fo=0)                   0.000     1.890    led[5]
    U15                                                               r  led[5] (OUT)
  -------------------------------------------------------------------    -------------------

Slack:                    inf
  Source:                 switches_inputs[0]
                            (input port)
  Destination:            led[0]
                            (output port)
  Path Group:             (none)
  Path Type:              Min at Fast Process Corner
  Data Path Delay:        1.891ns  (logic 1.427ns (75.459%)  route 0.464ns (24.541%))
  Logic Levels:           2  (IBUF=1 OBUF=1)

    Location             Delay type                Incr(ns)  Path(ns)    Netlist Resource(s)
  -------------------------------------------------------------------    -------------------
    V17                                               0.000     0.000 r  switches_inputs[0] (IN)
                         net (fo=0)                   0.000     0.000    switches_inputs[0]
    V17                  IBUF (Prop_ibuf_I_O)         0.221     0.221 r  switches_inputs_IBUF[0]_inst/O
                         net (fo=2, routed)           0.464     0.685    led_OBUF[0]
    U16                  OBUF (Prop_obuf_I_O)         1.206     1.891 r  led_OBUF[0]_inst/O
                         net (fo=0)                   0.000     1.891    led[0]
    U16                                                               r  led[0] (OUT)
  -------------------------------------------------------------------    -------------------

Slack:                    inf
  Source:                 switches_inputs[7]
                            (input port)
  Destination:            led[7]
                            (output port)
  Path Group:             (none)
  Path Type:              Min at Fast Process Corner
  Data Path Delay:        1.891ns  (logic 1.429ns (75.542%)  route 0.463ns (24.458%))
  Logic Levels:           2  (IBUF=1 OBUF=1)

    Location             Delay type                Incr(ns)  Path(ns)    Netlist Resource(s)
  -------------------------------------------------------------------    -------------------
    W13                                               0.000     0.000 r  switches_inputs[7] (IN)
                         net (fo=0)                   0.000     0.000    switches_inputs[7]
    W13                  IBUF (Prop_ibuf_I_O)         0.227     0.227 r  switches_inputs_IBUF[7]_inst/O
                         net (fo=2, routed)           0.463     0.690    led_OBUF[7]
    V14                  OBUF (Prop_obuf_I_O)         1.202     1.891 r  led_OBUF[7]_inst/O
                         net (fo=0)                   0.000     1.891    led[7]
    V14                                                               r  led[7] (OUT)
  -------------------------------------------------------------------    -------------------

Slack:                    inf
  Source:                 switches_inputs[9]
                            (input port)
  Destination:            led[9]
                            (output port)
  Path Group:             (none)
  Path Type:              Min at Fast Process Corner
  Data Path Delay:        1.894ns  (logic 1.430ns (75.489%)  route 0.464ns (24.511%))
  Logic Levels:           2  (IBUF=1 OBUF=1)

    Location             Delay type                Incr(ns)  Path(ns)    Netlist Resource(s)
  -------------------------------------------------------------------    -------------------
    T3                                                0.000     0.000 r  switches_inputs[9] (IN)
                         net (fo=0)                   0.000     0.000    switches_inputs[9]
    T3                   IBUF (Prop_ibuf_I_O)         0.220     0.220 r  switches_inputs_IBUF[9]_inst/O
                         net (fo=2, routed)           0.464     0.685    led_OBUF[9]
    V3                   OBUF (Prop_obuf_I_O)         1.209     1.894 r  led_OBUF[9]_inst/O
                         net (fo=0)                   0.000     1.894    led[9]
    V3                                                                r  led[9] (OUT)
  -------------------------------------------------------------------    -------------------

Slack:                    inf
  Source:                 switches_inputs[3]
                            (input port)
  Destination:            led[3]
                            (output port)
  Path Group:             (none)
  Path Type:              Min at Fast Process Corner
  Data Path Delay:        1.913ns  (logic 1.427ns (74.564%)  route 0.487ns (25.436%))
  Logic Levels:           2  (IBUF=1 OBUF=1)

    Location             Delay type                Incr(ns)  Path(ns)    Netlist Resource(s)
  -------------------------------------------------------------------    -------------------
    W17                                               0.000     0.000 r  switches_inputs[3] (IN)
                         net (fo=0)                   0.000     0.000    switches_inputs[3]
    W17                  IBUF (Prop_ibuf_I_O)         0.217     0.217 r  switches_inputs_IBUF[3]_inst/O
                         net (fo=2, routed)           0.487     0.703    led_OBUF[3]
    V19                  OBUF (Prop_obuf_I_O)         1.210     1.913 r  led_OBUF[3]_inst/O
                         net (fo=0)                   0.000     1.913    led[3]
    V19                                                               r  led[3] (OUT)
  -------------------------------------------------------------------    -------------------

Slack:                    inf
  Source:                 switches_inputs[2]
                            (input port)
  Destination:            led[2]
                            (output port)
  Path Group:             (none)
  Path Type:              Min at Fast Process Corner
  Data Path Delay:        1.921ns  (logic 1.434ns (74.659%)  route 0.487ns (25.341%))
  Logic Levels:           2  (IBUF=1 OBUF=1)

    Location             Delay type                Incr(ns)  Path(ns)    Netlist Resource(s)
  -------------------------------------------------------------------    -------------------
    W16                                               0.000     0.000 r  switches_inputs[2] (IN)
                         net (fo=0)                   0.000     0.000    switches_inputs[2]
    W16                  IBUF (Prop_ibuf_I_O)         0.232     0.232 r  switches_inputs_IBUF[2]_inst/O
                         net (fo=2, routed)           0.487     0.719    led_OBUF[2]
    U19                  OBUF (Prop_obuf_I_O)         1.202     1.921 r  led_OBUF[2]_inst/O
                         net (fo=0)                   0.000     1.921    led[2]
    U19                                                               r  led[2] (OUT)
  -------------------------------------------------------------------    -------------------

Slack:                    inf
  Source:                 switches_inputs[4]
                            (input port)
  Destination:            led[4]
                            (output port)
  Path Group:             (none)
  Path Type:              Min at Fast Process Corner
  Data Path Delay:        1.923ns  (logic 1.429ns (74.277%)  route 0.495ns (25.723%))
  Logic Levels:           2  (IBUF=1 OBUF=1)

    Location             Delay type                Incr(ns)  Path(ns)    Netlist Resource(s)
  -------------------------------------------------------------------    -------------------
    W15                                               0.000     0.000 r  switches_inputs[4] (IN)
                         net (fo=0)                   0.000     0.000    switches_inputs[4]
    W15                  IBUF (Prop_ibuf_I_O)         0.219     0.219 r  switches_inputs_IBUF[4]_inst/O
                         net (fo=2, routed)           0.495     0.714    led_OBUF[4]
    W18                  OBUF (Prop_obuf_I_O)         1.210     1.923 r  led_OBUF[4]_inst/O
                         net (fo=0)                   0.000     1.923    led[4]
    W18                                                               r  led[4] (OUT)
  -------------------------------------------------------------------    -------------------

Slack:                    inf
  Source:                 switches_inputs[10]
                            (input port)
  Destination:            led[10]
                            (output port)
  Path Group:             (none)
  Path Type:              Min at Fast Process Corner
  Data Path Delay:        1.943ns  (logic 1.452ns (74.743%)  route 0.491ns (25.257%))
  Logic Levels:           2  (IBUF=1 OBUF=1)

    Location             Delay type                Incr(ns)  Path(ns)    Netlist Resource(s)
  -------------------------------------------------------------------    -------------------
    T2                                                0.000     0.000 r  switches_inputs[10] (IN)
                         net (fo=0)                   0.000     0.000    switches_inputs[10]
    T2                   IBUF (Prop_ibuf_I_O)         0.226     0.226 r  switches_inputs_IBUF[10]_inst/O
                         net (fo=2, routed)           0.491     0.717    led_OBUF[10]
    W3                   OBUF (Prop_obuf_I_O)         1.226     1.943 r  led_OBUF[10]_inst/O
                         net (fo=0)                   0.000     1.943    led[10]
    W3                                                                r  led[10] (OUT)
  -------------------------------------------------------------------    -------------------

Slack:                    inf
  Source:                 switches_inputs[11]
                            (input port)
  Destination:            led[11]
                            (output port)
  Path Group:             (none)
  Path Type:              Min at Fast Process Corner
  Data Path Delay:        2.018ns  (logic 1.437ns (71.202%)  route 0.581ns (28.798%))
  Logic Levels:           2  (IBUF=1 OBUF=1)

    Location             Delay type                Incr(ns)  Path(ns)    Netlist Resource(s)
  -------------------------------------------------------------------    -------------------
    R3                                                0.000     0.000 r  switches_inputs[11] (IN)
                         net (fo=0)                   0.000     0.000    switches_inputs[11]
    R3                   IBUF (Prop_ibuf_I_O)         0.232     0.232 r  switches_inputs_IBUF[11]_inst/O
                         net (fo=2, routed)           0.581     0.813    led_OBUF[11]
    U3                   OBUF (Prop_obuf_I_O)         1.205     2.018 r  led_OBUF[11]_inst/O
                         net (fo=0)                   0.000     2.018    led[11]
    U3                                                                r  led[11] (OUT)
  -------------------------------------------------------------------    -------------------





--------------------------------------------------------------------------------------
Path Group:  (none)
From Clock:  sys_clk_pin
  To Clock:  

Max Delay            11 Endpoints
Min Delay            11 Endpoints
--------------------------------------------------------------------------------------


Max Delay Paths
--------------------------------------------------------------------------------------
Slack:                    inf
  Source:                 SEL0_DEBOUNCE/ff3_reg/C
                            (rising edge-triggered cell FDRE clocked by sys_clk_pin  {rise@0.000ns fall@5.000ns period=10.000ns})
  Destination:            CG
                            (output port)
  Path Group:             (none)
  Path Type:              Max at Slow Process Corner
  Data Path Delay:        11.399ns  (logic 4.953ns (43.457%)  route 6.445ns (56.543%))
  Logic Levels:           5  (LUT3=1 LUT5=1 LUT6=2 OBUF=1)
  Clock Uncertainty:      0.025ns  ((TSJ^2 + TIJ^2)^1/2 + DJ) / 2 + PE
    Total System Jitter     (TSJ):    0.050ns
    Total Input Jitter      (TIJ):    0.000ns
    Discrete Jitter          (DJ):    0.000ns
    Phase Error              (PE):    0.000ns

    Location             Delay type                Incr(ns)  Path(ns)    Netlist Resource(s)
  -------------------------------------------------------------------    -------------------
                         (clock sys_clk_pin rise edge)
                                                      0.000     0.000 r  
    W5                                                0.000     0.000 r  clk (IN)
                         net (fo=0)                   0.000     0.000    clk
    W5                   IBUF (Prop_ibuf_I_O)         1.458     1.458 r  clk_IBUF_inst/O
                         net (fo=1, routed)           1.967     3.425    clk_IBUF
    BUFGCTRL_X0Y0        BUFG (Prop_bufg_I_O)         0.096     3.521 r  clk_IBUF_BUFG_inst/O
                         net (fo=200, routed)         1.562     5.083    SEL0_DEBOUNCE/CLK
    SLICE_X55Y32         FDRE                                         r  SEL0_DEBOUNCE/ff3_reg/C
  -------------------------------------------------------------------    -------------------
    SLICE_X55Y32         FDRE (Prop_fdre_C_Q)         0.456     5.539 r  SEL0_DEBOUNCE/ff3_reg/Q
                         net (fo=53, routed)          1.189     6.728    BIN_REG/ff3
    SLICE_X58Y34         LUT3 (Prop_lut3_I1_O)        0.150     6.878 f  BIN_REG/count[4]_i_7/O
                         net (fo=2, routed)           0.832     7.711    SEVEN_SEGMENT_DISPLAY/DIGIT_SELECTOR/CE_OBUF_inst_i_2_0
    SLICE_X58Y33         LUT6 (Prop_lut6_I2_O)        0.332     8.043 f  SEVEN_SEGMENT_DISPLAY/DIGIT_SELECTOR/CA_OBUF_inst_i_18/O
                         net (fo=2, routed)           0.873     8.915    SEVEN_SEGMENT_DISPLAY/DIGIT_SELECTOR/CA_OBUF_inst_i_18_n_0
    SLICE_X57Y32         LUT6 (Prop_lut6_I5_O)        0.124     9.039 r  SEVEN_SEGMENT_DISPLAY/DIGIT_SELECTOR/CA_OBUF_inst_i_5/O
                         net (fo=6, routed)           1.054    10.094    SEVEN_SEGMENT_DISPLAY/DIGIT_SELECTOR/CA_OBUF_inst_i_5_n_0
    SLICE_X58Y31         LUT5 (Prop_lut5_I3_O)        0.152    10.246 r  SEVEN_SEGMENT_DISPLAY/DIGIT_SELECTOR/CG_OBUF_inst_i_1/O
                         net (fo=1, routed)           2.497    12.742    CG_OBUF
    U7                   OBUF (Prop_obuf_I_O)         3.739    16.482 r  CG_OBUF_inst/O
                         net (fo=0)                   0.000    16.482    CG
    U7                                                                r  CG (OUT)
  -------------------------------------------------------------------    -------------------

Slack:                    inf
  Source:                 SEVEN_SEGMENT_DISPLAY/DIGIT_SELECTOR/q_reg[2]/C
                            (rising edge-triggered cell FDSE clocked by sys_clk_pin  {rise@0.000ns fall@5.000ns period=10.000ns})
  Destination:            CF
                            (output port)
  Path Group:             (none)
  Path Type:              Max at Slow Process Corner
  Data Path Delay:        11.223ns  (logic 4.689ns (41.785%)  route 6.533ns (58.215%))
  Logic Levels:           5  (LUT4=1 LUT5=2 LUT6=1 OBUF=1)
  Clock Uncertainty:      0.025ns  ((TSJ^2 + TIJ^2)^1/2 + DJ) / 2 + PE
    Total System Jitter     (TSJ):    0.050ns
    Total Input Jitter      (TIJ):    0.000ns
    Discrete Jitter          (DJ):    0.000ns
    Phase Error              (PE):    0.000ns

    Location             Delay type                Incr(ns)  Path(ns)    Netlist Resource(s)
  -------------------------------------------------------------------    -------------------
                         (clock sys_clk_pin rise edge)
                                                      0.000     0.000 r  
    W5                                                0.000     0.000 r  clk (IN)
                         net (fo=0)                   0.000     0.000    clk
    W5                   IBUF (Prop_ibuf_I_O)         1.458     1.458 r  clk_IBUF_inst/O
                         net (fo=1, routed)           1.967     3.425    clk_IBUF
    BUFGCTRL_X0Y0        BUFG (Prop_bufg_I_O)         0.096     3.521 r  clk_IBUF_BUFG_inst/O
                         net (fo=200, routed)         1.626     5.147    SEVEN_SEGMENT_DISPLAY/DIGIT_SELECTOR/CLK
    SLICE_X59Y31         FDSE                                         r  SEVEN_SEGMENT_DISPLAY/DIGIT_SELECTOR/q_reg[2]/C
  -------------------------------------------------------------------    -------------------
    SLICE_X59Y31         FDSE (Prop_fdse_C_Q)         0.456     5.603 r  SEVEN_SEGMENT_DISPLAY/DIGIT_SELECTOR/q_reg[2]/Q
                         net (fo=12, routed)          1.728     7.332    SEVEN_SEGMENT_DISPLAY/DIGIT_SELECTOR/d[1]
    SLICE_X61Y33         LUT5 (Prop_lut5_I3_O)        0.124     7.456 r  SEVEN_SEGMENT_DISPLAY/DIGIT_SELECTOR/CA_OBUF_inst_i_26/O
                         net (fo=1, routed)           0.821     8.276    SEVEN_SEGMENT_DISPLAY/DIGIT_SELECTOR/CA_OBUF_inst_i_26_n_0
    SLICE_X58Y33         LUT6 (Prop_lut6_I5_O)        0.124     8.400 r  SEVEN_SEGMENT_DISPLAY/DIGIT_SELECTOR/CA_OBUF_inst_i_14/O
                         net (fo=2, routed)           0.681     9.081    SEVEN_SEGMENT_DISPLAY/DIGIT_SELECTOR/CA_OBUF_inst_i_14_n_0
    SLICE_X58Y33         LUT4 (Prop_lut4_I1_O)        0.124     9.205 r  SEVEN_SEGMENT_DISPLAY/DIGIT_SELECTOR/CA_OBUF_inst_i_4/O
                         net (fo=6, routed)           1.160    10.365    SEVEN_SEGMENT_DISPLAY/DIGIT_SELECTOR/CA_OBUF_inst_i_4_n_0
    SLICE_X58Y31         LUT5 (Prop_lut5_I2_O)        0.154    10.519 r  SEVEN_SEGMENT_DISPLAY/DIGIT_SELECTOR/CF_OBUF_inst_i_1/O
                         net (fo=1, routed)           2.143    12.663    CF_OBUF
    V5                   OBUF (Prop_obuf_I_O)         3.707    16.370 r  CF_OBUF_inst/O
                         net (fo=0)                   0.000    16.370    CF
    V5                                                                r  CF (OUT)
  -------------------------------------------------------------------    -------------------

Slack:                    inf
  Source:                 SEVEN_SEGMENT_DISPLAY/DIGIT_SELECTOR/q_reg[2]/C
                            (rising edge-triggered cell FDSE clocked by sys_clk_pin  {rise@0.000ns fall@5.000ns period=10.000ns})
  Destination:            CD
                            (output port)
  Path Group:             (none)
  Path Type:              Max at Slow Process Corner
  Data Path Delay:        10.969ns  (logic 4.488ns (40.912%)  route 6.481ns (59.088%))
  Logic Levels:           5  (LUT4=1 LUT5=2 LUT6=1 OBUF=1)
  Clock Uncertainty:      0.025ns  ((TSJ^2 + TIJ^2)^1/2 + DJ) / 2 + PE
    Total System Jitter     (TSJ):    0.050ns
    Total Input Jitter      (TIJ):    0.000ns
    Discrete Jitter          (DJ):    0.000ns
    Phase Error              (PE):    0.000ns

    Location             Delay type                Incr(ns)  Path(ns)    Netlist Resource(s)
  -------------------------------------------------------------------    -------------------
                         (clock sys_clk_pin rise edge)
                                                      0.000     0.000 r  
    W5                                                0.000     0.000 r  clk (IN)
                         net (fo=0)                   0.000     0.000    clk
    W5                   IBUF (Prop_ibuf_I_O)         1.458     1.458 r  clk_IBUF_inst/O
                         net (fo=1, routed)           1.967     3.425    clk_IBUF
    BUFGCTRL_X0Y0        BUFG (Prop_bufg_I_O)         0.096     3.521 r  clk_IBUF_BUFG_inst/O
                         net (fo=200, routed)         1.626     5.147    SEVEN_SEGMENT_DISPLAY/DIGIT_SELECTOR/CLK
    SLICE_X59Y31         FDSE                                         r  SEVEN_SEGMENT_DISPLAY/DIGIT_SELECTOR/q_reg[2]/C
  -------------------------------------------------------------------    -------------------
    SLICE_X59Y31         FDSE (Prop_fdse_C_Q)         0.456     5.603 r  SEVEN_SEGMENT_DISPLAY/DIGIT_SELECTOR/q_reg[2]/Q
                         net (fo=12, routed)          1.728     7.332    SEVEN_SEGMENT_DISPLAY/DIGIT_SELECTOR/d[1]
    SLICE_X61Y33         LUT5 (Prop_lut5_I3_O)        0.124     7.456 r  SEVEN_SEGMENT_DISPLAY/DIGIT_SELECTOR/CA_OBUF_inst_i_26/O
                         net (fo=1, routed)           0.821     8.276    SEVEN_SEGMENT_DISPLAY/DIGIT_SELECTOR/CA_OBUF_inst_i_26_n_0
    SLICE_X58Y33         LUT6 (Prop_lut6_I5_O)        0.124     8.400 r  SEVEN_SEGMENT_DISPLAY/DIGIT_SELECTOR/CA_OBUF_inst_i_14/O
                         net (fo=2, routed)           0.681     9.081    SEVEN_SEGMENT_DISPLAY/DIGIT_SELECTOR/CA_OBUF_inst_i_14_n_0
    SLICE_X58Y33         LUT4 (Prop_lut4_I1_O)        0.124     9.205 r  SEVEN_SEGMENT_DISPLAY/DIGIT_SELECTOR/CA_OBUF_inst_i_4/O
                         net (fo=6, routed)           1.160    10.365    SEVEN_SEGMENT_DISPLAY/DIGIT_SELECTOR/CA_OBUF_inst_i_4_n_0
    SLICE_X58Y31         LUT5 (Prop_lut5_I0_O)        0.124    10.489 r  SEVEN_SEGMENT_DISPLAY/DIGIT_SELECTOR/CD_OBUF_inst_i_1/O
                         net (fo=1, routed)           2.091    12.581    CD_OBUF
    V8                   OBUF (Prop_obuf_I_O)         3.536    16.116 r  CD_OBUF_inst/O
                         net (fo=0)                   0.000    16.116    CD
    V8                                                                r  CD (OUT)
  -------------------------------------------------------------------    -------------------

Slack:                    inf
  Source:                 SEVEN_SEGMENT_DISPLAY/DIGIT_SELECTOR/q_reg[2]/C
                            (rising edge-triggered cell FDSE clocked by sys_clk_pin  {rise@0.000ns fall@5.000ns period=10.000ns})
  Destination:            CB
                            (output port)
  Path Group:             (none)
  Path Type:              Max at Slow Process Corner
  Data Path Delay:        10.688ns  (logic 4.709ns (44.062%)  route 5.978ns (55.938%))
  Logic Levels:           5  (LUT4=1 LUT5=2 LUT6=1 OBUF=1)
  Clock Uncertainty:      0.025ns  ((TSJ^2 + TIJ^2)^1/2 + DJ) / 2 + PE
    Total System Jitter     (TSJ):    0.050ns
    Total Input Jitter      (TIJ):    0.000ns
    Discrete Jitter          (DJ):    0.000ns
    Phase Error              (PE):    0.000ns

    Location             Delay type                Incr(ns)  Path(ns)    Netlist Resource(s)
  -------------------------------------------------------------------    -------------------
                         (clock sys_clk_pin rise edge)
                                                      0.000     0.000 r  
    W5                                                0.000     0.000 r  clk (IN)
                         net (fo=0)                   0.000     0.000    clk
    W5                   IBUF (Prop_ibuf_I_O)         1.458     1.458 r  clk_IBUF_inst/O
                         net (fo=1, routed)           1.967     3.425    clk_IBUF
    BUFGCTRL_X0Y0        BUFG (Prop_bufg_I_O)         0.096     3.521 r  clk_IBUF_BUFG_inst/O
                         net (fo=200, routed)         1.626     5.147    SEVEN_SEGMENT_DISPLAY/DIGIT_SELECTOR/CLK
    SLICE_X59Y31         FDSE                                         r  SEVEN_SEGMENT_DISPLAY/DIGIT_SELECTOR/q_reg[2]/C
  -------------------------------------------------------------------    -------------------
    SLICE_X59Y31         FDSE (Prop_fdse_C_Q)         0.456     5.603 r  SEVEN_SEGMENT_DISPLAY/DIGIT_SELECTOR/q_reg[2]/Q
                         net (fo=12, routed)          1.728     7.332    SEVEN_SEGMENT_DISPLAY/DIGIT_SELECTOR/d[1]
    SLICE_X61Y33         LUT5 (Prop_lut5_I3_O)        0.124     7.456 r  SEVEN_SEGMENT_DISPLAY/DIGIT_SELECTOR/CA_OBUF_inst_i_26/O
                         net (fo=1, routed)           0.821     8.276    SEVEN_SEGMENT_DISPLAY/DIGIT_SELECTOR/CA_OBUF_inst_i_26_n_0
    SLICE_X58Y33         LUT6 (Prop_lut6_I5_O)        0.124     8.400 r  SEVEN_SEGMENT_DISPLAY/DIGIT_SELECTOR/CA_OBUF_inst_i_14/O
                         net (fo=2, routed)           0.681     9.081    SEVEN_SEGMENT_DISPLAY/DIGIT_SELECTOR/CA_OBUF_inst_i_14_n_0
    SLICE_X58Y33         LUT4 (Prop_lut4_I1_O)        0.124     9.205 r  SEVEN_SEGMENT_DISPLAY/DIGIT_SELECTOR/CA_OBUF_inst_i_4/O
                         net (fo=6, routed)           0.807    10.012    SEVEN_SEGMENT_DISPLAY/DIGIT_SELECTOR/CA_OBUF_inst_i_4_n_0
    SLICE_X58Y31         LUT5 (Prop_lut5_I2_O)        0.150    10.162 r  SEVEN_SEGMENT_DISPLAY/DIGIT_SELECTOR/CB_OBUF_inst_i_1/O
                         net (fo=1, routed)           1.942    12.104    CB_OBUF
    W6                   OBUF (Prop_obuf_I_O)         3.731    15.835 r  CB_OBUF_inst/O
                         net (fo=0)                   0.000    15.835    CB
    W6                                                                r  CB (OUT)
  -------------------------------------------------------------------    -------------------

Slack:                    inf
  Source:                 SEVEN_SEGMENT_DISPLAY/DIGIT_SELECTOR/q_reg[2]/C
                            (rising edge-triggered cell FDSE clocked by sys_clk_pin  {rise@0.000ns fall@5.000ns period=10.000ns})
  Destination:            CA
                            (output port)
  Path Group:             (none)
  Path Type:              Max at Slow Process Corner
  Data Path Delay:        10.565ns  (logic 4.463ns (42.242%)  route 6.102ns (57.758%))
  Logic Levels:           5  (LUT4=1 LUT5=2 LUT6=1 OBUF=1)
  Clock Uncertainty:      0.025ns  ((TSJ^2 + TIJ^2)^1/2 + DJ) / 2 + PE
    Total System Jitter     (TSJ):    0.050ns
    Total Input Jitter      (TIJ):    0.000ns
    Discrete Jitter          (DJ):    0.000ns
    Phase Error              (PE):    0.000ns

    Location             Delay type                Incr(ns)  Path(ns)    Netlist Resource(s)
  -------------------------------------------------------------------    -------------------
                         (clock sys_clk_pin rise edge)
                                                      0.000     0.000 r  
    W5                                                0.000     0.000 r  clk (IN)
                         net (fo=0)                   0.000     0.000    clk
    W5                   IBUF (Prop_ibuf_I_O)         1.458     1.458 r  clk_IBUF_inst/O
                         net (fo=1, routed)           1.967     3.425    clk_IBUF
    BUFGCTRL_X0Y0        BUFG (Prop_bufg_I_O)         0.096     3.521 r  clk_IBUF_BUFG_inst/O
                         net (fo=200, routed)         1.626     5.147    SEVEN_SEGMENT_DISPLAY/DIGIT_SELECTOR/CLK
    SLICE_X59Y31         FDSE                                         r  SEVEN_SEGMENT_DISPLAY/DIGIT_SELECTOR/q_reg[2]/C
  -------------------------------------------------------------------    -------------------
    SLICE_X59Y31         FDSE (Prop_fdse_C_Q)         0.456     5.603 r  SEVEN_SEGMENT_DISPLAY/DIGIT_SELECTOR/q_reg[2]/Q
                         net (fo=12, routed)          1.728     7.332    SEVEN_SEGMENT_DISPLAY/DIGIT_SELECTOR/d[1]
    SLICE_X61Y33         LUT5 (Prop_lut5_I3_O)        0.124     7.456 r  SEVEN_SEGMENT_DISPLAY/DIGIT_SELECTOR/CA_OBUF_inst_i_26/O
                         net (fo=1, routed)           0.821     8.276    SEVEN_SEGMENT_DISPLAY/DIGIT_SELECTOR/CA_OBUF_inst_i_26_n_0
    SLICE_X58Y33         LUT6 (Prop_lut6_I5_O)        0.124     8.400 r  SEVEN_SEGMENT_DISPLAY/DIGIT_SELECTOR/CA_OBUF_inst_i_14/O
                         net (fo=2, routed)           0.681     9.081    SEVEN_SEGMENT_DISPLAY/DIGIT_SELECTOR/CA_OBUF_inst_i_14_n_0
    SLICE_X58Y33         LUT4 (Prop_lut4_I1_O)        0.124     9.205 r  SEVEN_SEGMENT_DISPLAY/DIGIT_SELECTOR/CA_OBUF_inst_i_4/O
                         net (fo=6, routed)           0.807    10.012    SEVEN_SEGMENT_DISPLAY/DIGIT_SELECTOR/CA_OBUF_inst_i_4_n_0
    SLICE_X58Y31         LUT5 (Prop_lut5_I2_O)        0.124    10.136 r  SEVEN_SEGMENT_DISPLAY/DIGIT_SELECTOR/CA_OBUF_inst_i_1/O
                         net (fo=1, routed)           2.065    12.201    CA_OBUF
    W7                   OBUF (Prop_obuf_I_O)         3.511    15.712 r  CA_OBUF_inst/O
                         net (fo=0)                   0.000    15.712    CA
    W7                                                                r  CA (OUT)
  -------------------------------------------------------------------    -------------------

Slack:                    inf
  Source:                 SEVEN_SEGMENT_DISPLAY/DIGIT_SELECTOR/q_reg[1]/C
                            (rising edge-triggered cell FDSE clocked by sys_clk_pin  {rise@0.000ns fall@5.000ns period=10.000ns})
  Destination:            CE
                            (output port)
  Path Group:             (none)
  Path Type:              Max at Slow Process Corner
  Data Path Delay:        10.561ns  (logic 4.665ns (44.172%)  route 5.896ns (55.828%))
  Logic Levels:           5  (LUT4=2 LUT5=1 LUT6=1 OBUF=1)
  Clock Uncertainty:      0.025ns  ((TSJ^2 + TIJ^2)^1/2 + DJ) / 2 + PE
    Total System Jitter     (TSJ):    0.050ns
    Total Input Jitter      (TIJ):    0.000ns
    Discrete Jitter          (DJ):    0.000ns
    Phase Error              (PE):    0.000ns

    Location             Delay type                Incr(ns)  Path(ns)    Netlist Resource(s)
  -------------------------------------------------------------------    -------------------
                         (clock sys_clk_pin rise edge)
                                                      0.000     0.000 r  
    W5                                                0.000     0.000 r  clk (IN)
                         net (fo=0)                   0.000     0.000    clk
    W5                   IBUF (Prop_ibuf_I_O)         1.458     1.458 r  clk_IBUF_inst/O
                         net (fo=1, routed)           1.967     3.425    clk_IBUF
    BUFGCTRL_X0Y0        BUFG (Prop_bufg_I_O)         0.096     3.521 r  clk_IBUF_BUFG_inst/O
                         net (fo=200, routed)         1.625     5.146    SEVEN_SEGMENT_DISPLAY/DIGIT_SELECTOR/CLK
    SLICE_X60Y30         FDSE                                         r  SEVEN_SEGMENT_DISPLAY/DIGIT_SELECTOR/q_reg[1]/C
  -------------------------------------------------------------------    -------------------
    SLICE_X60Y30         FDSE (Prop_fdse_C_Q)         0.478     5.624 r  SEVEN_SEGMENT_DISPLAY/DIGIT_SELECTOR/q_reg[1]/Q
                         net (fo=13, routed)          1.150     6.774    SEVEN_SEGMENT_DISPLAY/DIGIT_MUX/CA_OBUF_inst_i_8_0
    SLICE_X61Y33         LUT4 (Prop_lut4_I1_O)        0.295     7.069 f  SEVEN_SEGMENT_DISPLAY/DIGIT_MUX/time_digit/O
                         net (fo=14, routed)          0.696     7.765    SEVEN_SEGMENT_DISPLAY/DIGIT_SELECTOR/CG
    SLICE_X61Y33         LUT6 (Prop_lut6_I2_O)        0.124     7.889 f  SEVEN_SEGMENT_DISPLAY/DIGIT_SELECTOR/CA_OBUF_inst_i_9/O
                         net (fo=1, routed)           0.738     8.626    SEVEN_SEGMENT_DISPLAY/DIGIT_SELECTOR/CA_OBUF_inst_i_9_n_0
    SLICE_X60Y33         LUT4 (Prop_lut4_I3_O)        0.124     8.750 f  SEVEN_SEGMENT_DISPLAY/DIGIT_SELECTOR/CA_OBUF_inst_i_2/O
                         net (fo=7, routed)           1.175     9.926    SEVEN_SEGMENT_DISPLAY/DIGIT_SELECTOR/CA_OBUF_inst_i_2_n_0
    SLICE_X58Y32         LUT5 (Prop_lut5_I2_O)        0.124    10.050 r  SEVEN_SEGMENT_DISPLAY/DIGIT_SELECTOR/CE_OBUF_inst_i_1/O
                         net (fo=1, routed)           2.138    12.187    CE_OBUF
    U5                   OBUF (Prop_obuf_I_O)         3.520    15.707 r  CE_OBUF_inst/O
                         net (fo=0)                   0.000    15.707    CE
    U5                                                                r  CE (OUT)
  -------------------------------------------------------------------    -------------------

Slack:                    inf
  Source:                 SEL0_DEBOUNCE/ff3_reg/C
                            (rising edge-triggered cell FDRE clocked by sys_clk_pin  {rise@0.000ns fall@5.000ns period=10.000ns})
  Destination:            CC
                            (output port)
  Path Group:             (none)
  Path Type:              Max at Slow Process Corner
  Data Path Delay:        10.617ns  (logic 4.721ns (44.467%)  route 5.896ns (55.533%))
  Logic Levels:           5  (LUT3=1 LUT5=1 LUT6=2 OBUF=1)
  Clock Uncertainty:      0.025ns  ((TSJ^2 + TIJ^2)^1/2 + DJ) / 2 + PE
    Total System Jitter     (TSJ):    0.050ns
    Total Input Jitter      (TIJ):    0.000ns
    Discrete Jitter          (DJ):    0.000ns
    Phase Error              (PE):    0.000ns

    Location             Delay type                Incr(ns)  Path(ns)    Netlist Resource(s)
  -------------------------------------------------------------------    -------------------
                         (clock sys_clk_pin rise edge)
                                                      0.000     0.000 r  
    W5                                                0.000     0.000 r  clk (IN)
                         net (fo=0)                   0.000     0.000    clk
    W5                   IBUF (Prop_ibuf_I_O)         1.458     1.458 r  clk_IBUF_inst/O
                         net (fo=1, routed)           1.967     3.425    clk_IBUF
    BUFGCTRL_X0Y0        BUFG (Prop_bufg_I_O)         0.096     3.521 r  clk_IBUF_BUFG_inst/O
                         net (fo=200, routed)         1.562     5.083    SEL0_DEBOUNCE/CLK
    SLICE_X55Y32         FDRE                                         r  SEL0_DEBOUNCE/ff3_reg/C
  -------------------------------------------------------------------    -------------------
    SLICE_X55Y32         FDRE (Prop_fdre_C_Q)         0.456     5.539 r  SEL0_DEBOUNCE/ff3_reg/Q
                         net (fo=53, routed)          1.189     6.728    BIN_REG/ff3
    SLICE_X58Y34         LUT3 (Prop_lut3_I1_O)        0.150     6.878 f  BIN_REG/count[4]_i_7/O
                         net (fo=2, routed)           0.832     7.711    SEVEN_SEGMENT_DISPLAY/DIGIT_SELECTOR/CE_OBUF_inst_i_2_0
    SLICE_X58Y33         LUT6 (Prop_lut6_I2_O)        0.332     8.043 f  SEVEN_SEGMENT_DISPLAY/DIGIT_SELECTOR/CA_OBUF_inst_i_18/O
                         net (fo=2, routed)           0.873     8.915    SEVEN_SEGMENT_DISPLAY/DIGIT_SELECTOR/CA_OBUF_inst_i_18_n_0
    SLICE_X57Y32         LUT6 (Prop_lut6_I5_O)        0.124     9.039 r  SEVEN_SEGMENT_DISPLAY/DIGIT_SELECTOR/CA_OBUF_inst_i_5/O
                         net (fo=6, routed)           1.054    10.094    SEVEN_SEGMENT_DISPLAY/DIGIT_SELECTOR/CA_OBUF_inst_i_5_n_0
    SLICE_X58Y31         LUT5 (Prop_lut5_I4_O)        0.124    10.218 r  SEVEN_SEGMENT_DISPLAY/DIGIT_SELECTOR/CC_OBUF_inst_i_1/O
                         net (fo=1, routed)           1.947    12.165    CC_OBUF
    U8                   OBUF (Prop_obuf_I_O)         3.535    15.700 r  CC_OBUF_inst/O
                         net (fo=0)                   0.000    15.700    CC
    U8                                                                r  CC (OUT)
  -------------------------------------------------------------------    -------------------

Slack:                    inf
  Source:                 SEVEN_SEGMENT_DISPLAY/DIGIT_SELECTOR/q_reg[1]/C
                            (rising edge-triggered cell FDSE clocked by sys_clk_pin  {rise@0.000ns fall@5.000ns period=10.000ns})
  Destination:            AN2
                            (output port)
  Path Group:             (none)
  Path Type:              Max at Slow Process Corner
  Data Path Delay:        7.279ns  (logic 4.508ns (61.935%)  route 2.771ns (38.065%))
  Logic Levels:           2  (LUT1=1 OBUF=1)
  Clock Uncertainty:      0.025ns  ((TSJ^2 + TIJ^2)^1/2 + DJ) / 2 + PE
    Total System Jitter     (TSJ):    0.050ns
    Total Input Jitter      (TIJ):    0.000ns
    Discrete Jitter          (DJ):    0.000ns
    Phase Error              (PE):    0.000ns

    Location             Delay type                Incr(ns)  Path(ns)    Netlist Resource(s)
  -------------------------------------------------------------------    -------------------
                         (clock sys_clk_pin rise edge)
                                                      0.000     0.000 r  
    W5                                                0.000     0.000 r  clk (IN)
                         net (fo=0)                   0.000     0.000    clk
    W5                   IBUF (Prop_ibuf_I_O)         1.458     1.458 r  clk_IBUF_inst/O
                         net (fo=1, routed)           1.967     3.425    clk_IBUF
    BUFGCTRL_X0Y0        BUFG (Prop_bufg_I_O)         0.096     3.521 r  clk_IBUF_BUFG_inst/O
                         net (fo=200, routed)         1.625     5.146    SEVEN_SEGMENT_DISPLAY/DIGIT_SELECTOR/CLK
    SLICE_X60Y30         FDSE                                         r  SEVEN_SEGMENT_DISPLAY/DIGIT_SELECTOR/q_reg[1]/C
  -------------------------------------------------------------------    -------------------
    SLICE_X60Y30         FDSE (Prop_fdse_C_Q)         0.478     5.624 f  SEVEN_SEGMENT_DISPLAY/DIGIT_SELECTOR/q_reg[1]/Q
                         net (fo=13, routed)          0.901     6.525    SEVEN_SEGMENT_DISPLAY/DIGIT_SELECTOR/q_reg[1]_0
    SLICE_X60Y31         LUT1 (Prop_lut1_I0_O)        0.324     6.849 r  SEVEN_SEGMENT_DISPLAY/DIGIT_SELECTOR/AN2_OBUF_inst_i_1/O
                         net (fo=1, routed)           1.870     8.719    AN2_OBUF
    U4                   OBUF (Prop_obuf_I_O)         3.706    12.425 r  AN2_OBUF_inst/O
                         net (fo=0)                   0.000    12.425    AN2
    U4                                                                r  AN2 (OUT)
  -------------------------------------------------------------------    -------------------

Slack:                    inf
  Source:                 SEVEN_SEGMENT_DISPLAY/DIGIT_SELECTOR/q_reg[2]/C
                            (rising edge-triggered cell FDSE clocked by sys_clk_pin  {rise@0.000ns fall@5.000ns period=10.000ns})
  Destination:            AN3
                            (output port)
  Path Group:             (none)
  Path Type:              Max at Slow Process Corner
  Data Path Delay:        6.984ns  (logic 4.103ns (58.746%)  route 2.881ns (41.254%))
  Logic Levels:           2  (LUT1=1 OBUF=1)
  Clock Uncertainty:      0.025ns  ((TSJ^2 + TIJ^2)^1/2 + DJ) / 2 + PE
    Total System Jitter     (TSJ):    0.050ns
    Total Input Jitter      (TIJ):    0.000ns
    Discrete Jitter          (DJ):    0.000ns
    Phase Error              (PE):    0.000ns

    Location             Delay type                Incr(ns)  Path(ns)    Netlist Resource(s)
  -------------------------------------------------------------------    -------------------
                         (clock sys_clk_pin rise edge)
                                                      0.000     0.000 r  
    W5                                                0.000     0.000 r  clk (IN)
                         net (fo=0)                   0.000     0.000    clk
    W5                   IBUF (Prop_ibuf_I_O)         1.458     1.458 r  clk_IBUF_inst/O
                         net (fo=1, routed)           1.967     3.425    clk_IBUF
    BUFGCTRL_X0Y0        BUFG (Prop_bufg_I_O)         0.096     3.521 r  clk_IBUF_BUFG_inst/O
                         net (fo=200, routed)         1.626     5.147    SEVEN_SEGMENT_DISPLAY/DIGIT_SELECTOR/CLK
    SLICE_X59Y31         FDSE                                         r  SEVEN_SEGMENT_DISPLAY/DIGIT_SELECTOR/q_reg[2]/C
  -------------------------------------------------------------------    -------------------
    SLICE_X59Y31         FDSE (Prop_fdse_C_Q)         0.456     5.603 f  SEVEN_SEGMENT_DISPLAY/DIGIT_SELECTOR/q_reg[2]/Q
                         net (fo=12, routed)          1.021     6.624    SEVEN_SEGMENT_DISPLAY/DIGIT_SELECTOR/d[1]
    SLICE_X61Y31         LUT1 (Prop_lut1_I0_O)        0.124     6.748 r  SEVEN_SEGMENT_DISPLAY/DIGIT_SELECTOR/AN3_OBUF_inst_i_1/O
                         net (fo=1, routed)           1.860     8.609    AN3_OBUF
    V4                   OBUF (Prop_obuf_I_O)         3.523    12.132 r  AN3_OBUF_inst/O
                         net (fo=0)                   0.000    12.132    AN3
    V4                                                                r  AN3 (OUT)
  -------------------------------------------------------------------    -------------------

Slack:                    inf
  Source:                 SEVEN_SEGMENT_DISPLAY/DIGIT_SELECTOR/q_reg[0]/C
                            (rising edge-triggered cell FDSE clocked by sys_clk_pin  {rise@0.000ns fall@5.000ns period=10.000ns})
  Destination:            AN1
                            (output port)
  Path Group:             (none)
  Path Type:              Max at Slow Process Corner
  Data Path Delay:        6.746ns  (logic 4.341ns (64.347%)  route 2.405ns (35.653%))
  Logic Levels:           2  (LUT1=1 OBUF=1)
  Clock Uncertainty:      0.025ns  ((TSJ^2 + TIJ^2)^1/2 + DJ) / 2 + PE
    Total System Jitter     (TSJ):    0.050ns
    Total Input Jitter      (TIJ):    0.000ns
    Discrete Jitter          (DJ):    0.000ns
    Phase Error              (PE):    0.000ns

    Location             Delay type                Incr(ns)  Path(ns)    Netlist Resource(s)
  -------------------------------------------------------------------    -------------------
                         (clock sys_clk_pin rise edge)
                                                      0.000     0.000 r  
    W5                                                0.000     0.000 r  clk (IN)
                         net (fo=0)                   0.000     0.000    clk
    W5                   IBUF (Prop_ibuf_I_O)         1.458     1.458 r  clk_IBUF_inst/O
                         net (fo=1, routed)           1.967     3.425    clk_IBUF
    BUFGCTRL_X0Y0        BUFG (Prop_bufg_I_O)         0.096     3.521 r  clk_IBUF_BUFG_inst/O
                         net (fo=200, routed)         1.625     5.146    SEVEN_SEGMENT_DISPLAY/DIGIT_SELECTOR/CLK
    SLICE_X60Y30         FDSE                                         r  SEVEN_SEGMENT_DISPLAY/DIGIT_SELECTOR/q_reg[0]/C
  -------------------------------------------------------------------    -------------------
    SLICE_X60Y30         FDSE (Prop_fdse_C_Q)         0.518     5.664 f  SEVEN_SEGMENT_DISPLAY/DIGIT_SELECTOR/q_reg[0]/Q
                         net (fo=12, routed)          0.575     6.240    SEVEN_SEGMENT_DISPLAY/DIGIT_SELECTOR/q_reg[0]_0
    SLICE_X61Y33         LUT1 (Prop_lut1_I0_O)        0.118     6.358 r  SEVEN_SEGMENT_DISPLAY/DIGIT_SELECTOR/AN1_OBUF_inst_i_1/O
                         net (fo=1, routed)           1.830     8.187    AN1_OBUF
    U2                   OBUF (Prop_obuf_I_O)         3.705    11.892 r  AN1_OBUF_inst/O
                         net (fo=0)                   0.000    11.892    AN1
    U2                                                                r  AN1 (OUT)
  -------------------------------------------------------------------    -------------------





Min Delay Paths
--------------------------------------------------------------------------------------
Slack:                    inf
  Source:                 SEVEN_SEGMENT_DISPLAY/DIGIT_SELECTOR/q_reg[3]/C
                            (rising edge-triggered cell FDRE clocked by sys_clk_pin  {rise@0.000ns fall@5.000ns period=10.000ns})
  Destination:            AN4
                            (output port)
  Path Group:             (none)
  Path Type:              Min at Fast Process Corner
  Data Path Delay:        1.939ns  (logic 1.397ns (72.083%)  route 0.541ns (27.917%))
  Logic Levels:           2  (LUT1=1 OBUF=1)
  Clock Uncertainty:      0.025ns  ((TSJ^2 + TIJ^2)^1/2 + DJ) / 2 + PE
    Total System Jitter     (TSJ):    0.050ns
    Total Input Jitter      (TIJ):    0.000ns
    Discrete Jitter          (DJ):    0.000ns
    Phase Error              (PE):    0.000ns

    Location             Delay type                Incr(ns)  Path(ns)    Netlist Resource(s)
  -------------------------------------------------------------------    -------------------
                         (clock sys_clk_pin rise edge)
                                                      0.000     0.000 r  
    W5                                                0.000     0.000 r  clk (IN)
                         net (fo=0)                   0.000     0.000    clk
    W5                   IBUF (Prop_ibuf_I_O)         0.226     0.226 r  clk_IBUF_inst/O
                         net (fo=1, routed)           0.631     0.858    clk_IBUF
    BUFGCTRL_X0Y0        BUFG (Prop_bufg_I_O)         0.026     0.884 r  clk_IBUF_BUFG_inst/O
                         net (fo=200, routed)         0.587     1.470    SEVEN_SEGMENT_DISPLAY/DIGIT_SELECTOR/CLK
    SLICE_X61Y31         FDRE                                         r  SEVEN_SEGMENT_DISPLAY/DIGIT_SELECTOR/q_reg[3]/C
  -------------------------------------------------------------------    -------------------
    SLICE_X61Y31         FDRE (Prop_fdre_C_Q)         0.141     1.611 f  SEVEN_SEGMENT_DISPLAY/DIGIT_SELECTOR/q_reg[3]/Q
                         net (fo=12, routed)          0.115     1.727    SEVEN_SEGMENT_DISPLAY/DIGIT_SELECTOR/d[0]
    SLICE_X60Y31         LUT1 (Prop_lut1_I0_O)        0.045     1.772 r  SEVEN_SEGMENT_DISPLAY/DIGIT_SELECTOR/AN4_OBUF_inst_i_1/O
                         net (fo=1, routed)           0.426     2.197    AN4_OBUF
    W4                   OBUF (Prop_obuf_I_O)         1.211     3.409 r  AN4_OBUF_inst/O
                         net (fo=0)                   0.000     3.409    AN4
    W4                                                                r  AN4 (OUT)
  -------------------------------------------------------------------    -------------------

Slack:                    inf
  Source:                 SEVEN_SEGMENT_DISPLAY/DIGIT_SELECTOR/q_reg[0]/C
                            (rising edge-triggered cell FDSE clocked by sys_clk_pin  {rise@0.000ns fall@5.000ns period=10.000ns})
  Destination:            AN1
                            (output port)
  Path Group:             (none)
  Path Type:              Min at Fast Process Corner
  Data Path Delay:        2.101ns  (logic 1.478ns (70.343%)  route 0.623ns (29.657%))
  Logic Levels:           2  (LUT1=1 OBUF=1)
  Clock Uncertainty:      0.025ns  ((TSJ^2 + TIJ^2)^1/2 + DJ) / 2 + PE
    Total System Jitter     (TSJ):    0.050ns
    Total Input Jitter      (TIJ):    0.000ns
    Discrete Jitter          (DJ):    0.000ns
    Phase Error              (PE):    0.000ns

    Location             Delay type                Incr(ns)  Path(ns)    Netlist Resource(s)
  -------------------------------------------------------------------    -------------------
                         (clock sys_clk_pin rise edge)
                                                      0.000     0.000 r  
    W5                                                0.000     0.000 r  clk (IN)
                         net (fo=0)                   0.000     0.000    clk
    W5                   IBUF (Prop_ibuf_I_O)         0.226     0.226 r  clk_IBUF_inst/O
                         net (fo=1, routed)           0.631     0.858    clk_IBUF
    BUFGCTRL_X0Y0        BUFG (Prop_bufg_I_O)         0.026     0.884 r  clk_IBUF_BUFG_inst/O
                         net (fo=200, routed)         0.586     1.469    SEVEN_SEGMENT_DISPLAY/DIGIT_SELECTOR/CLK
    SLICE_X60Y30         FDSE                                         r  SEVEN_SEGMENT_DISPLAY/DIGIT_SELECTOR/q_reg[0]/C
  -------------------------------------------------------------------    -------------------
    SLICE_X60Y30         FDSE (Prop_fdse_C_Q)         0.164     1.633 f  SEVEN_SEGMENT_DISPLAY/DIGIT_SELECTOR/q_reg[0]/Q
                         net (fo=12, routed)          0.228     1.862    SEVEN_SEGMENT_DISPLAY/DIGIT_SELECTOR/q_reg[0]_0
    SLICE_X61Y33         LUT1 (Prop_lut1_I0_O)        0.048     1.910 r  SEVEN_SEGMENT_DISPLAY/DIGIT_SELECTOR/AN1_OBUF_inst_i_1/O
                         net (fo=1, routed)           0.395     2.304    AN1_OBUF
    U2                   OBUF (Prop_obuf_I_O)         1.266     3.570 r  AN1_OBUF_inst/O
                         net (fo=0)                   0.000     3.570    AN1
    U2                                                                r  AN1 (OUT)
  -------------------------------------------------------------------    -------------------

Slack:                    inf
  Source:                 SEVEN_SEGMENT_DISPLAY/DIGIT_SELECTOR/q_reg[2]/C
                            (rising edge-triggered cell FDSE clocked by sys_clk_pin  {rise@0.000ns fall@5.000ns period=10.000ns})
  Destination:            AN3
                            (output port)
  Path Group:             (none)
  Path Type:              Min at Fast Process Corner
  Data Path Delay:        2.183ns  (logic 1.410ns (64.582%)  route 0.773ns (35.418%))
  Logic Levels:           2  (LUT1=1 OBUF=1)
  Clock Uncertainty:      0.025ns  ((TSJ^2 + TIJ^2)^1/2 + DJ) / 2 + PE
    Total System Jitter     (TSJ):    0.050ns
    Total Input Jitter      (TIJ):    0.000ns
    Discrete Jitter          (DJ):    0.000ns
    Phase Error              (PE):    0.000ns

    Location             Delay type                Incr(ns)  Path(ns)    Netlist Resource(s)
  -------------------------------------------------------------------    -------------------
                         (clock sys_clk_pin rise edge)
                                                      0.000     0.000 r  
    W5                                                0.000     0.000 r  clk (IN)
                         net (fo=0)                   0.000     0.000    clk
    W5                   IBUF (Prop_ibuf_I_O)         0.226     0.226 r  clk_IBUF_inst/O
                         net (fo=1, routed)           0.631     0.858    clk_IBUF
    BUFGCTRL_X0Y0        BUFG (Prop_bufg_I_O)         0.026     0.884 r  clk_IBUF_BUFG_inst/O
                         net (fo=200, routed)         0.587     1.470    SEVEN_SEGMENT_DISPLAY/DIGIT_SELECTOR/CLK
    SLICE_X59Y31         FDSE                                         r  SEVEN_SEGMENT_DISPLAY/DIGIT_SELECTOR/q_reg[2]/C
  -------------------------------------------------------------------    -------------------
    SLICE_X59Y31         FDSE (Prop_fdse_C_Q)         0.141     1.611 f  SEVEN_SEGMENT_DISPLAY/DIGIT_SELECTOR/q_reg[2]/Q
                         net (fo=12, routed)          0.360     1.971    SEVEN_SEGMENT_DISPLAY/DIGIT_SELECTOR/d[1]
    SLICE_X61Y31         LUT1 (Prop_lut1_I0_O)        0.045     2.016 r  SEVEN_SEGMENT_DISPLAY/DIGIT_SELECTOR/AN3_OBUF_inst_i_1/O
                         net (fo=1, routed)           0.413     2.429    AN3_OBUF
    V4                   OBUF (Prop_obuf_I_O)         1.224     3.653 r  AN3_OBUF_inst/O
                         net (fo=0)                   0.000     3.653    AN3
    V4                                                                r  AN3 (OUT)
  -------------------------------------------------------------------    -------------------

Slack:                    inf
  Source:                 SEVEN_SEGMENT_DISPLAY/DIGIT_SELECTOR/q_reg[1]/C
                            (rising edge-triggered cell FDSE clocked by sys_clk_pin  {rise@0.000ns fall@5.000ns period=10.000ns})
  Destination:            AN2
                            (output port)
  Path Group:             (none)
  Path Type:              Min at Fast Process Corner
  Data Path Delay:        2.251ns  (logic 1.513ns (67.230%)  route 0.738ns (32.770%))
  Logic Levels:           2  (LUT1=1 OBUF=1)
  Clock Uncertainty:      0.025ns  ((TSJ^2 + TIJ^2)^1/2 + DJ) / 2 + PE
    Total System Jitter     (TSJ):    0.050ns
    Total Input Jitter      (TIJ):    0.000ns
    Discrete Jitter          (DJ):    0.000ns
    Phase Error              (PE):    0.000ns

    Location             Delay type                Incr(ns)  Path(ns)    Netlist Resource(s)
  -------------------------------------------------------------------    -------------------
                         (clock sys_clk_pin rise edge)
                                                      0.000     0.000 r  
    W5                                                0.000     0.000 r  clk (IN)
                         net (fo=0)                   0.000     0.000    clk
    W5                   IBUF (Prop_ibuf_I_O)         0.226     0.226 r  clk_IBUF_inst/O
                         net (fo=1, routed)           0.631     0.858    clk_IBUF
    BUFGCTRL_X0Y0        BUFG (Prop_bufg_I_O)         0.026     0.884 r  clk_IBUF_BUFG_inst/O
                         net (fo=200, routed)         0.586     1.469    SEVEN_SEGMENT_DISPLAY/DIGIT_SELECTOR/CLK
    SLICE_X60Y30         FDSE                                         r  SEVEN_SEGMENT_DISPLAY/DIGIT_SELECTOR/q_reg[1]/C
  -------------------------------------------------------------------    -------------------
    SLICE_X60Y30         FDSE (Prop_fdse_C_Q)         0.148     1.617 f  SEVEN_SEGMENT_DISPLAY/DIGIT_SELECTOR/q_reg[1]/Q
                         net (fo=13, routed)          0.327     1.944    SEVEN_SEGMENT_DISPLAY/DIGIT_SELECTOR/q_reg[1]_0
    SLICE_X60Y31         LUT1 (Prop_lut1_I0_O)        0.097     2.041 r  SEVEN_SEGMENT_DISPLAY/DIGIT_SELECTOR/AN2_OBUF_inst_i_1/O
                         net (fo=1, routed)           0.411     2.452    AN2_OBUF
    U4                   OBUF (Prop_obuf_I_O)         1.268     3.720 r  AN2_OBUF_inst/O
                         net (fo=0)                   0.000     3.720    AN2
    U4                                                                r  AN2 (OUT)
  -------------------------------------------------------------------    -------------------

Slack:                    inf
  Source:                 BIN_REG/bin_val_reg[0]/C
                            (rising edge-triggered cell FDRE clocked by sys_clk_pin  {rise@0.000ns fall@5.000ns period=10.000ns})
  Destination:            CE
                            (output port)
  Path Group:             (none)
  Path Type:              Min at Fast Process Corner
  Data Path Delay:        2.517ns  (logic 1.520ns (60.377%)  route 0.997ns (39.623%))
  Logic Levels:           4  (LUT4=1 LUT5=1 LUT6=1 OBUF=1)
  Clock Uncertainty:      0.025ns  ((TSJ^2 + TIJ^2)^1/2 + DJ) / 2 + PE
    Total System Jitter     (TSJ):    0.050ns
    Total Input Jitter      (TIJ):    0.000ns
    Discrete Jitter          (DJ):    0.000ns
    Phase Error              (PE):    0.000ns

    Location             Delay type                Incr(ns)  Path(ns)    Netlist Resource(s)
  -------------------------------------------------------------------    -------------------
                         (clock sys_clk_pin rise edge)
                                                      0.000     0.000 r  
    W5                                                0.000     0.000 r  clk (IN)
                         net (fo=0)                   0.000     0.000    clk
    W5                   IBUF (Prop_ibuf_I_O)         0.226     0.226 r  clk_IBUF_inst/O
                         net (fo=1, routed)           0.631     0.858    clk_IBUF
    BUFGCTRL_X0Y0        BUFG (Prop_bufg_I_O)         0.026     0.884 r  clk_IBUF_BUFG_inst/O
                         net (fo=200, routed)         0.561     1.444    BIN_REG/CLK
    SLICE_X56Y31         FDRE                                         r  BIN_REG/bin_val_reg[0]/C
  -------------------------------------------------------------------    -------------------
    SLICE_X56Y31         FDRE (Prop_fdre_C_Q)         0.164     1.608 r  BIN_REG/bin_val_reg[0]/Q
                         net (fo=2, routed)           0.094     1.702    SEVEN_SEGMENT_DISPLAY/DIGIT_SELECTOR/Q[0]
    SLICE_X57Y31         LUT6 (Prop_lut6_I3_O)        0.045     1.747 f  SEVEN_SEGMENT_DISPLAY/DIGIT_SELECTOR/CA_OBUF_inst_i_16/O
                         net (fo=2, routed)           0.117     1.864    SEVEN_SEGMENT_DISPLAY/DIGIT_SELECTOR/CA_OBUF_inst_i_16_n_0
    SLICE_X57Y32         LUT4 (Prop_lut4_I3_O)        0.045     1.909 r  SEVEN_SEGMENT_DISPLAY/DIGIT_SELECTOR/CE_OBUF_inst_i_2/O
                         net (fo=1, routed)           0.242     2.151    SEVEN_SEGMENT_DISPLAY/DIGIT_SELECTOR/CE_OBUF_inst_i_2_n_0
    SLICE_X58Y32         LUT5 (Prop_lut5_I0_O)        0.045     2.196 r  SEVEN_SEGMENT_DISPLAY/DIGIT_SELECTOR/CE_OBUF_inst_i_1/O
                         net (fo=1, routed)           0.545     2.741    CE_OBUF
    U5                   OBUF (Prop_obuf_I_O)         1.221     3.961 r  CE_OBUF_inst/O
                         net (fo=0)                   0.000     3.961    CE
    U5                                                                r  CE (OUT)
  -------------------------------------------------------------------    -------------------

Slack:                    inf
  Source:                 BIN_TO_BCD/bcd_out_reg[5]/C
                            (rising edge-triggered cell FDRE clocked by sys_clk_pin  {rise@0.000ns fall@5.000ns period=10.000ns})
  Destination:            CC
                            (output port)
  Path Group:             (none)
  Path Type:              Min at Fast Process Corner
  Data Path Delay:        2.523ns  (logic 1.512ns (59.931%)  route 1.011ns (40.069%))
  Logic Levels:           4  (LUT4=1 LUT5=1 LUT6=1 OBUF=1)
  Clock Uncertainty:      0.025ns  ((TSJ^2 + TIJ^2)^1/2 + DJ) / 2 + PE
    Total System Jitter     (TSJ):    0.050ns
    Total Input Jitter      (TIJ):    0.000ns
    Discrete Jitter          (DJ):    0.000ns
    Phase Error              (PE):    0.000ns

    Location             Delay type                Incr(ns)  Path(ns)    Netlist Resource(s)
  -------------------------------------------------------------------    -------------------
                         (clock sys_clk_pin rise edge)
                                                      0.000     0.000 r  
    W5                                                0.000     0.000 r  clk (IN)
                         net (fo=0)                   0.000     0.000    clk
    W5                   IBUF (Prop_ibuf_I_O)         0.226     0.226 r  clk_IBUF_inst/O
                         net (fo=1, routed)           0.631     0.858    clk_IBUF
    BUFGCTRL_X0Y0        BUFG (Prop_bufg_I_O)         0.026     0.884 r  clk_IBUF_BUFG_inst/O
                         net (fo=200, routed)         0.588     1.471    BIN_TO_BCD/CLK
    SLICE_X59Y32         FDRE                                         r  BIN_TO_BCD/bcd_out_reg[5]/C
  -------------------------------------------------------------------    -------------------
    SLICE_X59Y32         FDRE (Prop_fdre_C_Q)         0.141     1.612 r  BIN_TO_BCD/bcd_out_reg[5]/Q
                         net (fo=1, routed)           0.137     1.749    BIN_TO_BCD/bcd_out_reg_n_0_[5]
    SLICE_X58Y32         LUT6 (Prop_lut6_I0_O)        0.045     1.794 f  BIN_TO_BCD/CA_OBUF_inst_i_13/O
                         net (fo=2, routed)           0.124     1.918    SEVEN_SEGMENT_DISPLAY/DIGIT_SELECTOR/CG_OBUF_inst_i_1_0
    SLICE_X58Y33         LUT4 (Prop_lut4_I0_O)        0.045     1.963 r  SEVEN_SEGMENT_DISPLAY/DIGIT_SELECTOR/CA_OBUF_inst_i_4/O
                         net (fo=6, routed)           0.291     2.255    SEVEN_SEGMENT_DISPLAY/DIGIT_SELECTOR/CA_OBUF_inst_i_4_n_0
    SLICE_X58Y31         LUT5 (Prop_lut5_I1_O)        0.045     2.300 r  SEVEN_SEGMENT_DISPLAY/DIGIT_SELECTOR/CC_OBUF_inst_i_1/O
                         net (fo=1, routed)           0.458     2.758    CC_OBUF
    U8                   OBUF (Prop_obuf_I_O)         1.236     3.994 r  CC_OBUF_inst/O
                         net (fo=0)                   0.000     3.994    CC
    U8                                                                r  CC (OUT)
  -------------------------------------------------------------------    -------------------

Slack:                    inf
  Source:                 BIN_REG/bin_val_reg[0]/C
                            (rising edge-triggered cell FDRE clocked by sys_clk_pin  {rise@0.000ns fall@5.000ns period=10.000ns})
  Destination:            CA
                            (output port)
  Path Group:             (none)
  Path Type:              Min at Fast Process Corner
  Data Path Delay:        2.556ns  (logic 1.511ns (59.107%)  route 1.045ns (40.893%))
  Logic Levels:           4  (LUT5=1 LUT6=2 OBUF=1)
  Clock Uncertainty:      0.025ns  ((TSJ^2 + TIJ^2)^1/2 + DJ) / 2 + PE
    Total System Jitter     (TSJ):    0.050ns
    Total Input Jitter      (TIJ):    0.000ns
    Discrete Jitter          (DJ):    0.000ns
    Phase Error              (PE):    0.000ns

    Location             Delay type                Incr(ns)  Path(ns)    Netlist Resource(s)
  -------------------------------------------------------------------    -------------------
                         (clock sys_clk_pin rise edge)
                                                      0.000     0.000 r  
    W5                                                0.000     0.000 r  clk (IN)
                         net (fo=0)                   0.000     0.000    clk
    W5                   IBUF (Prop_ibuf_I_O)         0.226     0.226 r  clk_IBUF_inst/O
                         net (fo=1, routed)           0.631     0.858    clk_IBUF
    BUFGCTRL_X0Y0        BUFG (Prop_bufg_I_O)         0.026     0.884 r  clk_IBUF_BUFG_inst/O
                         net (fo=200, routed)         0.561     1.444    BIN_REG/CLK
    SLICE_X56Y31         FDRE                                         r  BIN_REG/bin_val_reg[0]/C
  -------------------------------------------------------------------    -------------------
    SLICE_X56Y31         FDRE (Prop_fdre_C_Q)         0.164     1.608 f  BIN_REG/bin_val_reg[0]/Q
                         net (fo=2, routed)           0.094     1.702    SEVEN_SEGMENT_DISPLAY/DIGIT_SELECTOR/Q[0]
    SLICE_X57Y31         LUT6 (Prop_lut6_I3_O)        0.045     1.747 r  SEVEN_SEGMENT_DISPLAY/DIGIT_SELECTOR/CA_OBUF_inst_i_16/O
                         net (fo=2, routed)           0.114     1.861    SEVEN_SEGMENT_DISPLAY/DIGIT_SELECTOR/CA_OBUF_inst_i_16_n_0
    SLICE_X57Y32         LUT6 (Prop_lut6_I0_O)        0.045     1.906 r  SEVEN_SEGMENT_DISPLAY/DIGIT_SELECTOR/CA_OBUF_inst_i_5/O
                         net (fo=6, routed)           0.348     2.254    SEVEN_SEGMENT_DISPLAY/DIGIT_SELECTOR/CA_OBUF_inst_i_5_n_0
    SLICE_X58Y31         LUT5 (Prop_lut5_I3_O)        0.045     2.299 r  SEVEN_SEGMENT_DISPLAY/DIGIT_SELECTOR/CA_OBUF_inst_i_1/O
                         net (fo=1, routed)           0.489     2.788    CA_OBUF
    W7                   OBUF (Prop_obuf_I_O)         1.212     4.000 r  CA_OBUF_inst/O
                         net (fo=0)                   0.000     4.000    CA
    W7                                                                r  CA (OUT)
  -------------------------------------------------------------------    -------------------

Slack:                    inf
  Source:                 BIN_REG/bin_val_reg[0]/C
                            (rising edge-triggered cell FDRE clocked by sys_clk_pin  {rise@0.000ns fall@5.000ns period=10.000ns})
  Destination:            CB
                            (output port)
  Path Group:             (none)
  Path Type:              Min at Fast Process Corner
  Data Path Delay:        2.615ns  (logic 1.592ns (60.888%)  route 1.023ns (39.113%))
  Logic Levels:           4  (LUT5=1 LUT6=2 OBUF=1)
  Clock Uncertainty:      0.025ns  ((TSJ^2 + TIJ^2)^1/2 + DJ) / 2 + PE
    Total System Jitter     (TSJ):    0.050ns
    Total Input Jitter      (TIJ):    0.000ns
    Discrete Jitter          (DJ):    0.000ns
    Phase Error              (PE):    0.000ns

    Location             Delay type                Incr(ns)  Path(ns)    Netlist Resource(s)
  -------------------------------------------------------------------    -------------------
                         (clock sys_clk_pin rise edge)
                                                      0.000     0.000 r  
    W5                                                0.000     0.000 r  clk (IN)
                         net (fo=0)                   0.000     0.000    clk
    W5                   IBUF (Prop_ibuf_I_O)         0.226     0.226 r  clk_IBUF_inst/O
                         net (fo=1, routed)           0.631     0.858    clk_IBUF
    BUFGCTRL_X0Y0        BUFG (Prop_bufg_I_O)         0.026     0.884 r  clk_IBUF_BUFG_inst/O
                         net (fo=200, routed)         0.561     1.444    BIN_REG/CLK
    SLICE_X56Y31         FDRE                                         r  BIN_REG/bin_val_reg[0]/C
  -------------------------------------------------------------------    -------------------
    SLICE_X56Y31         FDRE (Prop_fdre_C_Q)         0.164     1.608 f  BIN_REG/bin_val_reg[0]/Q
                         net (fo=2, routed)           0.094     1.702    SEVEN_SEGMENT_DISPLAY/DIGIT_SELECTOR/Q[0]
    SLICE_X57Y31         LUT6 (Prop_lut6_I3_O)        0.045     1.747 r  SEVEN_SEGMENT_DISPLAY/DIGIT_SELECTOR/CA_OBUF_inst_i_16/O
                         net (fo=2, routed)           0.114     1.861    SEVEN_SEGMENT_DISPLAY/DIGIT_SELECTOR/CA_OBUF_inst_i_16_n_0
    SLICE_X57Y32         LUT6 (Prop_lut6_I0_O)        0.045     1.906 r  SEVEN_SEGMENT_DISPLAY/DIGIT_SELECTOR/CA_OBUF_inst_i_5/O
                         net (fo=6, routed)           0.348     2.254    SEVEN_SEGMENT_DISPLAY/DIGIT_SELECTOR/CA_OBUF_inst_i_5_n_0
    SLICE_X58Y31         LUT5 (Prop_lut5_I1_O)        0.046     2.300 r  SEVEN_SEGMENT_DISPLAY/DIGIT_SELECTOR/CB_OBUF_inst_i_1/O
                         net (fo=1, routed)           0.467     2.767    CB_OBUF
    W6                   OBUF (Prop_obuf_I_O)         1.292     4.059 r  CB_OBUF_inst/O
                         net (fo=0)                   0.000     4.059    CB
    W6                                                                r  CB (OUT)
  -------------------------------------------------------------------    -------------------

Slack:                    inf
  Source:                 BIN_REG/bin_val_reg[0]/C
                            (rising edge-triggered cell FDRE clocked by sys_clk_pin  {rise@0.000ns fall@5.000ns period=10.000ns})
  Destination:            CD
                            (output port)
  Path Group:             (none)
  Path Type:              Min at Fast Process Corner
  Data Path Delay:        2.679ns  (logic 1.535ns (57.322%)  route 1.143ns (42.678%))
  Logic Levels:           4  (LUT5=1 LUT6=2 OBUF=1)
  Clock Uncertainty:      0.025ns  ((TSJ^2 + TIJ^2)^1/2 + DJ) / 2 + PE
    Total System Jitter     (TSJ):    0.050ns
    Total Input Jitter      (TIJ):    0.000ns
    Discrete Jitter          (DJ):    0.000ns
    Phase Error              (PE):    0.000ns

    Location             Delay type                Incr(ns)  Path(ns)    Netlist Resource(s)
  -------------------------------------------------------------------    -------------------
                         (clock sys_clk_pin rise edge)
                                                      0.000     0.000 r  
    W5                                                0.000     0.000 r  clk (IN)
                         net (fo=0)                   0.000     0.000    clk
    W5                   IBUF (Prop_ibuf_I_O)         0.226     0.226 r  clk_IBUF_inst/O
                         net (fo=1, routed)           0.631     0.858    clk_IBUF
    BUFGCTRL_X0Y0        BUFG (Prop_bufg_I_O)         0.026     0.884 r  clk_IBUF_BUFG_inst/O
                         net (fo=200, routed)         0.561     1.444    BIN_REG/CLK
    SLICE_X56Y31         FDRE                                         r  BIN_REG/bin_val_reg[0]/C
  -------------------------------------------------------------------    -------------------
    SLICE_X56Y31         FDRE (Prop_fdre_C_Q)         0.164     1.608 f  BIN_REG/bin_val_reg[0]/Q
                         net (fo=2, routed)           0.094     1.702    SEVEN_SEGMENT_DISPLAY/DIGIT_SELECTOR/Q[0]
    SLICE_X57Y31         LUT6 (Prop_lut6_I3_O)        0.045     1.747 r  SEVEN_SEGMENT_DISPLAY/DIGIT_SELECTOR/CA_OBUF_inst_i_16/O
                         net (fo=2, routed)           0.114     1.861    SEVEN_SEGMENT_DISPLAY/DIGIT_SELECTOR/CA_OBUF_inst_i_16_n_0
    SLICE_X57Y32         LUT6 (Prop_lut6_I0_O)        0.045     1.906 r  SEVEN_SEGMENT_DISPLAY/DIGIT_SELECTOR/CA_OBUF_inst_i_5/O
                         net (fo=6, routed)           0.406     2.312    SEVEN_SEGMENT_DISPLAY/DIGIT_SELECTOR/CA_OBUF_inst_i_5_n_0
    SLICE_X58Y31         LUT5 (Prop_lut5_I2_O)        0.045     2.357 r  SEVEN_SEGMENT_DISPLAY/DIGIT_SELECTOR/CD_OBUF_inst_i_1/O
                         net (fo=1, routed)           0.529     2.886    CD_OBUF
    V8                   OBUF (Prop_obuf_I_O)         1.236     4.123 r  CD_OBUF_inst/O
                         net (fo=0)                   0.000     4.123    CD
    V8                                                                r  CD (OUT)
  -------------------------------------------------------------------    -------------------

Slack:                    inf
  Source:                 BIN_REG/bin_val_reg[0]/C
                            (rising edge-triggered cell FDRE clocked by sys_clk_pin  {rise@0.000ns fall@5.000ns period=10.000ns})
  Destination:            CF
                            (output port)
  Path Group:             (none)
  Path Type:              Min at Fast Process Corner
  Data Path Delay:        2.736ns  (logic 1.570ns (57.376%)  route 1.166ns (42.624%))
  Logic Levels:           4  (LUT5=1 LUT6=2 OBUF=1)
  Clock Uncertainty:      0.025ns  ((TSJ^2 + TIJ^2)^1/2 + DJ) / 2 + PE
    Total System Jitter     (TSJ):    0.050ns
    Total Input Jitter      (TIJ):    0.000ns
    Discrete Jitter          (DJ):    0.000ns
    Phase Error              (PE):    0.000ns

    Location             Delay type                Incr(ns)  Path(ns)    Netlist Resource(s)
  -------------------------------------------------------------------    -------------------
                         (clock sys_clk_pin rise edge)
                                                      0.000     0.000 r  
    W5                                                0.000     0.000 r  clk (IN)
                         net (fo=0)                   0.000     0.000    clk
    W5                   IBUF (Prop_ibuf_I_O)         0.226     0.226 r  clk_IBUF_inst/O
                         net (fo=1, routed)           0.631     0.858    clk_IBUF
    BUFGCTRL_X0Y0        BUFG (Prop_bufg_I_O)         0.026     0.884 r  clk_IBUF_BUFG_inst/O
                         net (fo=200, routed)         0.561     1.444    BIN_REG/CLK
    SLICE_X56Y31         FDRE                                         r  BIN_REG/bin_val_reg[0]/C
  -------------------------------------------------------------------    -------------------
    SLICE_X56Y31         FDRE (Prop_fdre_C_Q)         0.164     1.608 r  BIN_REG/bin_val_reg[0]/Q
                         net (fo=2, routed)           0.094     1.702    SEVEN_SEGMENT_DISPLAY/DIGIT_SELECTOR/Q[0]
    SLICE_X57Y31         LUT6 (Prop_lut6_I3_O)        0.045     1.747 f  SEVEN_SEGMENT_DISPLAY/DIGIT_SELECTOR/CA_OBUF_inst_i_16/O
                         net (fo=2, routed)           0.114     1.861    SEVEN_SEGMENT_DISPLAY/DIGIT_SELECTOR/CA_OBUF_inst_i_16_n_0
    SLICE_X57Y32         LUT6 (Prop_lut6_I0_O)        0.045     1.906 f  SEVEN_SEGMENT_DISPLAY/DIGIT_SELECTOR/CA_OBUF_inst_i_5/O
                         net (fo=6, routed)           0.406     2.312    SEVEN_SEGMENT_DISPLAY/DIGIT_SELECTOR/CA_OBUF_inst_i_5_n_0
    SLICE_X58Y31         LUT5 (Prop_lut5_I3_O)        0.045     2.357 r  SEVEN_SEGMENT_DISPLAY/DIGIT_SELECTOR/CF_OBUF_inst_i_1/O
                         net (fo=1, routed)           0.552     2.909    CF_OBUF
    V5                   OBUF (Prop_obuf_I_O)         1.271     4.180 r  CF_OBUF_inst/O
                         net (fo=0)                   0.000     4.180    CF
    V5                                                                r  CF (OUT)
  -------------------------------------------------------------------    -------------------





--------------------------------------------------------------------------------------
Path Group:  (none)
From Clock:  
  To Clock:  sys_clk_pin

Max Delay           184 Endpoints
Min Delay           184 Endpoints
--------------------------------------------------------------------------------------


Max Delay Paths
--------------------------------------------------------------------------------------
Slack:                    inf
  Source:                 reset
                            (input port)
  Destination:            EN_DEBOUNCE/count_reg[0]/R
                            (rising edge-triggered cell FDRE clocked by sys_clk_pin  {rise@0.000ns fall@5.000ns period=10.000ns})
  Path Group:             (none)
  Path Type:              Setup (Max at Slow Process Corner)
  Data Path Delay:        7.641ns  (logic 1.565ns (20.486%)  route 6.076ns (79.514%))
  Logic Levels:           2  (IBUF=1 LUT3=1)
  Clock Path Skew:        4.776ns (DCD - SCD + CPR)
    Destination Clock Delay (DCD):    4.776ns
    Source Clock Delay      (SCD):    0.000ns
    Clock Pessimism Removal (CPR):    0.000ns
  Clock Uncertainty:      0.025ns  ((TSJ^2 + TIJ^2)^1/2 + DJ) / 2 + PE
    Total System Jitter     (TSJ):    0.050ns
    Total Input Jitter      (TIJ):    0.000ns
    Discrete Jitter          (DJ):    0.000ns
    Phase Error              (PE):    0.000ns

    Location             Delay type                Incr(ns)  Path(ns)    Netlist Resource(s)
  -------------------------------------------------------------------    -------------------
    U18                                               0.000     0.000 r  reset (IN)
                         net (fo=0)                   0.000     0.000    reset
    U18                  IBUF (Prop_ibuf_I_O)         1.441     1.441 r  reset_IBUF_inst/O
                         net (fo=59, routed)          4.777     6.218    EN_DEBOUNCE/SR[0]
    SLICE_X55Y32         LUT3 (Prop_lut3_I2_O)        0.124     6.342 r  EN_DEBOUNCE/count[0]_i_1__1/O
                         net (fo=23, routed)          1.299     7.641    EN_DEBOUNCE/count[0]_i_1__1_n_0
    SLICE_X55Y25         FDRE                                         r  EN_DEBOUNCE/count_reg[0]/R
  -------------------------------------------------------------------    -------------------

                         (clock sys_clk_pin rise edge)
                                                      0.000     0.000 r  
    W5                                                0.000     0.000 r  clk (IN)
                         net (fo=0)                   0.000     0.000    clk
    W5                   IBUF (Prop_ibuf_I_O)         1.388     1.388 r  clk_IBUF_inst/O
                         net (fo=1, routed)           1.862     3.250    clk_IBUF
    BUFGCTRL_X0Y0        BUFG (Prop_bufg_I_O)         0.091     3.341 r  clk_IBUF_BUFG_inst/O
                         net (fo=200, routed)         1.435     4.776    EN_DEBOUNCE/CLK
    SLICE_X55Y25         FDRE                                         r  EN_DEBOUNCE/count_reg[0]/C

Slack:                    inf
  Source:                 reset
                            (input port)
  Destination:            EN_DEBOUNCE/count_reg[1]/R
                            (rising edge-triggered cell FDRE clocked by sys_clk_pin  {rise@0.000ns fall@5.000ns period=10.000ns})
  Path Group:             (none)
  Path Type:              Setup (Max at Slow Process Corner)
  Data Path Delay:        7.641ns  (logic 1.565ns (20.486%)  route 6.076ns (79.514%))
  Logic Levels:           2  (IBUF=1 LUT3=1)
  Clock Path Skew:        4.776ns (DCD - SCD + CPR)
    Destination Clock Delay (DCD):    4.776ns
    Source Clock Delay      (SCD):    0.000ns
    Clock Pessimism Removal (CPR):    0.000ns
  Clock Uncertainty:      0.025ns  ((TSJ^2 + TIJ^2)^1/2 + DJ) / 2 + PE
    Total System Jitter     (TSJ):    0.050ns
    Total Input Jitter      (TIJ):    0.000ns
    Discrete Jitter          (DJ):    0.000ns
    Phase Error              (PE):    0.000ns

    Location             Delay type                Incr(ns)  Path(ns)    Netlist Resource(s)
  -------------------------------------------------------------------    -------------------
    U18                                               0.000     0.000 r  reset (IN)
                         net (fo=0)                   0.000     0.000    reset
    U18                  IBUF (Prop_ibuf_I_O)         1.441     1.441 r  reset_IBUF_inst/O
                         net (fo=59, routed)          4.777     6.218    EN_DEBOUNCE/SR[0]
    SLICE_X55Y32         LUT3 (Prop_lut3_I2_O)        0.124     6.342 r  EN_DEBOUNCE/count[0]_i_1__1/O
                         net (fo=23, routed)          1.299     7.641    EN_DEBOUNCE/count[0]_i_1__1_n_0
    SLICE_X55Y25         FDRE                                         r  EN_DEBOUNCE/count_reg[1]/R
  -------------------------------------------------------------------    -------------------

                         (clock sys_clk_pin rise edge)
                                                      0.000     0.000 r  
    W5                                                0.000     0.000 r  clk (IN)
                         net (fo=0)                   0.000     0.000    clk
    W5                   IBUF (Prop_ibuf_I_O)         1.388     1.388 r  clk_IBUF_inst/O
                         net (fo=1, routed)           1.862     3.250    clk_IBUF
    BUFGCTRL_X0Y0        BUFG (Prop_bufg_I_O)         0.091     3.341 r  clk_IBUF_BUFG_inst/O
                         net (fo=200, routed)         1.435     4.776    EN_DEBOUNCE/CLK
    SLICE_X55Y25         FDRE                                         r  EN_DEBOUNCE/count_reg[1]/C

Slack:                    inf
  Source:                 reset
                            (input port)
  Destination:            EN_DEBOUNCE/count_reg[2]/R
                            (rising edge-triggered cell FDRE clocked by sys_clk_pin  {rise@0.000ns fall@5.000ns period=10.000ns})
  Path Group:             (none)
  Path Type:              Setup (Max at Slow Process Corner)
  Data Path Delay:        7.641ns  (logic 1.565ns (20.486%)  route 6.076ns (79.514%))
  Logic Levels:           2  (IBUF=1 LUT3=1)
  Clock Path Skew:        4.776ns (DCD - SCD + CPR)
    Destination Clock Delay (DCD):    4.776ns
    Source Clock Delay      (SCD):    0.000ns
    Clock Pessimism Removal (CPR):    0.000ns
  Clock Uncertainty:      0.025ns  ((TSJ^2 + TIJ^2)^1/2 + DJ) / 2 + PE
    Total System Jitter     (TSJ):    0.050ns
    Total Input Jitter      (TIJ):    0.000ns
    Discrete Jitter          (DJ):    0.000ns
    Phase Error              (PE):    0.000ns

    Location             Delay type                Incr(ns)  Path(ns)    Netlist Resource(s)
  -------------------------------------------------------------------    -------------------
    U18                                               0.000     0.000 r  reset (IN)
                         net (fo=0)                   0.000     0.000    reset
    U18                  IBUF (Prop_ibuf_I_O)         1.441     1.441 r  reset_IBUF_inst/O
                         net (fo=59, routed)          4.777     6.218    EN_DEBOUNCE/SR[0]
    SLICE_X55Y32         LUT3 (Prop_lut3_I2_O)        0.124     6.342 r  EN_DEBOUNCE/count[0]_i_1__1/O
                         net (fo=23, routed)          1.299     7.641    EN_DEBOUNCE/count[0]_i_1__1_n_0
    SLICE_X55Y25         FDRE                                         r  EN_DEBOUNCE/count_reg[2]/R
  -------------------------------------------------------------------    -------------------

                         (clock sys_clk_pin rise edge)
                                                      0.000     0.000 r  
    W5                                                0.000     0.000 r  clk (IN)
                         net (fo=0)                   0.000     0.000    clk
    W5                   IBUF (Prop_ibuf_I_O)         1.388     1.388 r  clk_IBUF_inst/O
                         net (fo=1, routed)           1.862     3.250    clk_IBUF
    BUFGCTRL_X0Y0        BUFG (Prop_bufg_I_O)         0.091     3.341 r  clk_IBUF_BUFG_inst/O
                         net (fo=200, routed)         1.435     4.776    EN_DEBOUNCE/CLK
    SLICE_X55Y25         FDRE                                         r  EN_DEBOUNCE/count_reg[2]/C

Slack:                    inf
  Source:                 reset
                            (input port)
  Destination:            EN_DEBOUNCE/count_reg[3]/R
                            (rising edge-triggered cell FDRE clocked by sys_clk_pin  {rise@0.000ns fall@5.000ns period=10.000ns})
  Path Group:             (none)
  Path Type:              Setup (Max at Slow Process Corner)
  Data Path Delay:        7.641ns  (logic 1.565ns (20.486%)  route 6.076ns (79.514%))
  Logic Levels:           2  (IBUF=1 LUT3=1)
  Clock Path Skew:        4.776ns (DCD - SCD + CPR)
    Destination Clock Delay (DCD):    4.776ns
    Source Clock Delay      (SCD):    0.000ns
    Clock Pessimism Removal (CPR):    0.000ns
  Clock Uncertainty:      0.025ns  ((TSJ^2 + TIJ^2)^1/2 + DJ) / 2 + PE
    Total System Jitter     (TSJ):    0.050ns
    Total Input Jitter      (TIJ):    0.000ns
    Discrete Jitter          (DJ):    0.000ns
    Phase Error              (PE):    0.000ns

    Location             Delay type                Incr(ns)  Path(ns)    Netlist Resource(s)
  -------------------------------------------------------------------    -------------------
    U18                                               0.000     0.000 r  reset (IN)
                         net (fo=0)                   0.000     0.000    reset
    U18                  IBUF (Prop_ibuf_I_O)         1.441     1.441 r  reset_IBUF_inst/O
                         net (fo=59, routed)          4.777     6.218    EN_DEBOUNCE/SR[0]
    SLICE_X55Y32         LUT3 (Prop_lut3_I2_O)        0.124     6.342 r  EN_DEBOUNCE/count[0]_i_1__1/O
                         net (fo=23, routed)          1.299     7.641    EN_DEBOUNCE/count[0]_i_1__1_n_0
    SLICE_X55Y25         FDRE                                         r  EN_DEBOUNCE/count_reg[3]/R
  -------------------------------------------------------------------    -------------------

                         (clock sys_clk_pin rise edge)
                                                      0.000     0.000 r  
    W5                                                0.000     0.000 r  clk (IN)
                         net (fo=0)                   0.000     0.000    clk
    W5                   IBUF (Prop_ibuf_I_O)         1.388     1.388 r  clk_IBUF_inst/O
                         net (fo=1, routed)           1.862     3.250    clk_IBUF
    BUFGCTRL_X0Y0        BUFG (Prop_bufg_I_O)         0.091     3.341 r  clk_IBUF_BUFG_inst/O
                         net (fo=200, routed)         1.435     4.776    EN_DEBOUNCE/CLK
    SLICE_X55Y25         FDRE                                         r  EN_DEBOUNCE/count_reg[3]/C

Slack:                    inf
  Source:                 reset
                            (input port)
  Destination:            EN_DEBOUNCE/count_reg[4]/R
                            (rising edge-triggered cell FDRE clocked by sys_clk_pin  {rise@0.000ns fall@5.000ns period=10.000ns})
  Path Group:             (none)
  Path Type:              Setup (Max at Slow Process Corner)
  Data Path Delay:        7.492ns  (logic 1.565ns (20.893%)  route 5.927ns (79.107%))
  Logic Levels:           2  (IBUF=1 LUT3=1)
  Clock Path Skew:        4.778ns (DCD - SCD + CPR)
    Destination Clock Delay (DCD):    4.778ns
    Source Clock Delay      (SCD):    0.000ns
    Clock Pessimism Removal (CPR):    0.000ns
  Clock Uncertainty:      0.025ns  ((TSJ^2 + TIJ^2)^1/2 + DJ) / 2 + PE
    Total System Jitter     (TSJ):    0.050ns
    Total Input Jitter      (TIJ):    0.000ns
    Discrete Jitter          (DJ):    0.000ns
    Phase Error              (PE):    0.000ns

    Location             Delay type                Incr(ns)  Path(ns)    Netlist Resource(s)
  -------------------------------------------------------------------    -------------------
    U18                                               0.000     0.000 r  reset (IN)
                         net (fo=0)                   0.000     0.000    reset
    U18                  IBUF (Prop_ibuf_I_O)         1.441     1.441 r  reset_IBUF_inst/O
                         net (fo=59, routed)          4.777     6.218    EN_DEBOUNCE/SR[0]
    SLICE_X55Y32         LUT3 (Prop_lut3_I2_O)        0.124     6.342 r  EN_DEBOUNCE/count[0]_i_1__1/O
                         net (fo=23, routed)          1.150     7.492    EN_DEBOUNCE/count[0]_i_1__1_n_0
    SLICE_X55Y26         FDRE                                         r  EN_DEBOUNCE/count_reg[4]/R
  -------------------------------------------------------------------    -------------------

                         (clock sys_clk_pin rise edge)
                                                      0.000     0.000 r  
    W5                                                0.000     0.000 r  clk (IN)
                         net (fo=0)                   0.000     0.000    clk
    W5                   IBUF (Prop_ibuf_I_O)         1.388     1.388 r  clk_IBUF_inst/O
                         net (fo=1, routed)           1.862     3.250    clk_IBUF
    BUFGCTRL_X0Y0        BUFG (Prop_bufg_I_O)         0.091     3.341 r  clk_IBUF_BUFG_inst/O
                         net (fo=200, routed)         1.437     4.778    EN_DEBOUNCE/CLK
    SLICE_X55Y26         FDRE                                         r  EN_DEBOUNCE/count_reg[4]/C

Slack:                    inf
  Source:                 reset
                            (input port)
  Destination:            EN_DEBOUNCE/count_reg[5]/R
                            (rising edge-triggered cell FDRE clocked by sys_clk_pin  {rise@0.000ns fall@5.000ns period=10.000ns})
  Path Group:             (none)
  Path Type:              Setup (Max at Slow Process Corner)
  Data Path Delay:        7.492ns  (logic 1.565ns (20.893%)  route 5.927ns (79.107%))
  Logic Levels:           2  (IBUF=1 LUT3=1)
  Clock Path Skew:        4.778ns (DCD - SCD + CPR)
    Destination Clock Delay (DCD):    4.778ns
    Source Clock Delay      (SCD):    0.000ns
    Clock Pessimism Removal (CPR):    0.000ns
  Clock Uncertainty:      0.025ns  ((TSJ^2 + TIJ^2)^1/2 + DJ) / 2 + PE
    Total System Jitter     (TSJ):    0.050ns
    Total Input Jitter      (TIJ):    0.000ns
    Discrete Jitter          (DJ):    0.000ns
    Phase Error              (PE):    0.000ns

    Location             Delay type                Incr(ns)  Path(ns)    Netlist Resource(s)
  -------------------------------------------------------------------    -------------------
    U18                                               0.000     0.000 r  reset (IN)
                         net (fo=0)                   0.000     0.000    reset
    U18                  IBUF (Prop_ibuf_I_O)         1.441     1.441 r  reset_IBUF_inst/O
                         net (fo=59, routed)          4.777     6.218    EN_DEBOUNCE/SR[0]
    SLICE_X55Y32         LUT3 (Prop_lut3_I2_O)        0.124     6.342 r  EN_DEBOUNCE/count[0]_i_1__1/O
                         net (fo=23, routed)          1.150     7.492    EN_DEBOUNCE/count[0]_i_1__1_n_0
    SLICE_X55Y26         FDRE                                         r  EN_DEBOUNCE/count_reg[5]/R
  -------------------------------------------------------------------    -------------------

                         (clock sys_clk_pin rise edge)
                                                      0.000     0.000 r  
    W5                                                0.000     0.000 r  clk (IN)
                         net (fo=0)                   0.000     0.000    clk
    W5                   IBUF (Prop_ibuf_I_O)         1.388     1.388 r  clk_IBUF_inst/O
                         net (fo=1, routed)           1.862     3.250    clk_IBUF
    BUFGCTRL_X0Y0        BUFG (Prop_bufg_I_O)         0.091     3.341 r  clk_IBUF_BUFG_inst/O
                         net (fo=200, routed)         1.437     4.778    EN_DEBOUNCE/CLK
    SLICE_X55Y26         FDRE                                         r  EN_DEBOUNCE/count_reg[5]/C

Slack:                    inf
  Source:                 reset
                            (input port)
  Destination:            EN_DEBOUNCE/count_reg[6]/R
                            (rising edge-triggered cell FDRE clocked by sys_clk_pin  {rise@0.000ns fall@5.000ns period=10.000ns})
  Path Group:             (none)
  Path Type:              Setup (Max at Slow Process Corner)
  Data Path Delay:        7.492ns  (logic 1.565ns (20.893%)  route 5.927ns (79.107%))
  Logic Levels:           2  (IBUF=1 LUT3=1)
  Clock Path Skew:        4.778ns (DCD - SCD + CPR)
    Destination Clock Delay (DCD):    4.778ns
    Source Clock Delay      (SCD):    0.000ns
    Clock Pessimism Removal (CPR):    0.000ns
  Clock Uncertainty:      0.025ns  ((TSJ^2 + TIJ^2)^1/2 + DJ) / 2 + PE
    Total System Jitter     (TSJ):    0.050ns
    Total Input Jitter      (TIJ):    0.000ns
    Discrete Jitter          (DJ):    0.000ns
    Phase Error              (PE):    0.000ns

    Location             Delay type                Incr(ns)  Path(ns)    Netlist Resource(s)
  -------------------------------------------------------------------    -------------------
    U18                                               0.000     0.000 r  reset (IN)
                         net (fo=0)                   0.000     0.000    reset
    U18                  IBUF (Prop_ibuf_I_O)         1.441     1.441 r  reset_IBUF_inst/O
                         net (fo=59, routed)          4.777     6.218    EN_DEBOUNCE/SR[0]
    SLICE_X55Y32         LUT3 (Prop_lut3_I2_O)        0.124     6.342 r  EN_DEBOUNCE/count[0]_i_1__1/O
                         net (fo=23, routed)          1.150     7.492    EN_DEBOUNCE/count[0]_i_1__1_n_0
    SLICE_X55Y26         FDRE                                         r  EN_DEBOUNCE/count_reg[6]/R
  -------------------------------------------------------------------    -------------------

                         (clock sys_clk_pin rise edge)
                                                      0.000     0.000 r  
    W5                                                0.000     0.000 r  clk (IN)
                         net (fo=0)                   0.000     0.000    clk
    W5                   IBUF (Prop_ibuf_I_O)         1.388     1.388 r  clk_IBUF_inst/O
                         net (fo=1, routed)           1.862     3.250    clk_IBUF
    BUFGCTRL_X0Y0        BUFG (Prop_bufg_I_O)         0.091     3.341 r  clk_IBUF_BUFG_inst/O
                         net (fo=200, routed)         1.437     4.778    EN_DEBOUNCE/CLK
    SLICE_X55Y26         FDRE                                         r  EN_DEBOUNCE/count_reg[6]/C

Slack:                    inf
  Source:                 reset
                            (input port)
  Destination:            EN_DEBOUNCE/count_reg[7]/R
                            (rising edge-triggered cell FDRE clocked by sys_clk_pin  {rise@0.000ns fall@5.000ns period=10.000ns})
  Path Group:             (none)
  Path Type:              Setup (Max at Slow Process Corner)
  Data Path Delay:        7.492ns  (logic 1.565ns (20.893%)  route 5.927ns (79.107%))
  Logic Levels:           2  (IBUF=1 LUT3=1)
  Clock Path Skew:        4.778ns (DCD - SCD + CPR)
    Destination Clock Delay (DCD):    4.778ns
    Source Clock Delay      (SCD):    0.000ns
    Clock Pessimism Removal (CPR):    0.000ns
  Clock Uncertainty:      0.025ns  ((TSJ^2 + TIJ^2)^1/2 + DJ) / 2 + PE
    Total System Jitter     (TSJ):    0.050ns
    Total Input Jitter      (TIJ):    0.000ns
    Discrete Jitter          (DJ):    0.000ns
    Phase Error              (PE):    0.000ns

    Location             Delay type                Incr(ns)  Path(ns)    Netlist Resource(s)
  -------------------------------------------------------------------    -------------------
    U18                                               0.000     0.000 r  reset (IN)
                         net (fo=0)                   0.000     0.000    reset
    U18                  IBUF (Prop_ibuf_I_O)         1.441     1.441 r  reset_IBUF_inst/O
                         net (fo=59, routed)          4.777     6.218    EN_DEBOUNCE/SR[0]
    SLICE_X55Y32         LUT3 (Prop_lut3_I2_O)        0.124     6.342 r  EN_DEBOUNCE/count[0]_i_1__1/O
                         net (fo=23, routed)          1.150     7.492    EN_DEBOUNCE/count[0]_i_1__1_n_0
    SLICE_X55Y26         FDRE                                         r  EN_DEBOUNCE/count_reg[7]/R
  -------------------------------------------------------------------    -------------------

                         (clock sys_clk_pin rise edge)
                                                      0.000     0.000 r  
    W5                                                0.000     0.000 r  clk (IN)
                         net (fo=0)                   0.000     0.000    clk
    W5                   IBUF (Prop_ibuf_I_O)         1.388     1.388 r  clk_IBUF_inst/O
                         net (fo=1, routed)           1.862     3.250    clk_IBUF
    BUFGCTRL_X0Y0        BUFG (Prop_bufg_I_O)         0.091     3.341 r  clk_IBUF_BUFG_inst/O
                         net (fo=200, routed)         1.437     4.778    EN_DEBOUNCE/CLK
    SLICE_X55Y26         FDRE                                         r  EN_DEBOUNCE/count_reg[7]/C

Slack:                    inf
  Source:                 reset
                            (input port)
  Destination:            EN_DEBOUNCE/count_reg[10]/R
                            (rising edge-triggered cell FDRE clocked by sys_clk_pin  {rise@0.000ns fall@5.000ns period=10.000ns})
  Path Group:             (none)
  Path Type:              Setup (Max at Slow Process Corner)
  Data Path Delay:        7.443ns  (logic 1.565ns (21.031%)  route 5.878ns (78.969%))
  Logic Levels:           2  (IBUF=1 LUT3=1)
  Clock Path Skew:        4.779ns (DCD - SCD + CPR)
    Destination Clock Delay (DCD):    4.779ns
    Source Clock Delay      (SCD):    0.000ns
    Clock Pessimism Removal (CPR):    0.000ns
  Clock Uncertainty:      0.025ns  ((TSJ^2 + TIJ^2)^1/2 + DJ) / 2 + PE
    Total System Jitter     (TSJ):    0.050ns
    Total Input Jitter      (TIJ):    0.000ns
    Discrete Jitter          (DJ):    0.000ns
    Phase Error              (PE):    0.000ns

    Location             Delay type                Incr(ns)  Path(ns)    Netlist Resource(s)
  -------------------------------------------------------------------    -------------------
    U18                                               0.000     0.000 r  reset (IN)
                         net (fo=0)                   0.000     0.000    reset
    U18                  IBUF (Prop_ibuf_I_O)         1.441     1.441 r  reset_IBUF_inst/O
                         net (fo=59, routed)          4.777     6.218    EN_DEBOUNCE/SR[0]
    SLICE_X55Y32         LUT3 (Prop_lut3_I2_O)        0.124     6.342 r  EN_DEBOUNCE/count[0]_i_1__1/O
                         net (fo=23, routed)          1.101     7.443    EN_DEBOUNCE/count[0]_i_1__1_n_0
    SLICE_X55Y27         FDRE                                         r  EN_DEBOUNCE/count_reg[10]/R
  -------------------------------------------------------------------    -------------------

                         (clock sys_clk_pin rise edge)
                                                      0.000     0.000 r  
    W5                                                0.000     0.000 r  clk (IN)
                         net (fo=0)                   0.000     0.000    clk
    W5                   IBUF (Prop_ibuf_I_O)         1.388     1.388 r  clk_IBUF_inst/O
                         net (fo=1, routed)           1.862     3.250    clk_IBUF
    BUFGCTRL_X0Y0        BUFG (Prop_bufg_I_O)         0.091     3.341 r  clk_IBUF_BUFG_inst/O
                         net (fo=200, routed)         1.438     4.779    EN_DEBOUNCE/CLK
    SLICE_X55Y27         FDRE                                         r  EN_DEBOUNCE/count_reg[10]/C

Slack:                    inf
  Source:                 reset
                            (input port)
  Destination:            EN_DEBOUNCE/count_reg[11]/R
                            (rising edge-triggered cell FDRE clocked by sys_clk_pin  {rise@0.000ns fall@5.000ns period=10.000ns})
  Path Group:             (none)
  Path Type:              Setup (Max at Slow Process Corner)
  Data Path Delay:        7.443ns  (logic 1.565ns (21.031%)  route 5.878ns (78.969%))
  Logic Levels:           2  (IBUF=1 LUT3=1)
  Clock Path Skew:        4.779ns (DCD - SCD + CPR)
    Destination Clock Delay (DCD):    4.779ns
    Source Clock Delay      (SCD):    0.000ns
    Clock Pessimism Removal (CPR):    0.000ns
  Clock Uncertainty:      0.025ns  ((TSJ^2 + TIJ^2)^1/2 + DJ) / 2 + PE
    Total System Jitter     (TSJ):    0.050ns
    Total Input Jitter      (TIJ):    0.000ns
    Discrete Jitter          (DJ):    0.000ns
    Phase Error              (PE):    0.000ns

    Location             Delay type                Incr(ns)  Path(ns)    Netlist Resource(s)
  -------------------------------------------------------------------    -------------------
    U18                                               0.000     0.000 r  reset (IN)
                         net (fo=0)                   0.000     0.000    reset
    U18                  IBUF (Prop_ibuf_I_O)         1.441     1.441 r  reset_IBUF_inst/O
                         net (fo=59, routed)          4.777     6.218    EN_DEBOUNCE/SR[0]
    SLICE_X55Y32         LUT3 (Prop_lut3_I2_O)        0.124     6.342 r  EN_DEBOUNCE/count[0]_i_1__1/O
                         net (fo=23, routed)          1.101     7.443    EN_DEBOUNCE/count[0]_i_1__1_n_0
    SLICE_X55Y27         FDRE                                         r  EN_DEBOUNCE/count_reg[11]/R
  -------------------------------------------------------------------    -------------------

                         (clock sys_clk_pin rise edge)
                                                      0.000     0.000 r  
    W5                                                0.000     0.000 r  clk (IN)
                         net (fo=0)                   0.000     0.000    clk
    W5                   IBUF (Prop_ibuf_I_O)         1.388     1.388 r  clk_IBUF_inst/O
                         net (fo=1, routed)           1.862     3.250    clk_IBUF
    BUFGCTRL_X0Y0        BUFG (Prop_bufg_I_O)         0.091     3.341 r  clk_IBUF_BUFG_inst/O
                         net (fo=200, routed)         1.438     4.779    EN_DEBOUNCE/CLK
    SLICE_X55Y27         FDRE                                         r  EN_DEBOUNCE/count_reg[11]/C





Min Delay Paths
--------------------------------------------------------------------------------------
Slack:                    inf
  Source:                 switches_inputs[13]
                            (input port)
  Destination:            SYNCHRONIZER/middle_reg[13]/D
                            (rising edge-triggered cell FDRE clocked by sys_clk_pin  {rise@0.000ns fall@5.000ns period=10.000ns})
  Path Group:             (none)
  Path Type:              Hold (Min at Fast Process Corner)
  Data Path Delay:        0.600ns  (logic 0.221ns (36.820%)  route 0.379ns (63.180%))
  Logic Levels:           1  (IBUF=1)
  Clock Path Skew:        1.991ns (DCD - SCD - CPR)
    Destination Clock Delay (DCD):    1.991ns
    Source Clock Delay      (SCD):    0.000ns
    Clock Pessimism Removal (CPR):    -0.000ns

    Location             Delay type                Incr(ns)  Path(ns)    Netlist Resource(s)
  -------------------------------------------------------------------    -------------------
    U1                                                0.000     0.000 r  switches_inputs[13] (IN)
                         net (fo=0)                   0.000     0.000    switches_inputs[13]
    U1                   IBUF (Prop_ibuf_I_O)         0.221     0.221 r  switches_inputs_IBUF[13]_inst/O
                         net (fo=2, routed)           0.379     0.600    SYNCHRONIZER/middle_reg[15]_0[13]
    SLICE_X62Y38         FDRE                                         r  SYNCHRONIZER/middle_reg[13]/D
  -------------------------------------------------------------------    -------------------

                         (clock sys_clk_pin rise edge)
                                                      0.000     0.000 r  
    W5                                                0.000     0.000 r  clk (IN)
                         net (fo=0)                   0.000     0.000    clk
    W5                   IBUF (Prop_ibuf_I_O)         0.414     0.414 r  clk_IBUF_inst/O
                         net (fo=1, routed)           0.685     1.099    clk_IBUF
    BUFGCTRL_X0Y0        BUFG (Prop_bufg_I_O)         0.029     1.128 r  clk_IBUF_BUFG_inst/O
                         net (fo=200, routed)         0.864     1.991    SYNCHRONIZER/CLK
    SLICE_X62Y38         FDRE                                         r  SYNCHRONIZER/middle_reg[13]/C

Slack:                    inf
  Source:                 switches_inputs[12]
                            (input port)
  Destination:            SYNCHRONIZER/middle_reg[12]/D
                            (rising edge-triggered cell FDRE clocked by sys_clk_pin  {rise@0.000ns fall@5.000ns period=10.000ns})
  Path Group:             (none)
  Path Type:              Hold (Min at Fast Process Corner)
  Data Path Delay:        0.646ns  (logic 0.237ns (36.639%)  route 0.409ns (63.361%))
  Logic Levels:           1  (IBUF=1)
  Clock Path Skew:        1.991ns (DCD - SCD - CPR)
    Destination Clock Delay (DCD):    1.991ns
    Source Clock Delay      (SCD):    0.000ns
    Clock Pessimism Removal (CPR):    -0.000ns

    Location             Delay type                Incr(ns)  Path(ns)    Netlist Resource(s)
  -------------------------------------------------------------------    -------------------
    W2                                                0.000     0.000 r  switches_inputs[12] (IN)
                         net (fo=0)                   0.000     0.000    switches_inputs[12]
    W2                   IBUF (Prop_ibuf_I_O)         0.237     0.237 r  switches_inputs_IBUF[12]_inst/O
                         net (fo=2, routed)           0.409     0.646    SYNCHRONIZER/middle_reg[15]_0[12]
    SLICE_X63Y38         FDRE                                         r  SYNCHRONIZER/middle_reg[12]/D
  -------------------------------------------------------------------    -------------------

                         (clock sys_clk_pin rise edge)
                                                      0.000     0.000 r  
    W5                                                0.000     0.000 r  clk (IN)
                         net (fo=0)                   0.000     0.000    clk
    W5                   IBUF (Prop_ibuf_I_O)         0.414     0.414 r  clk_IBUF_inst/O
                         net (fo=1, routed)           0.685     1.099    clk_IBUF
    BUFGCTRL_X0Y0        BUFG (Prop_bufg_I_O)         0.029     1.128 r  clk_IBUF_BUFG_inst/O
                         net (fo=200, routed)         0.864     1.991    SYNCHRONIZER/CLK
    SLICE_X63Y38         FDRE                                         r  SYNCHRONIZER/middle_reg[12]/C

Slack:                    inf
  Source:                 switches_inputs[15]
                            (input port)
  Destination:            SYNCHRONIZER/middle_reg[15]/D
                            (rising edge-triggered cell FDRE clocked by sys_clk_pin  {rise@0.000ns fall@5.000ns period=10.000ns})
  Path Group:             (none)
  Path Type:              Hold (Min at Fast Process Corner)
  Data Path Delay:        0.705ns  (logic 0.224ns (31.801%)  route 0.481ns (68.199%))
  Logic Levels:           1  (IBUF=1)
  Clock Path Skew:        1.991ns (DCD - SCD - CPR)
    Destination Clock Delay (DCD):    1.991ns
    Source Clock Delay      (SCD):    0.000ns
    Clock Pessimism Removal (CPR):    -0.000ns

    Location             Delay type                Incr(ns)  Path(ns)    Netlist Resource(s)
  -------------------------------------------------------------------    -------------------
    R2                                                0.000     0.000 r  switches_inputs[15] (IN)
                         net (fo=0)                   0.000     0.000    switches_inputs[15]
    R2                   IBUF (Prop_ibuf_I_O)         0.224     0.224 r  switches_inputs_IBUF[15]_inst/O
                         net (fo=2, routed)           0.481     0.705    SYNCHRONIZER/middle_reg[15]_0[15]
    SLICE_X62Y38         FDRE                                         r  SYNCHRONIZER/middle_reg[15]/D
  -------------------------------------------------------------------    -------------------

                         (clock sys_clk_pin rise edge)
                                                      0.000     0.000 r  
    W5                                                0.000     0.000 r  clk (IN)
                         net (fo=0)                   0.000     0.000    clk
    W5                   IBUF (Prop_ibuf_I_O)         0.414     0.414 r  clk_IBUF_inst/O
                         net (fo=1, routed)           0.685     1.099    clk_IBUF
    BUFGCTRL_X0Y0        BUFG (Prop_bufg_I_O)         0.029     1.128 r  clk_IBUF_BUFG_inst/O
                         net (fo=200, routed)         0.864     1.991    SYNCHRONIZER/CLK
    SLICE_X62Y38         FDRE                                         r  SYNCHRONIZER/middle_reg[15]/C

Slack:                    inf
  Source:                 switches_inputs[9]
                            (input port)
  Destination:            SYNCHRONIZER/middle_reg[9]/D
                            (rising edge-triggered cell FDRE clocked by sys_clk_pin  {rise@0.000ns fall@5.000ns period=10.000ns})
  Path Group:             (none)
  Path Type:              Hold (Min at Fast Process Corner)
  Data Path Delay:        0.742ns  (logic 0.220ns (29.696%)  route 0.522ns (70.304%))
  Logic Levels:           1  (IBUF=1)
  Clock Path Skew:        1.986ns (DCD - SCD - CPR)
    Destination Clock Delay (DCD):    1.986ns
    Source Clock Delay      (SCD):    0.000ns
    Clock Pessimism Removal (CPR):    -0.000ns

    Location             Delay type                Incr(ns)  Path(ns)    Netlist Resource(s)
  -------------------------------------------------------------------    -------------------
    T3                                                0.000     0.000 r  switches_inputs[9] (IN)
                         net (fo=0)                   0.000     0.000    switches_inputs[9]
    T3                   IBUF (Prop_ibuf_I_O)         0.220     0.220 r  switches_inputs_IBUF[9]_inst/O
                         net (fo=2, routed)           0.522     0.742    SYNCHRONIZER/middle_reg[15]_0[9]
    SLICE_X58Y36         FDRE                                         r  SYNCHRONIZER/middle_reg[9]/D
  -------------------------------------------------------------------    -------------------

                         (clock sys_clk_pin rise edge)
                                                      0.000     0.000 r  
    W5                                                0.000     0.000 r  clk (IN)
                         net (fo=0)                   0.000     0.000    clk
    W5                   IBUF (Prop_ibuf_I_O)         0.414     0.414 r  clk_IBUF_inst/O
                         net (fo=1, routed)           0.685     1.099    clk_IBUF
    BUFGCTRL_X0Y0        BUFG (Prop_bufg_I_O)         0.029     1.128 r  clk_IBUF_BUFG_inst/O
                         net (fo=200, routed)         0.859     1.986    SYNCHRONIZER/CLK
    SLICE_X58Y36         FDRE                                         r  SYNCHRONIZER/middle_reg[9]/C

Slack:                    inf
  Source:                 switches_inputs[14]
                            (input port)
  Destination:            SYNCHRONIZER/middle_reg[14]/D
                            (rising edge-triggered cell FDRE clocked by sys_clk_pin  {rise@0.000ns fall@5.000ns period=10.000ns})
  Path Group:             (none)
  Path Type:              Hold (Min at Fast Process Corner)
  Data Path Delay:        0.764ns  (logic 0.223ns (29.229%)  route 0.541ns (70.771%))
  Logic Levels:           1  (IBUF=1)
  Clock Path Skew:        1.985ns (DCD - SCD - CPR)
    Destination Clock Delay (DCD):    1.985ns
    Source Clock Delay      (SCD):    0.000ns
    Clock Pessimism Removal (CPR):    -0.000ns

    Location             Delay type                Incr(ns)  Path(ns)    Netlist Resource(s)
  -------------------------------------------------------------------    -------------------
    T1                                                0.000     0.000 r  switches_inputs[14] (IN)
                         net (fo=0)                   0.000     0.000    switches_inputs[14]
    T1                   IBUF (Prop_ibuf_I_O)         0.223     0.223 r  switches_inputs_IBUF[14]_inst/O
                         net (fo=2, routed)           0.541     0.764    SYNCHRONIZER/middle_reg[15]_0[14]
    SLICE_X63Y32         FDRE                                         r  SYNCHRONIZER/middle_reg[14]/D
  -------------------------------------------------------------------    -------------------

                         (clock sys_clk_pin rise edge)
                                                      0.000     0.000 r  
    W5                                                0.000     0.000 r  clk (IN)
                         net (fo=0)                   0.000     0.000    clk
    W5                   IBUF (Prop_ibuf_I_O)         0.414     0.414 r  clk_IBUF_inst/O
                         net (fo=1, routed)           0.685     1.099    clk_IBUF
    BUFGCTRL_X0Y0        BUFG (Prop_bufg_I_O)         0.029     1.128 r  clk_IBUF_BUFG_inst/O
                         net (fo=200, routed)         0.858     1.985    SYNCHRONIZER/CLK
    SLICE_X63Y32         FDRE                                         r  SYNCHRONIZER/middle_reg[14]/C

Slack:                    inf
  Source:                 switches_inputs[10]
                            (input port)
  Destination:            SYNCHRONIZER/middle_reg[10]/D
                            (rising edge-triggered cell FDRE clocked by sys_clk_pin  {rise@0.000ns fall@5.000ns period=10.000ns})
  Path Group:             (none)
  Path Type:              Hold (Min at Fast Process Corner)
  Data Path Delay:        0.829ns  (logic 0.226ns (27.258%)  route 0.603ns (72.742%))
  Logic Levels:           1  (IBUF=1)
  Clock Path Skew:        1.986ns (DCD - SCD - CPR)
    Destination Clock Delay (DCD):    1.986ns
    Source Clock Delay      (SCD):    0.000ns
    Clock Pessimism Removal (CPR):    -0.000ns

    Location             Delay type                Incr(ns)  Path(ns)    Netlist Resource(s)
  -------------------------------------------------------------------    -------------------
    T2                                                0.000     0.000 r  switches_inputs[10] (IN)
                         net (fo=0)                   0.000     0.000    switches_inputs[10]
    T2                   IBUF (Prop_ibuf_I_O)         0.226     0.226 r  switches_inputs_IBUF[10]_inst/O
                         net (fo=2, routed)           0.603     0.829    SYNCHRONIZER/middle_reg[15]_0[10]
    SLICE_X58Y36         FDRE                                         r  SYNCHRONIZER/middle_reg[10]/D
  -------------------------------------------------------------------    -------------------

                         (clock sys_clk_pin rise edge)
                                                      0.000     0.000 r  
    W5                                                0.000     0.000 r  clk (IN)
                         net (fo=0)                   0.000     0.000    clk
    W5                   IBUF (Prop_ibuf_I_O)         0.414     0.414 r  clk_IBUF_inst/O
                         net (fo=1, routed)           0.685     1.099    clk_IBUF
    BUFGCTRL_X0Y0        BUFG (Prop_bufg_I_O)         0.029     1.128 r  clk_IBUF_BUFG_inst/O
                         net (fo=200, routed)         0.859     1.986    SYNCHRONIZER/CLK
    SLICE_X58Y36         FDRE                                         r  SYNCHRONIZER/middle_reg[10]/C

Slack:                    inf
  Source:                 switches_inputs[8]
                            (input port)
  Destination:            SYNCHRONIZER/middle_reg[8]/D
                            (rising edge-triggered cell FDRE clocked by sys_clk_pin  {rise@0.000ns fall@5.000ns period=10.000ns})
  Path Group:             (none)
  Path Type:              Hold (Min at Fast Process Corner)
  Data Path Delay:        0.864ns  (logic 0.223ns (25.768%)  route 0.641ns (74.232%))
  Logic Levels:           1  (IBUF=1)
  Clock Path Skew:        1.957ns (DCD - SCD - CPR)
    Destination Clock Delay (DCD):    1.957ns
    Source Clock Delay      (SCD):    0.000ns
    Clock Pessimism Removal (CPR):    -0.000ns

    Location             Delay type                Incr(ns)  Path(ns)    Netlist Resource(s)
  -------------------------------------------------------------------    -------------------
    V2                                                0.000     0.000 r  switches_inputs[8] (IN)
                         net (fo=0)                   0.000     0.000    switches_inputs[8]
    V2                   IBUF (Prop_ibuf_I_O)         0.223     0.223 r  switches_inputs_IBUF[8]_inst/O
                         net (fo=2, routed)           0.641     0.864    SYNCHRONIZER/middle_reg[15]_0[8]
    SLICE_X55Y33         FDRE                                         r  SYNCHRONIZER/middle_reg[8]/D
  -------------------------------------------------------------------    -------------------

                         (clock sys_clk_pin rise edge)
                                                      0.000     0.000 r  
    W5                                                0.000     0.000 r  clk (IN)
                         net (fo=0)                   0.000     0.000    clk
    W5                   IBUF (Prop_ibuf_I_O)         0.414     0.414 r  clk_IBUF_inst/O
                         net (fo=1, routed)           0.685     1.099    clk_IBUF
    BUFGCTRL_X0Y0        BUFG (Prop_bufg_I_O)         0.029     1.128 r  clk_IBUF_BUFG_inst/O
                         net (fo=200, routed)         0.830     1.957    SYNCHRONIZER/CLK
    SLICE_X55Y33         FDRE                                         r  SYNCHRONIZER/middle_reg[8]/C

Slack:                    inf
  Source:                 switches_inputs[11]
                            (input port)
  Destination:            SYNCHRONIZER/middle_reg[11]/D
                            (rising edge-triggered cell FDRE clocked by sys_clk_pin  {rise@0.000ns fall@5.000ns period=10.000ns})
  Path Group:             (none)
  Path Type:              Hold (Min at Fast Process Corner)
  Data Path Delay:        0.889ns  (logic 0.232ns (26.083%)  route 0.657ns (73.917%))
  Logic Levels:           1  (IBUF=1)
  Clock Path Skew:        1.985ns (DCD - SCD - CPR)
    Destination Clock Delay (DCD):    1.985ns
    Source Clock Delay      (SCD):    0.000ns
    Clock Pessimism Removal (CPR):    -0.000ns

    Location             Delay type                Incr(ns)  Path(ns)    Netlist Resource(s)
  -------------------------------------------------------------------    -------------------
    R3                                                0.000     0.000 r  switches_inputs[11] (IN)
                         net (fo=0)                   0.000     0.000    switches_inputs[11]
    R3                   IBUF (Prop_ibuf_I_O)         0.232     0.232 r  switches_inputs_IBUF[11]_inst/O
                         net (fo=2, routed)           0.657     0.889    SYNCHRONIZER/middle_reg[15]_0[11]
    SLICE_X63Y32         FDRE                                         r  SYNCHRONIZER/middle_reg[11]/D
  -------------------------------------------------------------------    -------------------

                         (clock sys_clk_pin rise edge)
                                                      0.000     0.000 r  
    W5                                                0.000     0.000 r  clk (IN)
                         net (fo=0)                   0.000     0.000    clk
    W5                   IBUF (Prop_ibuf_I_O)         0.414     0.414 r  clk_IBUF_inst/O
                         net (fo=1, routed)           0.685     1.099    clk_IBUF
    BUFGCTRL_X0Y0        BUFG (Prop_bufg_I_O)         0.029     1.128 r  clk_IBUF_BUFG_inst/O
                         net (fo=200, routed)         0.858     1.985    SYNCHRONIZER/CLK
    SLICE_X63Y32         FDRE                                         r  SYNCHRONIZER/middle_reg[11]/C

Slack:                    inf
  Source:                 switches_inputs[0]
                            (input port)
  Destination:            SYNCHRONIZER/middle_reg[0]/D
                            (rising edge-triggered cell FDRE clocked by sys_clk_pin  {rise@0.000ns fall@5.000ns period=10.000ns})
  Path Group:             (none)
  Path Type:              Hold (Min at Fast Process Corner)
  Data Path Delay:        1.558ns  (logic 0.221ns (14.185%)  route 1.337ns (85.815%))
  Logic Levels:           1  (IBUF=1)
  Clock Path Skew:        1.949ns (DCD - SCD - CPR)
    Destination Clock Delay (DCD):    1.949ns
    Source Clock Delay      (SCD):    0.000ns
    Clock Pessimism Removal (CPR):    -0.000ns

    Location             Delay type                Incr(ns)  Path(ns)    Netlist Resource(s)
  -------------------------------------------------------------------    -------------------
    V17                                               0.000     0.000 r  switches_inputs[0] (IN)
                         net (fo=0)                   0.000     0.000    switches_inputs[0]
    V17                  IBUF (Prop_ibuf_I_O)         0.221     0.221 r  switches_inputs_IBUF[0]_inst/O
                         net (fo=2, routed)           1.337     1.558    SYNCHRONIZER/middle_reg[15]_0[0]
    SLICE_X54Y26         FDRE                                         r  SYNCHRONIZER/middle_reg[0]/D
  -------------------------------------------------------------------    -------------------

                         (clock sys_clk_pin rise edge)
                                                      0.000     0.000 r  
    W5                                                0.000     0.000 r  clk (IN)
                         net (fo=0)                   0.000     0.000    clk
    W5                   IBUF (Prop_ibuf_I_O)         0.414     0.414 r  clk_IBUF_inst/O
                         net (fo=1, routed)           0.685     1.099    clk_IBUF
    BUFGCTRL_X0Y0        BUFG (Prop_bufg_I_O)         0.029     1.128 r  clk_IBUF_BUFG_inst/O
                         net (fo=200, routed)         0.822     1.949    SYNCHRONIZER/CLK
    SLICE_X54Y26         FDRE                                         r  SYNCHRONIZER/middle_reg[0]/C

Slack:                    inf
  Source:                 switches_inputs[6]
                            (input port)
  Destination:            SYNCHRONIZER/middle_reg[6]/D
                            (rising edge-triggered cell FDRE clocked by sys_clk_pin  {rise@0.000ns fall@5.000ns period=10.000ns})
  Path Group:             (none)
  Path Type:              Hold (Min at Fast Process Corner)
  Data Path Delay:        1.623ns  (logic 0.218ns (13.428%)  route 1.405ns (86.572%))
  Logic Levels:           1  (IBUF=1)
  Clock Path Skew:        1.955ns (DCD - SCD - CPR)
    Destination Clock Delay (DCD):    1.955ns
    Source Clock Delay      (SCD):    0.000ns
    Clock Pessimism Removal (CPR):    -0.000ns

    Location             Delay type                Incr(ns)  Path(ns)    Netlist Resource(s)
  -------------------------------------------------------------------    -------------------
    W14                                               0.000     0.000 r  switches_inputs[6] (IN)
                         net (fo=0)                   0.000     0.000    switches_inputs[6]
    W14                  IBUF (Prop_ibuf_I_O)         0.218     0.218 r  switches_inputs_IBUF[6]_inst/O
                         net (fo=2, routed)           1.405     1.623    SYNCHRONIZER/middle_reg[15]_0[6]
    SLICE_X50Y31         FDRE                                         r  SYNCHRONIZER/middle_reg[6]/D
  -------------------------------------------------------------------    -------------------

                         (clock sys_clk_pin rise edge)
                                                      0.000     0.000 r  
    W5                                                0.000     0.000 r  clk (IN)
                         net (fo=0)                   0.000     0.000    clk
    W5                   IBUF (Prop_ibuf_I_O)         0.414     0.414 r  clk_IBUF_inst/O
                         net (fo=1, routed)           0.685     1.099    clk_IBUF
    BUFGCTRL_X0Y0        BUFG (Prop_bufg_I_O)         0.029     1.128 r  clk_IBUF_BUFG_inst/O
                         net (fo=200, routed)         0.828     1.955    SYNCHRONIZER/CLK
    SLICE_X50Y31         FDRE                                         r  SYNCHRONIZER/middle_reg[6]/C





