Copyright 1986-2022 Xilinx, Inc. All Rights Reserved. Copyright 2022-2025 Advanced Micro Devices, Inc. All Rights Reserved.
------------------------------------------------------------------------------------------------------------------------------------------------------------------------------------------------------------------------------------------------------------
| Tool Version : Vivado v.2025.1 (lin64) Build 6140274 Wed May 21 22:58:25 MDT 2025
| Date         : Mon Sep 21 12:12:24 2026
| Host         : fedora running 64-bit Fedora Linux 44 (KDE Plasma Desktop Edition)
| Command      : report_timing_summary -max_paths 10 -routable_nets -report_unconstrained -file lab_1b_top_level_timing_summary_routed.rpt -pb lab_1b_top_level_timing_summary_routed.pb -rpx lab_1b_top_level_timing_summary_routed.rpx -warn_on_violation
| Design       : lab_1b_top_level
| Device       : 7a35t-cpg236
| Speed File   : -1  PRODUCTION 1.23 2018-06-13
| Design State : Routed
------------------------------------------------------------------------------------------------------------------------------------------------------------------------------------------------------------------------------------------------------------

Timing Summary Report

------------------------------------------------------------------------------------------------
| Timer Settings
| --------------
------------------------------------------------------------------------------------------------

  Enable Multi Corner Analysis               :  Yes
  Enable Pessimism Removal                   :  Yes
  Pessimism Removal Resolution               :  Nearest Common Node
  Enable Input Delay Default Clock           :  No
  Enable Preset / Clear Arcs                 :  No
  Disable Flight Delays                      :  No
  Ignore I/O Paths                           :  No
  Timing Early Launch at Borrowing Latches   :  No
  Borrow Time for Max Delay Exceptions       :  Yes
  Merge Timing Exceptions                    :  Yes
  Inter-SLR Compensation                     :  Conservative

  Corner  Analyze    Analyze    
  Name    Max Paths  Min Paths  
  ------  ---------  ---------  
  Slow    Yes        Yes        
  Fast    Yes        Yes        


------------------------------------------------------------------------------------------------
| Report Methodology
| ------------------
------------------------------------------------------------------------------------------------

Rule       Severity  Description                    Violations  
---------  --------  -----------------------------  ----------  
TIMING-18  Warning   Missing input or output delay  12          

Note: This report is based on the most recent report_methodology run and may not be up-to-date. Run report_methodology on the current design for the latest report.



check_timing report

Table of Contents
-----------------
1. checking no_clock (0)
2. checking constant_clock (0)
3. checking pulse_width_clock (0)
4. checking unconstrained_internal_endpoints (0)
5. checking no_input_delay (1)
6. checking no_output_delay (11)
7. checking multiple_clock (0)
8. checking generated_clocks (0)
9. checking loops (0)
10. checking partial_input_delay (0)
11. checking partial_output_delay (0)
12. checking latch_loops (0)

1. checking no_clock (0)
------------------------
 There are 0 register/latch pins with no clock.


2. checking constant_clock (0)
------------------------------
 There are 0 register/latch pins with constant_clock.


3. checking pulse_width_clock (0)
---------------------------------
 There are 0 register/latch pins which need pulse_width check


4. checking unconstrained_internal_endpoints (0)
------------------------------------------------
 There are 0 pins that are not constrained for maximum delay.

 There are 0 pins that are not constrained for maximum delay due to constant clock.


5. checking no_input_delay (1)
------------------------------
 There is 1 input port with no input delay specified. (HIGH)

 There are 0 input ports with no input delay but user has a false path constraint.


6. checking no_output_delay (11)
--------------------------------
 There are 11 ports with no output delay specified. (HIGH)

 There are 0 ports with no output delay but user has a false path constraint

 There are 0 ports with no output delay but with a timing clock defined on it or propagating through it


7. checking multiple_clock (0)
------------------------------
 There are 0 register/latch pins with multiple clocks.


8. checking generated_clocks (0)
--------------------------------
 There are 0 generated clocks that are not connected to a clock source.


9. checking loops (0)
---------------------
 There are 0 combinational loops in the design.


10. checking partial_input_delay (0)
------------------------------------
 There are 0 input ports with partial input delay specified.


11. checking partial_output_delay (0)
-------------------------------------
 There are 0 ports with partial output delay specified.


12. checking latch_loops (0)
----------------------------
 There are 0 combinational latch loops in the design through latch input



------------------------------------------------------------------------------------------------
| Design Timing Summary
| ---------------------
------------------------------------------------------------------------------------------------

    WNS(ns)      TNS(ns)  TNS Failing Endpoints  TNS Total Endpoints      WHS(ns)      THS(ns)  THS Failing Endpoints  THS Total Endpoints     WPWS(ns)     TPWS(ns)  TPWS Failing Endpoints  TPWS Total Endpoints  
    -------      -------  ---------------------  -------------------      -------      -------  ---------------------  -------------------     --------     --------  ----------------------  --------------------  
      6.308        0.000                      0                   21        0.267        0.000                      0                   21        4.500        0.000                       0                    22  


All user specified timing constraints are met.


------------------------------------------------------------------------------------------------
| Clock Summary
| -------------
------------------------------------------------------------------------------------------------

Clock        Waveform(ns)       Period(ns)      Frequency(MHz)
-----        ------------       ----------      --------------
sys_clk_pin  {0.000 5.000}      10.000          100.000         


------------------------------------------------------------------------------------------------
| Intra Clock Table
| -----------------
------------------------------------------------------------------------------------------------

Clock             WNS(ns)      TNS(ns)  TNS Failing Endpoints  TNS Total Endpoints      WHS(ns)      THS(ns)  THS Failing Endpoints  THS Total Endpoints     WPWS(ns)     TPWS(ns)  TPWS Failing Endpoints  TPWS Total Endpoints  
-----             -------      -------  ---------------------  -------------------      -------      -------  ---------------------  -------------------     --------     --------  ----------------------  --------------------  
sys_clk_pin         6.308        0.000                      0                   21        0.267        0.000                      0                   21        4.500        0.000                       0                    22  


------------------------------------------------------------------------------------------------
| Inter Clock Table
| -----------------
------------------------------------------------------------------------------------------------

From Clock    To Clock          WNS(ns)      TNS(ns)  TNS Failing Endpoints  TNS Total Endpoints      WHS(ns)      THS(ns)  THS Failing Endpoints  THS Total Endpoints  
----------    --------          -------      -------  ---------------------  -------------------      -------      -------  ---------------------  -------------------  


------------------------------------------------------------------------------------------------
| Other Path Groups Table
| -----------------------
------------------------------------------------------------------------------------------------

Path Group    From Clock    To Clock          WNS(ns)      TNS(ns)  TNS Failing Endpoints  TNS Total Endpoints      WHS(ns)      THS(ns)  THS Failing Endpoints  THS Total Endpoints  
----------    ----------    --------          -------      -------  ---------------------  -------------------      -------      -------  ---------------------  -------------------  


------------------------------------------------------------------------------------------------
| User Ignored Path Table
| -----------------------
------------------------------------------------------------------------------------------------

Path Group    From Clock    To Clock    
----------    ----------    --------    


------------------------------------------------------------------------------------------------
| Unconstrained Path Table
| ------------------------
------------------------------------------------------------------------------------------------

Path Group    From Clock    To Clock    
----------    ----------    --------    
(none)                                    
(none)        sys_clk_pin                 
(none)                      sys_clk_pin   


------------------------------------------------------------------------------------------------
| Timing Details
| --------------
------------------------------------------------------------------------------------------------


---------------------------------------------------------------------------------------------------
From Clock:  sys_clk_pin
  To Clock:  sys_clk_pin

Setup :            0  Failing Endpoints,  Worst Slack        6.308ns,  Total Violation        0.000ns
Hold  :            0  Failing Endpoints,  Worst Slack        0.267ns,  Total Violation        0.000ns
PW    :            0  Failing Endpoints,  Worst Slack        4.500ns,  Total Violation        0.000ns
---------------------------------------------------------------------------------------------------


Max Delay Paths
--------------------------------------------------------------------------------------
Slack (MET) :             6.308ns  (required time - arrival time)
  Source:                 SEVEN_SEGMENT_DISPLAY/DIGIT_SELECTOR/count_reg[4]/C
                            (rising edge-triggered cell FDRE clocked by sys_clk_pin  {rise@0.000ns fall@5.000ns period=10.000ns})
  Destination:            SEVEN_SEGMENT_DISPLAY/DIGIT_SELECTOR/q_reg[0]/D
                            (rising edge-triggered cell FDSE clocked by sys_clk_pin  {rise@0.000ns fall@5.000ns period=10.000ns})
  Path Group:             sys_clk_pin
  Path Type:              Setup (Max at Slow Process Corner)
  Requirement:            10.000ns  (sys_clk_pin rise@10.000ns - sys_clk_pin rise@0.000ns)
  Data Path Delay:        3.663ns  (logic 0.890ns (24.296%)  route 2.773ns (75.704%))
  Logic Levels:           3  (LUT2=1 LUT4=1 LUT6=1)
  Clock Path Skew:        -0.022ns (DCD - SCD + CPR)
    Destination Clock Delay (DCD):    4.845ns = ( 14.845 - 10.000 ) 
    Source Clock Delay      (SCD):    5.141ns
    Clock Pessimism Removal (CPR):    0.274ns
  Clock Uncertainty:      0.035ns  ((TSJ^2 + TIJ^2)^1/2 + DJ) / 2 + PE
    Total System Jitter     (TSJ):    0.071ns
    Total Input Jitter      (TIJ):    0.000ns
    Discrete Jitter          (DJ):    0.000ns
    Phase Error              (PE):    0.000ns

    Location             Delay type                Incr(ns)  Path(ns)    Netlist Resource(s)
  -------------------------------------------------------------------    -------------------
                         (clock sys_clk_pin rise edge)
                                                      0.000     0.000 r  
    W5                                                0.000     0.000 r  clk (IN)
                         net (fo=0)                   0.000     0.000    clk
    W5                   IBUF (Prop_ibuf_I_O)         1.458     1.458 r  clk_IBUF_inst/O
                         net (fo=1, routed)           1.967     3.425    clk_IBUF
    BUFGCTRL_X0Y0        BUFG (Prop_bufg_I_O)         0.096     3.521 r  clk_IBUF_BUFG_inst/O
                         net (fo=21, routed)          1.620     5.141    SEVEN_SEGMENT_DISPLAY/DIGIT_SELECTOR/clk_IBUF_BUFG
    SLICE_X60Y22         FDRE                                         r  SEVEN_SEGMENT_DISPLAY/DIGIT_SELECTOR/count_reg[4]/C
  -------------------------------------------------------------------    -------------------
    SLICE_X60Y22         FDRE (Prop_fdre_C_Q)         0.518     5.659 f  SEVEN_SEGMENT_DISPLAY/DIGIT_SELECTOR/count_reg[4]/Q
                         net (fo=5, routed)           1.112     6.771    SEVEN_SEGMENT_DISPLAY/DIGIT_SELECTOR/count_reg[4]
    SLICE_X61Y23         LUT2 (Prop_lut2_I0_O)        0.124     6.895 r  SEVEN_SEGMENT_DISPLAY/DIGIT_SELECTOR/q[3]_i_5/O
                         net (fo=1, routed)           0.810     7.706    SEVEN_SEGMENT_DISPLAY/DIGIT_SELECTOR/q[3]_i_5_n_0
    SLICE_X62Y23         LUT6 (Prop_lut6_I0_O)        0.124     7.830 r  SEVEN_SEGMENT_DISPLAY/DIGIT_SELECTOR/q[3]_i_2/O
                         net (fo=4, routed)           0.851     8.680    SEVEN_SEGMENT_DISPLAY/DIGIT_SELECTOR/q[3]_i_2_n_0
    SLICE_X61Y22         LUT4 (Prop_lut4_I1_O)        0.124     8.804 r  SEVEN_SEGMENT_DISPLAY/DIGIT_SELECTOR/q[0]_i_1/O
                         net (fo=1, routed)           0.000     8.804    SEVEN_SEGMENT_DISPLAY/DIGIT_SELECTOR/q[0]_i_1_n_0
    SLICE_X61Y22         FDSE                                         r  SEVEN_SEGMENT_DISPLAY/DIGIT_SELECTOR/q_reg[0]/D
  -------------------------------------------------------------------    -------------------

                         (clock sys_clk_pin rise edge)
                                                     10.000    10.000 r  
    W5                                                0.000    10.000 r  clk (IN)
                         net (fo=0)                   0.000    10.000    clk
    W5                   IBUF (Prop_ibuf_I_O)         1.388    11.388 r  clk_IBUF_inst/O
                         net (fo=1, routed)           1.862    13.250    clk_IBUF
    BUFGCTRL_X0Y0        BUFG (Prop_bufg_I_O)         0.091    13.341 r  clk_IBUF_BUFG_inst/O
                         net (fo=21, routed)          1.504    14.845    SEVEN_SEGMENT_DISPLAY/DIGIT_SELECTOR/clk_IBUF_BUFG
    SLICE_X61Y22         FDSE                                         r  SEVEN_SEGMENT_DISPLAY/DIGIT_SELECTOR/q_reg[0]/C
                         clock pessimism              0.274    15.119    
                         clock uncertainty           -0.035    15.084    
    SLICE_X61Y22         FDSE (Setup_fdse_C_D)        0.029    15.113    SEVEN_SEGMENT_DISPLAY/DIGIT_SELECTOR/q_reg[0]
  -------------------------------------------------------------------
                         required time                         15.113    
                         arrival time                          -8.804    
  -------------------------------------------------------------------
                         slack                                  6.308    

Slack (MET) :             6.322ns  (required time - arrival time)
  Source:                 SEVEN_SEGMENT_DISPLAY/DIGIT_SELECTOR/count_reg[4]/C
                            (rising edge-triggered cell FDRE clocked by sys_clk_pin  {rise@0.000ns fall@5.000ns period=10.000ns})
  Destination:            SEVEN_SEGMENT_DISPLAY/DIGIT_SELECTOR/q_reg[3]/D
                            (rising edge-triggered cell FDRE clocked by sys_clk_pin  {rise@0.000ns fall@5.000ns period=10.000ns})
  Path Group:             sys_clk_pin
  Path Type:              Setup (Max at Slow Process Corner)
  Requirement:            10.000ns  (sys_clk_pin rise@10.000ns - sys_clk_pin rise@0.000ns)
  Data Path Delay:        3.647ns  (logic 0.890ns (24.403%)  route 2.757ns (75.597%))
  Logic Levels:           3  (LUT2=1 LUT6=2)
  Clock Path Skew:        -0.025ns (DCD - SCD + CPR)
    Destination Clock Delay (DCD):    4.842ns = ( 14.842 - 10.000 ) 
    Source Clock Delay      (SCD):    5.141ns
    Clock Pessimism Removal (CPR):    0.274ns
  Clock Uncertainty:      0.035ns  ((TSJ^2 + TIJ^2)^1/2 + DJ) / 2 + PE
    Total System Jitter     (TSJ):    0.071ns
    Total Input Jitter      (TIJ):    0.000ns
    Discrete Jitter          (DJ):    0.000ns
    Phase Error              (PE):    0.000ns

    Location             Delay type                Incr(ns)  Path(ns)    Netlist Resource(s)
  -------------------------------------------------------------------    -------------------
                         (clock sys_clk_pin rise edge)
                                                      0.000     0.000 r  
    W5                                                0.000     0.000 r  clk (IN)
                         net (fo=0)                   0.000     0.000    clk
    W5                   IBUF (Prop_ibuf_I_O)         1.458     1.458 r  clk_IBUF_inst/O
                         net (fo=1, routed)           1.967     3.425    clk_IBUF
    BUFGCTRL_X0Y0        BUFG (Prop_bufg_I_O)         0.096     3.521 r  clk_IBUF_BUFG_inst/O
                         net (fo=21, routed)          1.620     5.141    SEVEN_SEGMENT_DISPLAY/DIGIT_SELECTOR/clk_IBUF_BUFG
    SLICE_X60Y22         FDRE                                         r  SEVEN_SEGMENT_DISPLAY/DIGIT_SELECTOR/count_reg[4]/C
  -------------------------------------------------------------------    -------------------
    SLICE_X60Y22         FDRE (Prop_fdre_C_Q)         0.518     5.659 f  SEVEN_SEGMENT_DISPLAY/DIGIT_SELECTOR/count_reg[4]/Q
                         net (fo=5, routed)           1.112     6.771    SEVEN_SEGMENT_DISPLAY/DIGIT_SELECTOR/count_reg[4]
    SLICE_X61Y23         LUT2 (Prop_lut2_I0_O)        0.124     6.895 r  SEVEN_SEGMENT_DISPLAY/DIGIT_SELECTOR/q[3]_i_5/O
                         net (fo=1, routed)           0.810     7.706    SEVEN_SEGMENT_DISPLAY/DIGIT_SELECTOR/q[3]_i_5_n_0
    SLICE_X62Y23         LUT6 (Prop_lut6_I0_O)        0.124     7.830 r  SEVEN_SEGMENT_DISPLAY/DIGIT_SELECTOR/q[3]_i_2/O
                         net (fo=4, routed)           0.835     8.664    SEVEN_SEGMENT_DISPLAY/DIGIT_SELECTOR/q[3]_i_2_n_0
    SLICE_X61Y24         LUT6 (Prop_lut6_I1_O)        0.124     8.788 r  SEVEN_SEGMENT_DISPLAY/DIGIT_SELECTOR/q[3]_i_1/O
                         net (fo=1, routed)           0.000     8.788    SEVEN_SEGMENT_DISPLAY/DIGIT_SELECTOR/q[3]_i_1_n_0
    SLICE_X61Y24         FDRE                                         r  SEVEN_SEGMENT_DISPLAY/DIGIT_SELECTOR/q_reg[3]/D
  -------------------------------------------------------------------    -------------------

                         (clock sys_clk_pin rise edge)
                                                     10.000    10.000 r  
    W5                                                0.000    10.000 r  clk (IN)
                         net (fo=0)                   0.000    10.000    clk
    W5                   IBUF (Prop_ibuf_I_O)         1.388    11.388 r  clk_IBUF_inst/O
                         net (fo=1, routed)           1.862    13.250    clk_IBUF
    BUFGCTRL_X0Y0        BUFG (Prop_bufg_I_O)         0.091    13.341 r  clk_IBUF_BUFG_inst/O
                         net (fo=21, routed)          1.501    14.842    SEVEN_SEGMENT_DISPLAY/DIGIT_SELECTOR/clk_IBUF_BUFG
    SLICE_X61Y24         FDRE                                         r  SEVEN_SEGMENT_DISPLAY/DIGIT_SELECTOR/q_reg[3]/C
                         clock pessimism              0.274    15.116    
                         clock uncertainty           -0.035    15.081    
    SLICE_X61Y24         FDRE (Setup_fdre_C_D)        0.029    15.110    SEVEN_SEGMENT_DISPLAY/DIGIT_SELECTOR/q_reg[3]
  -------------------------------------------------------------------
                         required time                         15.110    
                         arrival time                          -8.788    
  -------------------------------------------------------------------
                         slack                                  6.322    

Slack (MET) :             6.326ns  (required time - arrival time)
  Source:                 SEVEN_SEGMENT_DISPLAY/DIGIT_SELECTOR/count_reg[4]/C
                            (rising edge-triggered cell FDRE clocked by sys_clk_pin  {rise@0.000ns fall@5.000ns period=10.000ns})
  Destination:            SEVEN_SEGMENT_DISPLAY/DIGIT_SELECTOR/q_reg[1]/D
                            (rising edge-triggered cell FDSE clocked by sys_clk_pin  {rise@0.000ns fall@5.000ns period=10.000ns})
  Path Group:             sys_clk_pin
  Path Type:              Setup (Max at Slow Process Corner)
  Requirement:            10.000ns  (sys_clk_pin rise@10.000ns - sys_clk_pin rise@0.000ns)
  Data Path Delay:        3.691ns  (logic 0.918ns (24.870%)  route 2.773ns (75.130%))
  Logic Levels:           3  (LUT2=1 LUT4=1 LUT6=1)
  Clock Path Skew:        -0.022ns (DCD - SCD + CPR)
    Destination Clock Delay (DCD):    4.845ns = ( 14.845 - 10.000 ) 
    Source Clock Delay      (SCD):    5.141ns
    Clock Pessimism Removal (CPR):    0.274ns
  Clock Uncertainty:      0.035ns  ((TSJ^2 + TIJ^2)^1/2 + DJ) / 2 + PE
    Total System Jitter     (TSJ):    0.071ns
    Total Input Jitter      (TIJ):    0.000ns
    Discrete Jitter          (DJ):    0.000ns
    Phase Error              (PE):    0.000ns

    Location             Delay type                Incr(ns)  Path(ns)    Netlist Resource(s)
  -------------------------------------------------------------------    -------------------
                         (clock sys_clk_pin rise edge)
                                                      0.000     0.000 r  
    W5                                                0.000     0.000 r  clk (IN)
                         net (fo=0)                   0.000     0.000    clk
    W5                   IBUF (Prop_ibuf_I_O)         1.458     1.458 r  clk_IBUF_inst/O
                         net (fo=1, routed)           1.967     3.425    clk_IBUF
    BUFGCTRL_X0Y0        BUFG (Prop_bufg_I_O)         0.096     3.521 r  clk_IBUF_BUFG_inst/O
                         net (fo=21, routed)          1.620     5.141    SEVEN_SEGMENT_DISPLAY/DIGIT_SELECTOR/clk_IBUF_BUFG
    SLICE_X60Y22         FDRE                                         r  SEVEN_SEGMENT_DISPLAY/DIGIT_SELECTOR/count_reg[4]/C
  -------------------------------------------------------------------    -------------------
    SLICE_X60Y22         FDRE (Prop_fdre_C_Q)         0.518     5.659 f  SEVEN_SEGMENT_DISPLAY/DIGIT_SELECTOR/count_reg[4]/Q
                         net (fo=5, routed)           1.112     6.771    SEVEN_SEGMENT_DISPLAY/DIGIT_SELECTOR/count_reg[4]
    SLICE_X61Y23         LUT2 (Prop_lut2_I0_O)        0.124     6.895 r  SEVEN_SEGMENT_DISPLAY/DIGIT_SELECTOR/q[3]_i_5/O
                         net (fo=1, routed)           0.810     7.706    SEVEN_SEGMENT_DISPLAY/DIGIT_SELECTOR/q[3]_i_5_n_0
    SLICE_X62Y23         LUT6 (Prop_lut6_I0_O)        0.124     7.830 r  SEVEN_SEGMENT_DISPLAY/DIGIT_SELECTOR/q[3]_i_2/O
                         net (fo=4, routed)           0.851     8.680    SEVEN_SEGMENT_DISPLAY/DIGIT_SELECTOR/q[3]_i_2_n_0
    SLICE_X61Y22         LUT4 (Prop_lut4_I1_O)        0.152     8.832 r  SEVEN_SEGMENT_DISPLAY/DIGIT_SELECTOR/q[1]_i_1/O
                         net (fo=1, routed)           0.000     8.832    SEVEN_SEGMENT_DISPLAY/DIGIT_SELECTOR/q[1]_i_1_n_0
    SLICE_X61Y22         FDSE                                         r  SEVEN_SEGMENT_DISPLAY/DIGIT_SELECTOR/q_reg[1]/D
  -------------------------------------------------------------------    -------------------

                         (clock sys_clk_pin rise edge)
                                                     10.000    10.000 r  
    W5                                                0.000    10.000 r  clk (IN)
                         net (fo=0)                   0.000    10.000    clk
    W5                   IBUF (Prop_ibuf_I_O)         1.388    11.388 r  clk_IBUF_inst/O
                         net (fo=1, routed)           1.862    13.250    clk_IBUF
    BUFGCTRL_X0Y0        BUFG (Prop_bufg_I_O)         0.091    13.341 r  clk_IBUF_BUFG_inst/O
                         net (fo=21, routed)          1.504    14.845    SEVEN_SEGMENT_DISPLAY/DIGIT_SELECTOR/clk_IBUF_BUFG
    SLICE_X61Y22         FDSE                                         r  SEVEN_SEGMENT_DISPLAY/DIGIT_SELECTOR/q_reg[1]/C
                         clock pessimism              0.274    15.119    
                         clock uncertainty           -0.035    15.084    
    SLICE_X61Y22         FDSE (Setup_fdse_C_D)        0.075    15.159    SEVEN_SEGMENT_DISPLAY/DIGIT_SELECTOR/q_reg[1]
  -------------------------------------------------------------------
                         required time                         15.159    
                         arrival time                          -8.832    
  -------------------------------------------------------------------
                         slack                                  6.326    

Slack (MET) :             6.545ns  (required time - arrival time)
  Source:                 SEVEN_SEGMENT_DISPLAY/DIGIT_SELECTOR/count_reg[4]/C
                            (rising edge-triggered cell FDRE clocked by sys_clk_pin  {rise@0.000ns fall@5.000ns period=10.000ns})
  Destination:            SEVEN_SEGMENT_DISPLAY/DIGIT_SELECTOR/q_reg[2]/D
                            (rising edge-triggered cell FDSE clocked by sys_clk_pin  {rise@0.000ns fall@5.000ns period=10.000ns})
  Path Group:             sys_clk_pin
  Path Type:              Setup (Max at Slow Process Corner)
  Requirement:            10.000ns  (sys_clk_pin rise@10.000ns - sys_clk_pin rise@0.000ns)
  Data Path Delay:        3.428ns  (logic 0.890ns (25.961%)  route 2.538ns (74.039%))
  Logic Levels:           3  (LUT2=1 LUT4=1 LUT6=1)
  Clock Path Skew:        -0.022ns (DCD - SCD + CPR)
    Destination Clock Delay (DCD):    4.845ns = ( 14.845 - 10.000 ) 
    Source Clock Delay      (SCD):    5.141ns
    Clock Pessimism Removal (CPR):    0.274ns
  Clock Uncertainty:      0.035ns  ((TSJ^2 + TIJ^2)^1/2 + DJ) / 2 + PE
    Total System Jitter     (TSJ):    0.071ns
    Total Input Jitter      (TIJ):    0.000ns
    Discrete Jitter          (DJ):    0.000ns
    Phase Error              (PE):    0.000ns

    Location             Delay type                Incr(ns)  Path(ns)    Netlist Resource(s)
  -------------------------------------------------------------------    -------------------
                         (clock sys_clk_pin rise edge)
                                                      0.000     0.000 r  
    W5                                                0.000     0.000 r  clk (IN)
                         net (fo=0)                   0.000     0.000    clk
    W5                   IBUF (Prop_ibuf_I_O)         1.458     1.458 r  clk_IBUF_inst/O
                         net (fo=1, routed)           1.967     3.425    clk_IBUF
    BUFGCTRL_X0Y0        BUFG (Prop_bufg_I_O)         0.096     3.521 r  clk_IBUF_BUFG_inst/O
                         net (fo=21, routed)          1.620     5.141    SEVEN_SEGMENT_DISPLAY/DIGIT_SELECTOR/clk_IBUF_BUFG
    SLICE_X60Y22         FDRE                                         r  SEVEN_SEGMENT_DISPLAY/DIGIT_SELECTOR/count_reg[4]/C
  -------------------------------------------------------------------    -------------------
    SLICE_X60Y22         FDRE (Prop_fdre_C_Q)         0.518     5.659 f  SEVEN_SEGMENT_DISPLAY/DIGIT_SELECTOR/count_reg[4]/Q
                         net (fo=5, routed)           1.112     6.771    SEVEN_SEGMENT_DISPLAY/DIGIT_SELECTOR/count_reg[4]
    SLICE_X61Y23         LUT2 (Prop_lut2_I0_O)        0.124     6.895 r  SEVEN_SEGMENT_DISPLAY/DIGIT_SELECTOR/q[3]_i_5/O
                         net (fo=1, routed)           0.810     7.706    SEVEN_SEGMENT_DISPLAY/DIGIT_SELECTOR/q[3]_i_5_n_0
    SLICE_X62Y23         LUT6 (Prop_lut6_I0_O)        0.124     7.830 r  SEVEN_SEGMENT_DISPLAY/DIGIT_SELECTOR/q[3]_i_2/O
                         net (fo=4, routed)           0.616     8.445    SEVEN_SEGMENT_DISPLAY/DIGIT_SELECTOR/q[3]_i_2_n_0
    SLICE_X61Y22         LUT4 (Prop_lut4_I1_O)        0.124     8.569 r  SEVEN_SEGMENT_DISPLAY/DIGIT_SELECTOR/q[2]_i_1/O
                         net (fo=1, routed)           0.000     8.569    SEVEN_SEGMENT_DISPLAY/DIGIT_SELECTOR/q[2]_i_1_n_0
    SLICE_X61Y22         FDSE                                         r  SEVEN_SEGMENT_DISPLAY/DIGIT_SELECTOR/q_reg[2]/D
  -------------------------------------------------------------------    -------------------

                         (clock sys_clk_pin rise edge)
                                                     10.000    10.000 r  
    W5                                                0.000    10.000 r  clk (IN)
                         net (fo=0)                   0.000    10.000    clk
    W5                   IBUF (Prop_ibuf_I_O)         1.388    11.388 r  clk_IBUF_inst/O
                         net (fo=1, routed)           1.862    13.250    clk_IBUF
    BUFGCTRL_X0Y0        BUFG (Prop_bufg_I_O)         0.091    13.341 r  clk_IBUF_BUFG_inst/O
                         net (fo=21, routed)          1.504    14.845    SEVEN_SEGMENT_DISPLAY/DIGIT_SELECTOR/clk_IBUF_BUFG
    SLICE_X61Y22         FDSE                                         r  SEVEN_SEGMENT_DISPLAY/DIGIT_SELECTOR/q_reg[2]/C
                         clock pessimism              0.274    15.119    
                         clock uncertainty           -0.035    15.084    
    SLICE_X61Y22         FDSE (Setup_fdse_C_D)        0.031    15.115    SEVEN_SEGMENT_DISPLAY/DIGIT_SELECTOR/q_reg[2]
  -------------------------------------------------------------------
                         required time                         15.115    
                         arrival time                          -8.569    
  -------------------------------------------------------------------
                         slack                                  6.545    

Slack (MET) :             7.725ns  (required time - arrival time)
  Source:                 SEVEN_SEGMENT_DISPLAY/DIGIT_SELECTOR/count_reg[1]/C
                            (rising edge-triggered cell FDRE clocked by sys_clk_pin  {rise@0.000ns fall@5.000ns period=10.000ns})
  Destination:            SEVEN_SEGMENT_DISPLAY/DIGIT_SELECTOR/count_reg[16]/D
                            (rising edge-triggered cell FDRE clocked by sys_clk_pin  {rise@0.000ns fall@5.000ns period=10.000ns})
  Path Group:             sys_clk_pin
  Path Type:              Setup (Max at Slow Process Corner)
  Requirement:            10.000ns  (sys_clk_pin rise@10.000ns - sys_clk_pin rise@0.000ns)
  Data Path Delay:        2.307ns  (logic 1.745ns (75.644%)  route 0.562ns (24.356%))
  Logic Levels:           5  (CARRY4=5)
  Clock Path Skew:        -0.042ns (DCD - SCD + CPR)
    Destination Clock Delay (DCD):    4.842ns = ( 14.842 - 10.000 ) 
    Source Clock Delay      (SCD):    5.144ns
    Clock Pessimism Removal (CPR):    0.260ns
  Clock Uncertainty:      0.035ns  ((TSJ^2 + TIJ^2)^1/2 + DJ) / 2 + PE
    Total System Jitter     (TSJ):    0.071ns
    Total Input Jitter      (TIJ):    0.000ns
    Discrete Jitter          (DJ):    0.000ns
    Phase Error              (PE):    0.000ns

    Location             Delay type                Incr(ns)  Path(ns)    Netlist Resource(s)
  -------------------------------------------------------------------    -------------------
                         (clock sys_clk_pin rise edge)
                                                      0.000     0.000 r  
    W5                                                0.000     0.000 r  clk (IN)
                         net (fo=0)                   0.000     0.000    clk
    W5                   IBUF (Prop_ibuf_I_O)         1.458     1.458 r  clk_IBUF_inst/O
                         net (fo=1, routed)           1.967     3.425    clk_IBUF
    BUFGCTRL_X0Y0        BUFG (Prop_bufg_I_O)         0.096     3.521 r  clk_IBUF_BUFG_inst/O
                         net (fo=21, routed)          1.623     5.144    SEVEN_SEGMENT_DISPLAY/DIGIT_SELECTOR/clk_IBUF_BUFG
    SLICE_X60Y21         FDRE                                         r  SEVEN_SEGMENT_DISPLAY/DIGIT_SELECTOR/count_reg[1]/C
  -------------------------------------------------------------------    -------------------
    SLICE_X60Y21         FDRE (Prop_fdre_C_Q)         0.518     5.662 r  SEVEN_SEGMENT_DISPLAY/DIGIT_SELECTOR/count_reg[1]/Q
                         net (fo=4, routed)           0.553     6.215    SEVEN_SEGMENT_DISPLAY/DIGIT_SELECTOR/count_reg[1]
    SLICE_X60Y21         CARRY4 (Prop_carry4_S[1]_CO[3])
                                                      0.657     6.872 r  SEVEN_SEGMENT_DISPLAY/DIGIT_SELECTOR/count_reg[0]_i_1/CO[3]
                         net (fo=1, routed)           0.000     6.872    SEVEN_SEGMENT_DISPLAY/DIGIT_SELECTOR/count_reg[0]_i_1_n_0
    SLICE_X60Y22         CARRY4 (Prop_carry4_CI_CO[3])
                                                      0.117     6.989 r  SEVEN_SEGMENT_DISPLAY/DIGIT_SELECTOR/count_reg[4]_i_1/CO[3]
                         net (fo=1, routed)           0.000     6.989    SEVEN_SEGMENT_DISPLAY/DIGIT_SELECTOR/count_reg[4]_i_1_n_0
    SLICE_X60Y23         CARRY4 (Prop_carry4_CI_CO[3])
                                                      0.117     7.106 r  SEVEN_SEGMENT_DISPLAY/DIGIT_SELECTOR/count_reg[8]_i_1/CO[3]
                         net (fo=1, routed)           0.000     7.106    SEVEN_SEGMENT_DISPLAY/DIGIT_SELECTOR/count_reg[8]_i_1_n_0
    SLICE_X60Y24         CARRY4 (Prop_carry4_CI_CO[3])
                                                      0.117     7.223 r  SEVEN_SEGMENT_DISPLAY/DIGIT_SELECTOR/count_reg[12]_i_1/CO[3]
                         net (fo=1, routed)           0.009     7.232    SEVEN_SEGMENT_DISPLAY/DIGIT_SELECTOR/count_reg[12]_i_1_n_0
    SLICE_X60Y25         CARRY4 (Prop_carry4_CI_O[0])
                                                      0.219     7.451 r  SEVEN_SEGMENT_DISPLAY/DIGIT_SELECTOR/count_reg[16]_i_1/O[0]
                         net (fo=1, routed)           0.000     7.451    SEVEN_SEGMENT_DISPLAY/DIGIT_SELECTOR/count_reg[16]_i_1_n_7
    SLICE_X60Y25         FDRE                                         r  SEVEN_SEGMENT_DISPLAY/DIGIT_SELECTOR/count_reg[16]/D
  -------------------------------------------------------------------    -------------------

                         (clock sys_clk_pin rise edge)
                                                     10.000    10.000 r  
    W5                                                0.000    10.000 r  clk (IN)
                         net (fo=0)                   0.000    10.000    clk
    W5                   IBUF (Prop_ibuf_I_O)         1.388    11.388 r  clk_IBUF_inst/O
                         net (fo=1, routed)           1.862    13.250    clk_IBUF
    BUFGCTRL_X0Y0        BUFG (Prop_bufg_I_O)         0.091    13.341 r  clk_IBUF_BUFG_inst/O
                         net (fo=21, routed)          1.501    14.842    SEVEN_SEGMENT_DISPLAY/DIGIT_SELECTOR/clk_IBUF_BUFG
    SLICE_X60Y25         FDRE                                         r  SEVEN_SEGMENT_DISPLAY/DIGIT_SELECTOR/count_reg[16]/C
                         clock pessimism              0.260    15.102    
                         clock uncertainty           -0.035    15.067    
    SLICE_X60Y25         FDRE (Setup_fdre_C_D)        0.109    15.176    SEVEN_SEGMENT_DISPLAY/DIGIT_SELECTOR/count_reg[16]
  -------------------------------------------------------------------
                         required time                         15.176    
                         arrival time                          -7.451    
  -------------------------------------------------------------------
                         slack                                  7.725    

Slack (MET) :             7.761ns  (required time - arrival time)
  Source:                 SEVEN_SEGMENT_DISPLAY/DIGIT_SELECTOR/count_reg[1]/C
                            (rising edge-triggered cell FDRE clocked by sys_clk_pin  {rise@0.000ns fall@5.000ns period=10.000ns})
  Destination:            SEVEN_SEGMENT_DISPLAY/DIGIT_SELECTOR/count_reg[13]/D
                            (rising edge-triggered cell FDRE clocked by sys_clk_pin  {rise@0.000ns fall@5.000ns period=10.000ns})
  Path Group:             sys_clk_pin
  Path Type:              Setup (Max at Slow Process Corner)
  Requirement:            10.000ns  (sys_clk_pin rise@10.000ns - sys_clk_pin rise@0.000ns)
  Data Path Delay:        2.285ns  (logic 1.732ns (75.804%)  route 0.553ns (24.196%))
  Logic Levels:           4  (CARRY4=4)
  Clock Path Skew:        -0.028ns (DCD - SCD + CPR)
    Destination Clock Delay (DCD):    4.842ns = ( 14.842 - 10.000 ) 
    Source Clock Delay      (SCD):    5.144ns
    Clock Pessimism Removal (CPR):    0.274ns
  Clock Uncertainty:      0.035ns  ((TSJ^2 + TIJ^2)^1/2 + DJ) / 2 + PE
    Total System Jitter     (TSJ):    0.071ns
    Total Input Jitter      (TIJ):    0.000ns
    Discrete Jitter          (DJ):    0.000ns
    Phase Error              (PE):    0.000ns

    Location             Delay type                Incr(ns)  Path(ns)    Netlist Resource(s)
  -------------------------------------------------------------------    -------------------
                         (clock sys_clk_pin rise edge)
                                                      0.000     0.000 r  
    W5                                                0.000     0.000 r  clk (IN)
                         net (fo=0)                   0.000     0.000    clk
    W5                   IBUF (Prop_ibuf_I_O)         1.458     1.458 r  clk_IBUF_inst/O
                         net (fo=1, routed)           1.967     3.425    clk_IBUF
    BUFGCTRL_X0Y0        BUFG (Prop_bufg_I_O)         0.096     3.521 r  clk_IBUF_BUFG_inst/O
                         net (fo=21, routed)          1.623     5.144    SEVEN_SEGMENT_DISPLAY/DIGIT_SELECTOR/clk_IBUF_BUFG
    SLICE_X60Y21         FDRE                                         r  SEVEN_SEGMENT_DISPLAY/DIGIT_SELECTOR/count_reg[1]/C
  -------------------------------------------------------------------    -------------------
    SLICE_X60Y21         FDRE (Prop_fdre_C_Q)         0.518     5.662 r  SEVEN_SEGMENT_DISPLAY/DIGIT_SELECTOR/count_reg[1]/Q
                         net (fo=4, routed)           0.553     6.215    SEVEN_SEGMENT_DISPLAY/DIGIT_SELECTOR/count_reg[1]
    SLICE_X60Y21         CARRY4 (Prop_carry4_S[1]_CO[3])
                                                      0.657     6.872 r  SEVEN_SEGMENT_DISPLAY/DIGIT_SELECTOR/count_reg[0]_i_1/CO[3]
                         net (fo=1, routed)           0.000     6.872    SEVEN_SEGMENT_DISPLAY/DIGIT_SELECTOR/count_reg[0]_i_1_n_0
    SLICE_X60Y22         CARRY4 (Prop_carry4_CI_CO[3])
                                                      0.117     6.989 r  SEVEN_SEGMENT_DISPLAY/DIGIT_SELECTOR/count_reg[4]_i_1/CO[3]
                         net (fo=1, routed)           0.000     6.989    SEVEN_SEGMENT_DISPLAY/DIGIT_SELECTOR/count_reg[4]_i_1_n_0
    SLICE_X60Y23         CARRY4 (Prop_carry4_CI_CO[3])
                                                      0.117     7.106 r  SEVEN_SEGMENT_DISPLAY/DIGIT_SELECTOR/count_reg[8]_i_1/CO[3]
                         net (fo=1, routed)           0.000     7.106    SEVEN_SEGMENT_DISPLAY/DIGIT_SELECTOR/count_reg[8]_i_1_n_0
    SLICE_X60Y24         CARRY4 (Prop_carry4_CI_O[1])
                                                      0.323     7.429 r  SEVEN_SEGMENT_DISPLAY/DIGIT_SELECTOR/count_reg[12]_i_1/O[1]
                         net (fo=1, routed)           0.000     7.429    SEVEN_SEGMENT_DISPLAY/DIGIT_SELECTOR/count_reg[12]_i_1_n_6
    SLICE_X60Y24         FDRE                                         r  SEVEN_SEGMENT_DISPLAY/DIGIT_SELECTOR/count_reg[13]/D
  -------------------------------------------------------------------    -------------------

                         (clock sys_clk_pin rise edge)
                                                     10.000    10.000 r  
    W5                                                0.000    10.000 r  clk (IN)
                         net (fo=0)                   0.000    10.000    clk
    W5                   IBUF (Prop_ibuf_I_O)         1.388    11.388 r  clk_IBUF_inst/O
                         net (fo=1, routed)           1.862    13.250    clk_IBUF
    BUFGCTRL_X0Y0        BUFG (Prop_bufg_I_O)         0.091    13.341 r  clk_IBUF_BUFG_inst/O
                         net (fo=21, routed)          1.501    14.842    SEVEN_SEGMENT_DISPLAY/DIGIT_SELECTOR/clk_IBUF_BUFG
    SLICE_X60Y24         FDRE                                         r  SEVEN_SEGMENT_DISPLAY/DIGIT_SELECTOR/count_reg[13]/C
                         clock pessimism              0.274    15.116    
                         clock uncertainty           -0.035    15.081    
    SLICE_X60Y24         FDRE (Setup_fdre_C_D)        0.109    15.190    SEVEN_SEGMENT_DISPLAY/DIGIT_SELECTOR/count_reg[13]
  -------------------------------------------------------------------
                         required time                         15.190    
                         arrival time                          -7.429    
  -------------------------------------------------------------------
                         slack                                  7.761    

Slack (MET) :             7.769ns  (required time - arrival time)
  Source:                 SEVEN_SEGMENT_DISPLAY/DIGIT_SELECTOR/count_reg[1]/C
                            (rising edge-triggered cell FDRE clocked by sys_clk_pin  {rise@0.000ns fall@5.000ns period=10.000ns})
  Destination:            SEVEN_SEGMENT_DISPLAY/DIGIT_SELECTOR/count_reg[15]/D
                            (rising edge-triggered cell FDRE clocked by sys_clk_pin  {rise@0.000ns fall@5.000ns period=10.000ns})
  Path Group:             sys_clk_pin
  Path Type:              Setup (Max at Slow Process Corner)
  Requirement:            10.000ns  (sys_clk_pin rise@10.000ns - sys_clk_pin rise@0.000ns)
  Data Path Delay:        2.277ns  (logic 1.724ns (75.719%)  route 0.553ns (24.281%))
  Logic Levels:           4  (CARRY4=4)
  Clock Path Skew:        -0.028ns (DCD - SCD + CPR)
    Destination Clock Delay (DCD):    4.842ns = ( 14.842 - 10.000 ) 
    Source Clock Delay      (SCD):    5.144ns
    Clock Pessimism Removal (CPR):    0.274ns
  Clock Uncertainty:      0.035ns  ((TSJ^2 + TIJ^2)^1/2 + DJ) / 2 + PE
    Total System Jitter     (TSJ):    0.071ns
    Total Input Jitter      (TIJ):    0.000ns
    Discrete Jitter          (DJ):    0.000ns
    Phase Error              (PE):    0.000ns

    Location             Delay type                Incr(ns)  Path(ns)    Netlist Resource(s)
  -------------------------------------------------------------------    -------------------
                         (clock sys_clk_pin rise edge)
                                                      0.000     0.000 r  
    W5                                                0.000     0.000 r  clk (IN)
                         net (fo=0)                   0.000     0.000    clk
    W5                   IBUF (Prop_ibuf_I_O)         1.458     1.458 r  clk_IBUF_inst/O
                         net (fo=1, routed)           1.967     3.425    clk_IBUF
    BUFGCTRL_X0Y0        BUFG (Prop_bufg_I_O)         0.096     3.521 r  clk_IBUF_BUFG_inst/O
                         net (fo=21, routed)          1.623     5.144    SEVEN_SEGMENT_DISPLAY/DIGIT_SELECTOR/clk_IBUF_BUFG
    SLICE_X60Y21         FDRE                                         r  SEVEN_SEGMENT_DISPLAY/DIGIT_SELECTOR/count_reg[1]/C
  -------------------------------------------------------------------    -------------------
    SLICE_X60Y21         FDRE (Prop_fdre_C_Q)         0.518     5.662 r  SEVEN_SEGMENT_DISPLAY/DIGIT_SELECTOR/count_reg[1]/Q
                         net (fo=4, routed)           0.553     6.215    SEVEN_SEGMENT_DISPLAY/DIGIT_SELECTOR/count_reg[1]
    SLICE_X60Y21         CARRY4 (Prop_carry4_S[1]_CO[3])
                                                      0.657     6.872 r  SEVEN_SEGMENT_DISPLAY/DIGIT_SELECTOR/count_reg[0]_i_1/CO[3]
                         net (fo=1, routed)           0.000     6.872    SEVEN_SEGMENT_DISPLAY/DIGIT_SELECTOR/count_reg[0]_i_1_n_0
    SLICE_X60Y22         CARRY4 (Prop_carry4_CI_CO[3])
                                                      0.117     6.989 r  SEVEN_SEGMENT_DISPLAY/DIGIT_SELECTOR/count_reg[4]_i_1/CO[3]
                         net (fo=1, routed)           0.000     6.989    SEVEN_SEGMENT_DISPLAY/DIGIT_SELECTOR/count_reg[4]_i_1_n_0
    SLICE_X60Y23         CARRY4 (Prop_carry4_CI_CO[3])
                                                      0.117     7.106 r  SEVEN_SEGMENT_DISPLAY/DIGIT_SELECTOR/count_reg[8]_i_1/CO[3]
                         net (fo=1, routed)           0.000     7.106    SEVEN_SEGMENT_DISPLAY/DIGIT_SELECTOR/count_reg[8]_i_1_n_0
    SLICE_X60Y24         CARRY4 (Prop_carry4_CI_O[3])
                                                      0.315     7.421 r  SEVEN_SEGMENT_DISPLAY/DIGIT_SELECTOR/count_reg[12]_i_1/O[3]
                         net (fo=1, routed)           0.000     7.421    SEVEN_SEGMENT_DISPLAY/DIGIT_SELECTOR/count_reg[12]_i_1_n_4
    SLICE_X60Y24         FDRE                                         r  SEVEN_SEGMENT_DISPLAY/DIGIT_SELECTOR/count_reg[15]/D
  -------------------------------------------------------------------    -------------------

                         (clock sys_clk_pin rise edge)
                                                     10.000    10.000 r  
    W5                                                0.000    10.000 r  clk (IN)
                         net (fo=0)                   0.000    10.000    clk
    W5                   IBUF (Prop_ibuf_I_O)         1.388    11.388 r  clk_IBUF_inst/O
                         net (fo=1, routed)           1.862    13.250    clk_IBUF
    BUFGCTRL_X0Y0        BUFG (Prop_bufg_I_O)         0.091    13.341 r  clk_IBUF_BUFG_inst/O
                         net (fo=21, routed)          1.501    14.842    SEVEN_SEGMENT_DISPLAY/DIGIT_SELECTOR/clk_IBUF_BUFG
    SLICE_X60Y24         FDRE                                         r  SEVEN_SEGMENT_DISPLAY/DIGIT_SELECTOR/count_reg[15]/C
                         clock pessimism              0.274    15.116    
                         clock uncertainty           -0.035    15.081    
    SLICE_X60Y24         FDRE (Setup_fdre_C_D)        0.109    15.190    SEVEN_SEGMENT_DISPLAY/DIGIT_SELECTOR/count_reg[15]
  -------------------------------------------------------------------
                         required time                         15.190    
                         arrival time                          -7.421    
  -------------------------------------------------------------------
                         slack                                  7.769    

Slack (MET) :             7.845ns  (required time - arrival time)
  Source:                 SEVEN_SEGMENT_DISPLAY/DIGIT_SELECTOR/count_reg[1]/C
                            (rising edge-triggered cell FDRE clocked by sys_clk_pin  {rise@0.000ns fall@5.000ns period=10.000ns})
  Destination:            SEVEN_SEGMENT_DISPLAY/DIGIT_SELECTOR/count_reg[14]/D
                            (rising edge-triggered cell FDRE clocked by sys_clk_pin  {rise@0.000ns fall@5.000ns period=10.000ns})
  Path Group:             sys_clk_pin
  Path Type:              Setup (Max at Slow Process Corner)
  Requirement:            10.000ns  (sys_clk_pin rise@10.000ns - sys_clk_pin rise@0.000ns)
  Data Path Delay:        2.201ns  (logic 1.648ns (74.880%)  route 0.553ns (25.120%))
  Logic Levels:           4  (CARRY4=4)
  Clock Path Skew:        -0.028ns (DCD - SCD + CPR)
    Destination Clock Delay (DCD):    4.842ns = ( 14.842 - 10.000 ) 
    Source Clock Delay      (SCD):    5.144ns
    Clock Pessimism Removal (CPR):    0.274ns
  Clock Uncertainty:      0.035ns  ((TSJ^2 + TIJ^2)^1/2 + DJ) / 2 + PE
    Total System Jitter     (TSJ):    0.071ns
    Total Input Jitter      (TIJ):    0.000ns
    Discrete Jitter          (DJ):    0.000ns
    Phase Error              (PE):    0.000ns

    Location             Delay type                Incr(ns)  Path(ns)    Netlist Resource(s)
  -------------------------------------------------------------------    -------------------
                         (clock sys_clk_pin rise edge)
                                                      0.000     0.000 r  
    W5                                                0.000     0.000 r  clk (IN)
                         net (fo=0)                   0.000     0.000    clk
    W5                   IBUF (Prop_ibuf_I_O)         1.458     1.458 r  clk_IBUF_inst/O
                         net (fo=1, routed)           1.967     3.425    clk_IBUF
    BUFGCTRL_X0Y0        BUFG (Prop_bufg_I_O)         0.096     3.521 r  clk_IBUF_BUFG_inst/O
                         net (fo=21, routed)          1.623     5.144    SEVEN_SEGMENT_DISPLAY/DIGIT_SELECTOR/clk_IBUF_BUFG
    SLICE_X60Y21         FDRE                                         r  SEVEN_SEGMENT_DISPLAY/DIGIT_SELECTOR/count_reg[1]/C
  -------------------------------------------------------------------    -------------------
    SLICE_X60Y21         FDRE (Prop_fdre_C_Q)         0.518     5.662 r  SEVEN_SEGMENT_DISPLAY/DIGIT_SELECTOR/count_reg[1]/Q
                         net (fo=4, routed)           0.553     6.215    SEVEN_SEGMENT_DISPLAY/DIGIT_SELECTOR/count_reg[1]
    SLICE_X60Y21         CARRY4 (Prop_carry4_S[1]_CO[3])
                                                      0.657     6.872 r  SEVEN_SEGMENT_DISPLAY/DIGIT_SELECTOR/count_reg[0]_i_1/CO[3]
                         net (fo=1, routed)           0.000     6.872    SEVEN_SEGMENT_DISPLAY/DIGIT_SELECTOR/count_reg[0]_i_1_n_0
    SLICE_X60Y22         CARRY4 (Prop_carry4_CI_CO[3])
                                                      0.117     6.989 r  SEVEN_SEGMENT_DISPLAY/DIGIT_SELECTOR/count_reg[4]_i_1/CO[3]
                         net (fo=1, routed)           0.000     6.989    SEVEN_SEGMENT_DISPLAY/DIGIT_SELECTOR/count_reg[4]_i_1_n_0
    SLICE_X60Y23         CARRY4 (Prop_carry4_CI_CO[3])
                                                      0.117     7.106 r  SEVEN_SEGMENT_DISPLAY/DIGIT_SELECTOR/count_reg[8]_i_1/CO[3]
                         net (fo=1, routed)           0.000     7.106    SEVEN_SEGMENT_DISPLAY/DIGIT_SELECTOR/count_reg[8]_i_1_n_0
    SLICE_X60Y24         CARRY4 (Prop_carry4_CI_O[2])
                                                      0.239     7.345 r  SEVEN_SEGMENT_DISPLAY/DIGIT_SELECTOR/count_reg[12]_i_1/O[2]
                         net (fo=1, routed)           0.000     7.345    SEVEN_SEGMENT_DISPLAY/DIGIT_SELECTOR/count_reg[12]_i_1_n_5
    SLICE_X60Y24         FDRE                                         r  SEVEN_SEGMENT_DISPLAY/DIGIT_SELECTOR/count_reg[14]/D
  -------------------------------------------------------------------    -------------------

                         (clock sys_clk_pin rise edge)
                                                     10.000    10.000 r  
    W5                                                0.000    10.000 r  clk (IN)
                         net (fo=0)                   0.000    10.000    clk
    W5                   IBUF (Prop_ibuf_I_O)         1.388    11.388 r  clk_IBUF_inst/O
                         net (fo=1, routed)           1.862    13.250    clk_IBUF
    BUFGCTRL_X0Y0        BUFG (Prop_bufg_I_O)         0.091    13.341 r  clk_IBUF_BUFG_inst/O
                         net (fo=21, routed)          1.501    14.842    SEVEN_SEGMENT_DISPLAY/DIGIT_SELECTOR/clk_IBUF_BUFG
    SLICE_X60Y24         FDRE                                         r  SEVEN_SEGMENT_DISPLAY/DIGIT_SELECTOR/count_reg[14]/C
                         clock pessimism              0.274    15.116    
                         clock uncertainty           -0.035    15.081    
    SLICE_X60Y24         FDRE (Setup_fdre_C_D)        0.109    15.190    SEVEN_SEGMENT_DISPLAY/DIGIT_SELECTOR/count_reg[14]
  -------------------------------------------------------------------
                         required time                         15.190    
                         arrival time                          -7.345    
  -------------------------------------------------------------------
                         slack                                  7.845    

Slack (MET) :             7.865ns  (required time - arrival time)
  Source:                 SEVEN_SEGMENT_DISPLAY/DIGIT_SELECTOR/count_reg[1]/C
                            (rising edge-triggered cell FDRE clocked by sys_clk_pin  {rise@0.000ns fall@5.000ns period=10.000ns})
  Destination:            SEVEN_SEGMENT_DISPLAY/DIGIT_SELECTOR/count_reg[12]/D
                            (rising edge-triggered cell FDRE clocked by sys_clk_pin  {rise@0.000ns fall@5.000ns period=10.000ns})
  Path Group:             sys_clk_pin
  Path Type:              Setup (Max at Slow Process Corner)
  Requirement:            10.000ns  (sys_clk_pin rise@10.000ns - sys_clk_pin rise@0.000ns)
  Data Path Delay:        2.181ns  (logic 1.628ns (74.650%)  route 0.553ns (25.350%))
  Logic Levels:           4  (CARRY4=4)
  Clock Path Skew:        -0.028ns (DCD - SCD + CPR)
    Destination Clock Delay (DCD):    4.842ns = ( 14.842 - 10.000 ) 
    Source Clock Delay      (SCD):    5.144ns
    Clock Pessimism Removal (CPR):    0.274ns
  Clock Uncertainty:      0.035ns  ((TSJ^2 + TIJ^2)^1/2 + DJ) / 2 + PE
    Total System Jitter     (TSJ):    0.071ns
    Total Input Jitter      (TIJ):    0.000ns
    Discrete Jitter          (DJ):    0.000ns
    Phase Error              (PE):    0.000ns

    Location             Delay type                Incr(ns)  Path(ns)    Netlist Resource(s)
  -------------------------------------------------------------------    -------------------
                         (clock sys_clk_pin rise edge)
                                                      0.000     0.000 r  
    W5                                                0.000     0.000 r  clk (IN)
                         net (fo=0)                   0.000     0.000    clk
    W5                   IBUF (Prop_ibuf_I_O)         1.458     1.458 r  clk_IBUF_inst/O
                         net (fo=1, routed)           1.967     3.425    clk_IBUF
    BUFGCTRL_X0Y0        BUFG (Prop_bufg_I_O)         0.096     3.521 r  clk_IBUF_BUFG_inst/O
                         net (fo=21, routed)          1.623     5.144    SEVEN_SEGMENT_DISPLAY/DIGIT_SELECTOR/clk_IBUF_BUFG
    SLICE_X60Y21         FDRE                                         r  SEVEN_SEGMENT_DISPLAY/DIGIT_SELECTOR/count_reg[1]/C
  -------------------------------------------------------------------    -------------------
    SLICE_X60Y21         FDRE (Prop_fdre_C_Q)         0.518     5.662 r  SEVEN_SEGMENT_DISPLAY/DIGIT_SELECTOR/count_reg[1]/Q
                         net (fo=4, routed)           0.553     6.215    SEVEN_SEGMENT_DISPLAY/DIGIT_SELECTOR/count_reg[1]
    SLICE_X60Y21         CARRY4 (Prop_carry4_S[1]_CO[3])
                                                      0.657     6.872 r  SEVEN_SEGMENT_DISPLAY/DIGIT_SELECTOR/count_reg[0]_i_1/CO[3]
                         net (fo=1, routed)           0.000     6.872    SEVEN_SEGMENT_DISPLAY/DIGIT_SELECTOR/count_reg[0]_i_1_n_0
    SLICE_X60Y22         CARRY4 (Prop_carry4_CI_CO[3])
                                                      0.117     6.989 r  SEVEN_SEGMENT_DISPLAY/DIGIT_SELECTOR/count_reg[4]_i_1/CO[3]
                         net (fo=1, routed)           0.000     6.989    SEVEN_SEGMENT_DISPLAY/DIGIT_SELECTOR/count_reg[4]_i_1_n_0
    SLICE_X60Y23         CARRY4 (Prop_carry4_CI_CO[3])
                                                      0.117     7.106 r  SEVEN_SEGMENT_DISPLAY/DIGIT_SELECTOR/count_reg[8]_i_1/CO[3]
                         net (fo=1, routed)           0.000     7.106    SEVEN_SEGMENT_DISPLAY/DIGIT_SELECTOR/count_reg[8]_i_1_n_0
    SLICE_X60Y24         CARRY4 (Prop_carry4_CI_O[0])
                                                      0.219     7.325 r  SEVEN_SEGMENT_DISPLAY/DIGIT_SELECTOR/count_reg[12]_i_1/O[0]
                         net (fo=1, routed)           0.000     7.325    SEVEN_SEGMENT_DISPLAY/DIGIT_SELECTOR/count_reg[12]_i_1_n_7
    SLICE_X60Y24         FDRE                                         r  SEVEN_SEGMENT_DISPLAY/DIGIT_SELECTOR/count_reg[12]/D
  -------------------------------------------------------------------    -------------------

                         (clock sys_clk_pin rise edge)
                                                     10.000    10.000 r  
    W5                                                0.000    10.000 r  clk (IN)
                         net (fo=0)                   0.000    10.000    clk
    W5                   IBUF (Prop_ibuf_I_O)         1.388    11.388 r  clk_IBUF_inst/O
                         net (fo=1, routed)           1.862    13.250    clk_IBUF
    BUFGCTRL_X0Y0        BUFG (Prop_bufg_I_O)         0.091    13.341 r  clk_IBUF_BUFG_inst/O
                         net (fo=21, routed)          1.501    14.842    SEVEN_SEGMENT_DISPLAY/DIGIT_SELECTOR/clk_IBUF_BUFG
    SLICE_X60Y24         FDRE                                         r  SEVEN_SEGMENT_DISPLAY/DIGIT_SELECTOR/count_reg[12]/C
                         clock pessimism              0.274    15.116    
                         clock uncertainty           -0.035    15.081    
    SLICE_X60Y24         FDRE (Setup_fdre_C_D)        0.109    15.190    SEVEN_SEGMENT_DISPLAY/DIGIT_SELECTOR/count_reg[12]
  -------------------------------------------------------------------
                         required time                         15.190    
                         arrival time                          -7.325    
  -------------------------------------------------------------------
                         slack                                  7.865    

Slack (MET) :             7.880ns  (required time - arrival time)
  Source:                 SEVEN_SEGMENT_DISPLAY/DIGIT_SELECTOR/count_reg[1]/C
                            (rising edge-triggered cell FDRE clocked by sys_clk_pin  {rise@0.000ns fall@5.000ns period=10.000ns})
  Destination:            SEVEN_SEGMENT_DISPLAY/DIGIT_SELECTOR/count_reg[9]/D
                            (rising edge-triggered cell FDRE clocked by sys_clk_pin  {rise@0.000ns fall@5.000ns period=10.000ns})
  Path Group:             sys_clk_pin
  Path Type:              Setup (Max at Slow Process Corner)
  Requirement:            10.000ns  (sys_clk_pin rise@10.000ns - sys_clk_pin rise@0.000ns)
  Data Path Delay:        2.168ns  (logic 1.615ns (74.498%)  route 0.553ns (25.502%))
  Logic Levels:           3  (CARRY4=3)
  Clock Path Skew:        -0.026ns (DCD - SCD + CPR)
    Destination Clock Delay (DCD):    4.844ns = ( 14.844 - 10.000 ) 
    Source Clock Delay      (SCD):    5.144ns
    Clock Pessimism Removal (CPR):    0.274ns
  Clock Uncertainty:      0.035ns  ((TSJ^2 + TIJ^2)^1/2 + DJ) / 2 + PE
    Total System Jitter     (TSJ):    0.071ns
    Total Input Jitter      (TIJ):    0.000ns
    Discrete Jitter          (DJ):    0.000ns
    Phase Error              (PE):    0.000ns

    Location             Delay type                Incr(ns)  Path(ns)    Netlist Resource(s)
  -------------------------------------------------------------------    -------------------
                         (clock sys_clk_pin rise edge)
                                                      0.000     0.000 r  
    W5                                                0.000     0.000 r  clk (IN)
                         net (fo=0)                   0.000     0.000    clk
    W5                   IBUF (Prop_ibuf_I_O)         1.458     1.458 r  clk_IBUF_inst/O
                         net (fo=1, routed)           1.967     3.425    clk_IBUF
    BUFGCTRL_X0Y0        BUFG (Prop_bufg_I_O)         0.096     3.521 r  clk_IBUF_BUFG_inst/O
                         net (fo=21, routed)          1.623     5.144    SEVEN_SEGMENT_DISPLAY/DIGIT_SELECTOR/clk_IBUF_BUFG
    SLICE_X60Y21         FDRE                                         r  SEVEN_SEGMENT_DISPLAY/DIGIT_SELECTOR/count_reg[1]/C
  -------------------------------------------------------------------    -------------------
    SLICE_X60Y21         FDRE (Prop_fdre_C_Q)         0.518     5.662 r  SEVEN_SEGMENT_DISPLAY/DIGIT_SELECTOR/count_reg[1]/Q
                         net (fo=4, routed)           0.553     6.215    SEVEN_SEGMENT_DISPLAY/DIGIT_SELECTOR/count_reg[1]
    SLICE_X60Y21         CARRY4 (Prop_carry4_S[1]_CO[3])
                                                      0.657     6.872 r  SEVEN_SEGMENT_DISPLAY/DIGIT_SELECTOR/count_reg[0]_i_1/CO[3]
                         net (fo=1, routed)           0.000     6.872    SEVEN_SEGMENT_DISPLAY/DIGIT_SELECTOR/count_reg[0]_i_1_n_0
    SLICE_X60Y22         CARRY4 (Prop_carry4_CI_CO[3])
                                                      0.117     6.989 r  SEVEN_SEGMENT_DISPLAY/DIGIT_SELECTOR/count_reg[4]_i_1/CO[3]
                         net (fo=1, routed)           0.000     6.989    SEVEN_SEGMENT_DISPLAY/DIGIT_SELECTOR/count_reg[4]_i_1_n_0
    SLICE_X60Y23         CARRY4 (Prop_carry4_CI_O[1])
                                                      0.323     7.312 r  SEVEN_SEGMENT_DISPLAY/DIGIT_SELECTOR/count_reg[8]_i_1/O[1]
                         net (fo=1, routed)           0.000     7.312    SEVEN_SEGMENT_DISPLAY/DIGIT_SELECTOR/count_reg[8]_i_1_n_6
    SLICE_X60Y23         FDRE                                         r  SEVEN_SEGMENT_DISPLAY/DIGIT_SELECTOR/count_reg[9]/D
  -------------------------------------------------------------------    -------------------

                         (clock sys_clk_pin rise edge)
                                                     10.000    10.000 r  
    W5                                                0.000    10.000 r  clk (IN)
                         net (fo=0)                   0.000    10.000    clk
    W5                   IBUF (Prop_ibuf_I_O)         1.388    11.388 r  clk_IBUF_inst/O
                         net (fo=1, routed)           1.862    13.250    clk_IBUF
    BUFGCTRL_X0Y0        BUFG (Prop_bufg_I_O)         0.091    13.341 r  clk_IBUF_BUFG_inst/O
                         net (fo=21, routed)          1.503    14.844    SEVEN_SEGMENT_DISPLAY/DIGIT_SELECTOR/clk_IBUF_BUFG
    SLICE_X60Y23         FDRE                                         r  SEVEN_SEGMENT_DISPLAY/DIGIT_SELECTOR/count_reg[9]/C
                         clock pessimism              0.274    15.118    
                         clock uncertainty           -0.035    15.083    
    SLICE_X60Y23         FDRE (Setup_fdre_C_D)        0.109    15.192    SEVEN_SEGMENT_DISPLAY/DIGIT_SELECTOR/count_reg[9]
  -------------------------------------------------------------------
                         required time                         15.192    
                         arrival time                          -7.312    
  -------------------------------------------------------------------
                         slack                                  7.880    





Min Delay Paths
--------------------------------------------------------------------------------------
Slack (MET) :             0.267ns  (arrival time - required time)
  Source:                 SEVEN_SEGMENT_DISPLAY/DIGIT_SELECTOR/count_reg[2]/C
                            (rising edge-triggered cell FDRE clocked by sys_clk_pin  {rise@0.000ns fall@5.000ns period=10.000ns})
  Destination:            SEVEN_SEGMENT_DISPLAY/DIGIT_SELECTOR/count_reg[2]/D
                            (rising edge-triggered cell FDRE clocked by sys_clk_pin  {rise@0.000ns fall@5.000ns period=10.000ns})
  Path Group:             sys_clk_pin
  Path Type:              Hold (Min at Fast Process Corner)
  Requirement:            0.000ns  (sys_clk_pin rise@0.000ns - sys_clk_pin rise@0.000ns)
  Data Path Delay:        0.401ns  (logic 0.274ns (68.401%)  route 0.127ns (31.599%))
  Logic Levels:           1  (CARRY4=1)
  Clock Path Skew:        0.000ns (DCD - SCD - CPR)
    Destination Clock Delay (DCD):    1.979ns
    Source Clock Delay      (SCD):    1.467ns
    Clock Pessimism Removal (CPR):    0.512ns

    Location             Delay type                Incr(ns)  Path(ns)    Netlist Resource(s)
  -------------------------------------------------------------------    -------------------
                         (clock sys_clk_pin rise edge)
                                                      0.000     0.000 r  
    W5                                                0.000     0.000 r  clk (IN)
                         net (fo=0)                   0.000     0.000    clk
    W5                   IBUF (Prop_ibuf_I_O)         0.226     0.226 r  clk_IBUF_inst/O
                         net (fo=1, routed)           0.631     0.858    clk_IBUF
    BUFGCTRL_X0Y0        BUFG (Prop_bufg_I_O)         0.026     0.884 r  clk_IBUF_BUFG_inst/O
                         net (fo=21, routed)          0.584     1.467    SEVEN_SEGMENT_DISPLAY/DIGIT_SELECTOR/clk_IBUF_BUFG
    SLICE_X60Y21         FDRE                                         r  SEVEN_SEGMENT_DISPLAY/DIGIT_SELECTOR/count_reg[2]/C
  -------------------------------------------------------------------    -------------------
    SLICE_X60Y21         FDRE (Prop_fdre_C_Q)         0.164     1.631 r  SEVEN_SEGMENT_DISPLAY/DIGIT_SELECTOR/count_reg[2]/Q
                         net (fo=5, routed)           0.127     1.758    SEVEN_SEGMENT_DISPLAY/DIGIT_SELECTOR/count_reg[2]
    SLICE_X60Y21         CARRY4 (Prop_carry4_S[2]_O[2])
                                                      0.110     1.868 r  SEVEN_SEGMENT_DISPLAY/DIGIT_SELECTOR/count_reg[0]_i_1/O[2]
                         net (fo=1, routed)           0.000     1.868    SEVEN_SEGMENT_DISPLAY/DIGIT_SELECTOR/count_reg[0]_i_1_n_5
    SLICE_X60Y21         FDRE                                         r  SEVEN_SEGMENT_DISPLAY/DIGIT_SELECTOR/count_reg[2]/D
  -------------------------------------------------------------------    -------------------

                         (clock sys_clk_pin rise edge)
                                                      0.000     0.000 r  
    W5                                                0.000     0.000 r  clk (IN)
                         net (fo=0)                   0.000     0.000    clk
    W5                   IBUF (Prop_ibuf_I_O)         0.414     0.414 r  clk_IBUF_inst/O
                         net (fo=1, routed)           0.685     1.099    clk_IBUF
    BUFGCTRL_X0Y0        BUFG (Prop_bufg_I_O)         0.029     1.128 r  clk_IBUF_BUFG_inst/O
                         net (fo=21, routed)          0.852     1.979    SEVEN_SEGMENT_DISPLAY/DIGIT_SELECTOR/clk_IBUF_BUFG
    SLICE_X60Y21         FDRE                                         r  SEVEN_SEGMENT_DISPLAY/DIGIT_SELECTOR/count_reg[2]/C
                         clock pessimism             -0.512     1.467    
    SLICE_X60Y21         FDRE (Hold_fdre_C_D)         0.134     1.601    SEVEN_SEGMENT_DISPLAY/DIGIT_SELECTOR/count_reg[2]
  -------------------------------------------------------------------
                         required time                         -1.601    
                         arrival time                           1.868    
  -------------------------------------------------------------------
                         slack                                  0.267    

Slack (MET) :             0.267ns  (arrival time - required time)
  Source:                 SEVEN_SEGMENT_DISPLAY/DIGIT_SELECTOR/q_reg[0]/C
                            (rising edge-triggered cell FDSE clocked by sys_clk_pin  {rise@0.000ns fall@5.000ns period=10.000ns})
  Destination:            SEVEN_SEGMENT_DISPLAY/DIGIT_SELECTOR/q_reg[1]/D
                            (rising edge-triggered cell FDSE clocked by sys_clk_pin  {rise@0.000ns fall@5.000ns period=10.000ns})
  Path Group:             sys_clk_pin
  Path Type:              Hold (Min at Fast Process Corner)
  Requirement:            0.000ns  (sys_clk_pin rise@0.000ns - sys_clk_pin rise@0.000ns)
  Data Path Delay:        0.374ns  (logic 0.183ns (48.887%)  route 0.191ns (51.113%))
  Logic Levels:           1  (LUT4=1)
  Clock Path Skew:        0.000ns (DCD - SCD - CPR)
    Destination Clock Delay (DCD):    1.978ns
    Source Clock Delay      (SCD):    1.467ns
    Clock Pessimism Removal (CPR):    0.511ns

    Location             Delay type                Incr(ns)  Path(ns)    Netlist Resource(s)
  -------------------------------------------------------------------    -------------------
                         (clock sys_clk_pin rise edge)
                                                      0.000     0.000 r  
    W5                                                0.000     0.000 r  clk (IN)
                         net (fo=0)                   0.000     0.000    clk
    W5                   IBUF (Prop_ibuf_I_O)         0.226     0.226 r  clk_IBUF_inst/O
                         net (fo=1, routed)           0.631     0.858    clk_IBUF
    BUFGCTRL_X0Y0        BUFG (Prop_bufg_I_O)         0.026     0.884 r  clk_IBUF_BUFG_inst/O
                         net (fo=21, routed)          0.584     1.467    SEVEN_SEGMENT_DISPLAY/DIGIT_SELECTOR/clk_IBUF_BUFG
    SLICE_X61Y22         FDSE                                         r  SEVEN_SEGMENT_DISPLAY/DIGIT_SELECTOR/q_reg[0]/C
  -------------------------------------------------------------------    -------------------
    SLICE_X61Y22         FDSE (Prop_fdse_C_Q)         0.141     1.608 r  SEVEN_SEGMENT_DISPLAY/DIGIT_SELECTOR/q_reg[0]/Q
                         net (fo=10, routed)          0.191     1.799    SEVEN_SEGMENT_DISPLAY/DIGIT_SELECTOR/digit_select[0]
    SLICE_X61Y22         LUT4 (Prop_lut4_I0_O)        0.042     1.841 r  SEVEN_SEGMENT_DISPLAY/DIGIT_SELECTOR/q[1]_i_1/O
                         net (fo=1, routed)           0.000     1.841    SEVEN_SEGMENT_DISPLAY/DIGIT_SELECTOR/q[1]_i_1_n_0
    SLICE_X61Y22         FDSE                                         r  SEVEN_SEGMENT_DISPLAY/DIGIT_SELECTOR/q_reg[1]/D
  -------------------------------------------------------------------    -------------------

                         (clock sys_clk_pin rise edge)
                                                      0.000     0.000 r  
    W5                                                0.000     0.000 r  clk (IN)
                         net (fo=0)                   0.000     0.000    clk
    W5                   IBUF (Prop_ibuf_I_O)         0.414     0.414 r  clk_IBUF_inst/O
                         net (fo=1, routed)           0.685     1.099    clk_IBUF
    BUFGCTRL_X0Y0        BUFG (Prop_bufg_I_O)         0.029     1.128 r  clk_IBUF_BUFG_inst/O
                         net (fo=21, routed)          0.851     1.978    SEVEN_SEGMENT_DISPLAY/DIGIT_SELECTOR/clk_IBUF_BUFG
    SLICE_X61Y22         FDSE                                         r  SEVEN_SEGMENT_DISPLAY/DIGIT_SELECTOR/q_reg[1]/C
                         clock pessimism             -0.511     1.467    
    SLICE_X61Y22         FDSE (Hold_fdse_C_D)         0.107     1.574    SEVEN_SEGMENT_DISPLAY/DIGIT_SELECTOR/q_reg[1]
  -------------------------------------------------------------------
                         required time                         -1.574    
                         arrival time                           1.841    
  -------------------------------------------------------------------
                         slack                                  0.267    

Slack (MET) :             0.275ns  (arrival time - required time)
  Source:                 SEVEN_SEGMENT_DISPLAY/DIGIT_SELECTOR/q_reg[3]/C
                            (rising edge-triggered cell FDRE clocked by sys_clk_pin  {rise@0.000ns fall@5.000ns period=10.000ns})
  Destination:            SEVEN_SEGMENT_DISPLAY/DIGIT_SELECTOR/q_reg[3]/D
                            (rising edge-triggered cell FDRE clocked by sys_clk_pin  {rise@0.000ns fall@5.000ns period=10.000ns})
  Path Group:             sys_clk_pin
  Path Type:              Hold (Min at Fast Process Corner)
  Requirement:            0.000ns  (sys_clk_pin rise@0.000ns - sys_clk_pin rise@0.000ns)
  Data Path Delay:        0.366ns  (logic 0.186ns (50.759%)  route 0.180ns (49.241%))
  Logic Levels:           1  (LUT6=1)
  Clock Path Skew:        0.000ns (DCD - SCD - CPR)
    Destination Clock Delay (DCD):    1.975ns
    Source Clock Delay      (SCD):    1.464ns
    Clock Pessimism Removal (CPR):    0.511ns

    Location             Delay type                Incr(ns)  Path(ns)    Netlist Resource(s)
  -------------------------------------------------------------------    -------------------
                         (clock sys_clk_pin rise edge)
                                                      0.000     0.000 r  
    W5                                                0.000     0.000 r  clk (IN)
                         net (fo=0)                   0.000     0.000    clk
    W5                   IBUF (Prop_ibuf_I_O)         0.226     0.226 r  clk_IBUF_inst/O
                         net (fo=1, routed)           0.631     0.858    clk_IBUF
    BUFGCTRL_X0Y0        BUFG (Prop_bufg_I_O)         0.026     0.884 r  clk_IBUF_BUFG_inst/O
                         net (fo=21, routed)          0.581     1.464    SEVEN_SEGMENT_DISPLAY/DIGIT_SELECTOR/clk_IBUF_BUFG
    SLICE_X61Y24         FDRE                                         r  SEVEN_SEGMENT_DISPLAY/DIGIT_SELECTOR/q_reg[3]/C
  -------------------------------------------------------------------    -------------------
    SLICE_X61Y24         FDRE (Prop_fdre_C_Q)         0.141     1.605 r  SEVEN_SEGMENT_DISPLAY/DIGIT_SELECTOR/q_reg[3]/Q
                         net (fo=9, routed)           0.180     1.786    SEVEN_SEGMENT_DISPLAY/DIGIT_SELECTOR/d[0]
    SLICE_X61Y24         LUT6 (Prop_lut6_I2_O)        0.045     1.831 r  SEVEN_SEGMENT_DISPLAY/DIGIT_SELECTOR/q[3]_i_1/O
                         net (fo=1, routed)           0.000     1.831    SEVEN_SEGMENT_DISPLAY/DIGIT_SELECTOR/q[3]_i_1_n_0
    SLICE_X61Y24         FDRE                                         r  SEVEN_SEGMENT_DISPLAY/DIGIT_SELECTOR/q_reg[3]/D
  -------------------------------------------------------------------    -------------------

                         (clock sys_clk_pin rise edge)
                                                      0.000     0.000 r  
    W5                                                0.000     0.000 r  clk (IN)
                         net (fo=0)                   0.000     0.000    clk
    W5                   IBUF (Prop_ibuf_I_O)         0.414     0.414 r  clk_IBUF_inst/O
                         net (fo=1, routed)           0.685     1.099    clk_IBUF
    BUFGCTRL_X0Y0        BUFG (Prop_bufg_I_O)         0.029     1.128 r  clk_IBUF_BUFG_inst/O
                         net (fo=21, routed)          0.848     1.975    SEVEN_SEGMENT_DISPLAY/DIGIT_SELECTOR/clk_IBUF_BUFG
    SLICE_X61Y24         FDRE                                         r  SEVEN_SEGMENT_DISPLAY/DIGIT_SELECTOR/q_reg[3]/C
                         clock pessimism             -0.511     1.464    
    SLICE_X61Y24         FDRE (Hold_fdre_C_D)         0.091     1.555    SEVEN_SEGMENT_DISPLAY/DIGIT_SELECTOR/q_reg[3]
  -------------------------------------------------------------------
                         required time                         -1.555    
                         arrival time                           1.831    
  -------------------------------------------------------------------
                         slack                                  0.275    

Slack (MET) :             0.286ns  (arrival time - required time)
  Source:                 SEVEN_SEGMENT_DISPLAY/DIGIT_SELECTOR/q_reg[0]/C
                            (rising edge-triggered cell FDSE clocked by sys_clk_pin  {rise@0.000ns fall@5.000ns period=10.000ns})
  Destination:            SEVEN_SEGMENT_DISPLAY/DIGIT_SELECTOR/q_reg[0]/D
                            (rising edge-triggered cell FDSE clocked by sys_clk_pin  {rise@0.000ns fall@5.000ns period=10.000ns})
  Path Group:             sys_clk_pin
  Path Type:              Hold (Min at Fast Process Corner)
  Requirement:            0.000ns  (sys_clk_pin rise@0.000ns - sys_clk_pin rise@0.000ns)
  Data Path Delay:        0.377ns  (logic 0.186ns (49.293%)  route 0.191ns (50.707%))
  Logic Levels:           1  (LUT4=1)
  Clock Path Skew:        0.000ns (DCD - SCD - CPR)
    Destination Clock Delay (DCD):    1.978ns
    Source Clock Delay      (SCD):    1.467ns
    Clock Pessimism Removal (CPR):    0.511ns

    Location             Delay type                Incr(ns)  Path(ns)    Netlist Resource(s)
  -------------------------------------------------------------------    -------------------
                         (clock sys_clk_pin rise edge)
                                                      0.000     0.000 r  
    W5                                                0.000     0.000 r  clk (IN)
                         net (fo=0)                   0.000     0.000    clk
    W5                   IBUF (Prop_ibuf_I_O)         0.226     0.226 r  clk_IBUF_inst/O
                         net (fo=1, routed)           0.631     0.858    clk_IBUF
    BUFGCTRL_X0Y0        BUFG (Prop_bufg_I_O)         0.026     0.884 r  clk_IBUF_BUFG_inst/O
                         net (fo=21, routed)          0.584     1.467    SEVEN_SEGMENT_DISPLAY/DIGIT_SELECTOR/clk_IBUF_BUFG
    SLICE_X61Y22         FDSE                                         r  SEVEN_SEGMENT_DISPLAY/DIGIT_SELECTOR/q_reg[0]/C
  -------------------------------------------------------------------    -------------------
    SLICE_X61Y22         FDSE (Prop_fdse_C_Q)         0.141     1.608 r  SEVEN_SEGMENT_DISPLAY/DIGIT_SELECTOR/q_reg[0]/Q
                         net (fo=10, routed)          0.191     1.799    SEVEN_SEGMENT_DISPLAY/DIGIT_SELECTOR/digit_select[0]
    SLICE_X61Y22         LUT4 (Prop_lut4_I3_O)        0.045     1.844 r  SEVEN_SEGMENT_DISPLAY/DIGIT_SELECTOR/q[0]_i_1/O
                         net (fo=1, routed)           0.000     1.844    SEVEN_SEGMENT_DISPLAY/DIGIT_SELECTOR/q[0]_i_1_n_0
    SLICE_X61Y22         FDSE                                         r  SEVEN_SEGMENT_DISPLAY/DIGIT_SELECTOR/q_reg[0]/D
  -------------------------------------------------------------------    -------------------

                         (clock sys_clk_pin rise edge)
                                                      0.000     0.000 r  
    W5                                                0.000     0.000 r  clk (IN)
                         net (fo=0)                   0.000     0.000    clk
    W5                   IBUF (Prop_ibuf_I_O)         0.414     0.414 r  clk_IBUF_inst/O
                         net (fo=1, routed)           0.685     1.099    clk_IBUF
    BUFGCTRL_X0Y0        BUFG (Prop_bufg_I_O)         0.029     1.128 r  clk_IBUF_BUFG_inst/O
                         net (fo=21, routed)          0.851     1.978    SEVEN_SEGMENT_DISPLAY/DIGIT_SELECTOR/clk_IBUF_BUFG
    SLICE_X61Y22         FDSE                                         r  SEVEN_SEGMENT_DISPLAY/DIGIT_SELECTOR/q_reg[0]/C
                         clock pessimism             -0.511     1.467    
    SLICE_X61Y22         FDSE (Hold_fdse_C_D)         0.091     1.558    SEVEN_SEGMENT_DISPLAY/DIGIT_SELECTOR/q_reg[0]
  -------------------------------------------------------------------
                         required time                         -1.558    
                         arrival time                           1.844    
  -------------------------------------------------------------------
                         slack                                  0.286    

Slack (MET) :             0.289ns  (arrival time - required time)
  Source:                 SEVEN_SEGMENT_DISPLAY/DIGIT_SELECTOR/count_reg[10]/C
                            (rising edge-triggered cell FDRE clocked by sys_clk_pin  {rise@0.000ns fall@5.000ns period=10.000ns})
  Destination:            SEVEN_SEGMENT_DISPLAY/DIGIT_SELECTOR/count_reg[10]/D
                            (rising edge-triggered cell FDRE clocked by sys_clk_pin  {rise@0.000ns fall@5.000ns period=10.000ns})
  Path Group:             sys_clk_pin
  Path Type:              Hold (Min at Fast Process Corner)
  Requirement:            0.000ns  (sys_clk_pin rise@0.000ns - sys_clk_pin rise@0.000ns)
  Data Path Delay:        0.423ns  (logic 0.274ns (64.750%)  route 0.149ns (35.250%))
  Logic Levels:           1  (CARRY4=1)
  Clock Path Skew:        0.000ns (DCD - SCD - CPR)
    Destination Clock Delay (DCD):    1.976ns
    Source Clock Delay      (SCD):    1.465ns
    Clock Pessimism Removal (CPR):    0.511ns

    Location             Delay type                Incr(ns)  Path(ns)    Netlist Resource(s)
  -------------------------------------------------------------------    -------------------
                         (clock sys_clk_pin rise edge)
                                                      0.000     0.000 r  
    W5                                                0.000     0.000 r  clk (IN)
                         net (fo=0)                   0.000     0.000    clk
    W5                   IBUF (Prop_ibuf_I_O)         0.226     0.226 r  clk_IBUF_inst/O
                         net (fo=1, routed)           0.631     0.858    clk_IBUF
    BUFGCTRL_X0Y0        BUFG (Prop_bufg_I_O)         0.026     0.884 r  clk_IBUF_BUFG_inst/O
                         net (fo=21, routed)          0.582     1.465    SEVEN_SEGMENT_DISPLAY/DIGIT_SELECTOR/clk_IBUF_BUFG
    SLICE_X60Y23         FDRE                                         r  SEVEN_SEGMENT_DISPLAY/DIGIT_SELECTOR/count_reg[10]/C
  -------------------------------------------------------------------    -------------------
    SLICE_X60Y23         FDRE (Prop_fdre_C_Q)         0.164     1.629 r  SEVEN_SEGMENT_DISPLAY/DIGIT_SELECTOR/count_reg[10]/Q
                         net (fo=5, routed)           0.149     1.778    SEVEN_SEGMENT_DISPLAY/DIGIT_SELECTOR/count_reg[10]
    SLICE_X60Y23         CARRY4 (Prop_carry4_S[2]_O[2])
                                                      0.110     1.888 r  SEVEN_SEGMENT_DISPLAY/DIGIT_SELECTOR/count_reg[8]_i_1/O[2]
                         net (fo=1, routed)           0.000     1.888    SEVEN_SEGMENT_DISPLAY/DIGIT_SELECTOR/count_reg[8]_i_1_n_5
    SLICE_X60Y23         FDRE                                         r  SEVEN_SEGMENT_DISPLAY/DIGIT_SELECTOR/count_reg[10]/D
  -------------------------------------------------------------------    -------------------

                         (clock sys_clk_pin rise edge)
                                                      0.000     0.000 r  
    W5                                                0.000     0.000 r  clk (IN)
                         net (fo=0)                   0.000     0.000    clk
    W5                   IBUF (Prop_ibuf_I_O)         0.414     0.414 r  clk_IBUF_inst/O
                         net (fo=1, routed)           0.685     1.099    clk_IBUF
    BUFGCTRL_X0Y0        BUFG (Prop_bufg_I_O)         0.029     1.128 r  clk_IBUF_BUFG_inst/O
                         net (fo=21, routed)          0.849     1.976    SEVEN_SEGMENT_DISPLAY/DIGIT_SELECTOR/clk_IBUF_BUFG
    SLICE_X60Y23         FDRE                                         r  SEVEN_SEGMENT_DISPLAY/DIGIT_SELECTOR/count_reg[10]/C
                         clock pessimism             -0.511     1.465    
    SLICE_X60Y23         FDRE (Hold_fdre_C_D)         0.134     1.599    SEVEN_SEGMENT_DISPLAY/DIGIT_SELECTOR/count_reg[10]
  -------------------------------------------------------------------
                         required time                         -1.599    
                         arrival time                           1.888    
  -------------------------------------------------------------------
                         slack                                  0.289    

Slack (MET) :             0.303ns  (arrival time - required time)
  Source:                 SEVEN_SEGMENT_DISPLAY/DIGIT_SELECTOR/count_reg[2]/C
                            (rising edge-triggered cell FDRE clocked by sys_clk_pin  {rise@0.000ns fall@5.000ns period=10.000ns})
  Destination:            SEVEN_SEGMENT_DISPLAY/DIGIT_SELECTOR/count_reg[3]/D
                            (rising edge-triggered cell FDRE clocked by sys_clk_pin  {rise@0.000ns fall@5.000ns period=10.000ns})
  Path Group:             sys_clk_pin
  Path Type:              Hold (Min at Fast Process Corner)
  Requirement:            0.000ns  (sys_clk_pin rise@0.000ns - sys_clk_pin rise@0.000ns)
  Data Path Delay:        0.437ns  (logic 0.310ns (71.007%)  route 0.127ns (28.993%))
  Logic Levels:           1  (CARRY4=1)
  Clock Path Skew:        0.000ns (DCD - SCD - CPR)
    Destination Clock Delay (DCD):    1.979ns
    Source Clock Delay      (SCD):    1.467ns
    Clock Pessimism Removal (CPR):    0.512ns

    Location             Delay type                Incr(ns)  Path(ns)    Netlist Resource(s)
  -------------------------------------------------------------------    -------------------
                         (clock sys_clk_pin rise edge)
                                                      0.000     0.000 r  
    W5                                                0.000     0.000 r  clk (IN)
                         net (fo=0)                   0.000     0.000    clk
    W5                   IBUF (Prop_ibuf_I_O)         0.226     0.226 r  clk_IBUF_inst/O
                         net (fo=1, routed)           0.631     0.858    clk_IBUF
    BUFGCTRL_X0Y0        BUFG (Prop_bufg_I_O)         0.026     0.884 r  clk_IBUF_BUFG_inst/O
                         net (fo=21, routed)          0.584     1.467    SEVEN_SEGMENT_DISPLAY/DIGIT_SELECTOR/clk_IBUF_BUFG
    SLICE_X60Y21         FDRE                                         r  SEVEN_SEGMENT_DISPLAY/DIGIT_SELECTOR/count_reg[2]/C
  -------------------------------------------------------------------    -------------------
    SLICE_X60Y21         FDRE (Prop_fdre_C_Q)         0.164     1.631 r  SEVEN_SEGMENT_DISPLAY/DIGIT_SELECTOR/count_reg[2]/Q
                         net (fo=5, routed)           0.127     1.758    SEVEN_SEGMENT_DISPLAY/DIGIT_SELECTOR/count_reg[2]
    SLICE_X60Y21         CARRY4 (Prop_carry4_S[2]_O[3])
                                                      0.146     1.904 r  SEVEN_SEGMENT_DISPLAY/DIGIT_SELECTOR/count_reg[0]_i_1/O[3]
                         net (fo=1, routed)           0.000     1.904    SEVEN_SEGMENT_DISPLAY/DIGIT_SELECTOR/count_reg[0]_i_1_n_4
    SLICE_X60Y21         FDRE                                         r  SEVEN_SEGMENT_DISPLAY/DIGIT_SELECTOR/count_reg[3]/D
  -------------------------------------------------------------------    -------------------

                         (clock sys_clk_pin rise edge)
                                                      0.000     0.000 r  
    W5                                                0.000     0.000 r  clk (IN)
                         net (fo=0)                   0.000     0.000    clk
    W5                   IBUF (Prop_ibuf_I_O)         0.414     0.414 r  clk_IBUF_inst/O
                         net (fo=1, routed)           0.685     1.099    clk_IBUF
    BUFGCTRL_X0Y0        BUFG (Prop_bufg_I_O)         0.029     1.128 r  clk_IBUF_BUFG_inst/O
                         net (fo=21, routed)          0.852     1.979    SEVEN_SEGMENT_DISPLAY/DIGIT_SELECTOR/clk_IBUF_BUFG
    SLICE_X60Y21         FDRE                                         r  SEVEN_SEGMENT_DISPLAY/DIGIT_SELECTOR/count_reg[3]/C
                         clock pessimism             -0.512     1.467    
    SLICE_X60Y21         FDRE (Hold_fdre_C_D)         0.134     1.601    SEVEN_SEGMENT_DISPLAY/DIGIT_SELECTOR/count_reg[3]
  -------------------------------------------------------------------
                         required time                         -1.601    
                         arrival time                           1.904    
  -------------------------------------------------------------------
                         slack                                  0.303    

Slack (MET) :             0.320ns  (arrival time - required time)
  Source:                 SEVEN_SEGMENT_DISPLAY/DIGIT_SELECTOR/count_reg[0]/C
                            (rising edge-triggered cell FDRE clocked by sys_clk_pin  {rise@0.000ns fall@5.000ns period=10.000ns})
  Destination:            SEVEN_SEGMENT_DISPLAY/DIGIT_SELECTOR/count_reg[0]/D
                            (rising edge-triggered cell FDRE clocked by sys_clk_pin  {rise@0.000ns fall@5.000ns period=10.000ns})
  Path Group:             sys_clk_pin
  Path Type:              Hold (Min at Fast Process Corner)
  Requirement:            0.000ns  (sys_clk_pin rise@0.000ns - sys_clk_pin rise@0.000ns)
  Data Path Delay:        0.454ns  (logic 0.279ns (61.413%)  route 0.175ns (38.587%))
  Logic Levels:           2  (CARRY4=1 LUT1=1)
  Clock Path Skew:        0.000ns (DCD - SCD - CPR)
    Destination Clock Delay (DCD):    1.979ns
    Source Clock Delay      (SCD):    1.467ns
    Clock Pessimism Removal (CPR):    0.512ns

    Location             Delay type                Incr(ns)  Path(ns)    Netlist Resource(s)
  -------------------------------------------------------------------    -------------------
                         (clock sys_clk_pin rise edge)
                                                      0.000     0.000 r  
    W5                                                0.000     0.000 r  clk (IN)
                         net (fo=0)                   0.000     0.000    clk
    W5                   IBUF (Prop_ibuf_I_O)         0.226     0.226 r  clk_IBUF_inst/O
                         net (fo=1, routed)           0.631     0.858    clk_IBUF
    BUFGCTRL_X0Y0        BUFG (Prop_bufg_I_O)         0.026     0.884 r  clk_IBUF_BUFG_inst/O
                         net (fo=21, routed)          0.584     1.467    SEVEN_SEGMENT_DISPLAY/DIGIT_SELECTOR/clk_IBUF_BUFG
    SLICE_X60Y21         FDRE                                         r  SEVEN_SEGMENT_DISPLAY/DIGIT_SELECTOR/count_reg[0]/C
  -------------------------------------------------------------------    -------------------
    SLICE_X60Y21         FDRE (Prop_fdre_C_Q)         0.164     1.631 f  SEVEN_SEGMENT_DISPLAY/DIGIT_SELECTOR/count_reg[0]/Q
                         net (fo=3, routed)           0.175     1.806    SEVEN_SEGMENT_DISPLAY/DIGIT_SELECTOR/count_reg[0]
    SLICE_X60Y21         LUT1 (Prop_lut1_I0_O)        0.045     1.851 r  SEVEN_SEGMENT_DISPLAY/DIGIT_SELECTOR/count[0]_i_2/O
                         net (fo=1, routed)           0.000     1.851    SEVEN_SEGMENT_DISPLAY/DIGIT_SELECTOR/count[0]_i_2_n_0
    SLICE_X60Y21         CARRY4 (Prop_carry4_S[0]_O[0])
                                                      0.070     1.921 r  SEVEN_SEGMENT_DISPLAY/DIGIT_SELECTOR/count_reg[0]_i_1/O[0]
                         net (fo=1, routed)           0.000     1.921    SEVEN_SEGMENT_DISPLAY/DIGIT_SELECTOR/count_reg[0]_i_1_n_7
    SLICE_X60Y21         FDRE                                         r  SEVEN_SEGMENT_DISPLAY/DIGIT_SELECTOR/count_reg[0]/D
  -------------------------------------------------------------------    -------------------

                         (clock sys_clk_pin rise edge)
                                                      0.000     0.000 r  
    W5                                                0.000     0.000 r  clk (IN)
                         net (fo=0)                   0.000     0.000    clk
    W5                   IBUF (Prop_ibuf_I_O)         0.414     0.414 r  clk_IBUF_inst/O
                         net (fo=1, routed)           0.685     1.099    clk_IBUF
    BUFGCTRL_X0Y0        BUFG (Prop_bufg_I_O)         0.029     1.128 r  clk_IBUF_BUFG_inst/O
                         net (fo=21, routed)          0.852     1.979    SEVEN_SEGMENT_DISPLAY/DIGIT_SELECTOR/clk_IBUF_BUFG
    SLICE_X60Y21         FDRE                                         r  SEVEN_SEGMENT_DISPLAY/DIGIT_SELECTOR/count_reg[0]/C
                         clock pessimism             -0.512     1.467    
    SLICE_X60Y21         FDRE (Hold_fdre_C_D)         0.134     1.601    SEVEN_SEGMENT_DISPLAY/DIGIT_SELECTOR/count_reg[0]
  -------------------------------------------------------------------
                         required time                         -1.601    
                         arrival time                           1.921    
  -------------------------------------------------------------------
                         slack                                  0.320    

Slack (MET) :             0.321ns  (arrival time - required time)
  Source:                 SEVEN_SEGMENT_DISPLAY/DIGIT_SELECTOR/count_reg[14]/C
                            (rising edge-triggered cell FDRE clocked by sys_clk_pin  {rise@0.000ns fall@5.000ns period=10.000ns})
  Destination:            SEVEN_SEGMENT_DISPLAY/DIGIT_SELECTOR/count_reg[14]/D
                            (rising edge-triggered cell FDRE clocked by sys_clk_pin  {rise@0.000ns fall@5.000ns period=10.000ns})
  Path Group:             sys_clk_pin
  Path Type:              Hold (Min at Fast Process Corner)
  Requirement:            0.000ns  (sys_clk_pin rise@0.000ns - sys_clk_pin rise@0.000ns)
  Data Path Delay:        0.455ns  (logic 0.274ns (60.283%)  route 0.181ns (39.717%))
  Logic Levels:           1  (CARRY4=1)
  Clock Path Skew:        0.000ns (DCD - SCD - CPR)
    Destination Clock Delay (DCD):    1.975ns
    Source Clock Delay      (SCD):    1.464ns
    Clock Pessimism Removal (CPR):    0.511ns

    Location             Delay type                Incr(ns)  Path(ns)    Netlist Resource(s)
  -------------------------------------------------------------------    -------------------
                         (clock sys_clk_pin rise edge)
                                                      0.000     0.000 r  
    W5                                                0.000     0.000 r  clk (IN)
                         net (fo=0)                   0.000     0.000    clk
    W5                   IBUF (Prop_ibuf_I_O)         0.226     0.226 r  clk_IBUF_inst/O
                         net (fo=1, routed)           0.631     0.858    clk_IBUF
    BUFGCTRL_X0Y0        BUFG (Prop_bufg_I_O)         0.026     0.884 r  clk_IBUF_BUFG_inst/O
                         net (fo=21, routed)          0.581     1.464    SEVEN_SEGMENT_DISPLAY/DIGIT_SELECTOR/clk_IBUF_BUFG
    SLICE_X60Y24         FDRE                                         r  SEVEN_SEGMENT_DISPLAY/DIGIT_SELECTOR/count_reg[14]/C
  -------------------------------------------------------------------    -------------------
    SLICE_X60Y24         FDRE (Prop_fdre_C_Q)         0.164     1.628 r  SEVEN_SEGMENT_DISPLAY/DIGIT_SELECTOR/count_reg[14]/Q
                         net (fo=3, routed)           0.181     1.809    SEVEN_SEGMENT_DISPLAY/DIGIT_SELECTOR/count_reg[14]
    SLICE_X60Y24         CARRY4 (Prop_carry4_S[2]_O[2])
                                                      0.110     1.919 r  SEVEN_SEGMENT_DISPLAY/DIGIT_SELECTOR/count_reg[12]_i_1/O[2]
                         net (fo=1, routed)           0.000     1.919    SEVEN_SEGMENT_DISPLAY/DIGIT_SELECTOR/count_reg[12]_i_1_n_5
    SLICE_X60Y24         FDRE                                         r  SEVEN_SEGMENT_DISPLAY/DIGIT_SELECTOR/count_reg[14]/D
  -------------------------------------------------------------------    -------------------

                         (clock sys_clk_pin rise edge)
                                                      0.000     0.000 r  
    W5                                                0.000     0.000 r  clk (IN)
                         net (fo=0)                   0.000     0.000    clk
    W5                   IBUF (Prop_ibuf_I_O)         0.414     0.414 r  clk_IBUF_inst/O
                         net (fo=1, routed)           0.685     1.099    clk_IBUF
    BUFGCTRL_X0Y0        BUFG (Prop_bufg_I_O)         0.029     1.128 r  clk_IBUF_BUFG_inst/O
                         net (fo=21, routed)          0.848     1.975    SEVEN_SEGMENT_DISPLAY/DIGIT_SELECTOR/clk_IBUF_BUFG
    SLICE_X60Y24         FDRE                                         r  SEVEN_SEGMENT_DISPLAY/DIGIT_SELECTOR/count_reg[14]/C
                         clock pessimism             -0.511     1.464    
    SLICE_X60Y24         FDRE (Hold_fdre_C_D)         0.134     1.598    SEVEN_SEGMENT_DISPLAY/DIGIT_SELECTOR/count_reg[14]
  -------------------------------------------------------------------
                         required time                         -1.598    
                         arrival time                           1.919    
  -------------------------------------------------------------------
                         slack                                  0.321    

Slack (MET) :             0.321ns  (arrival time - required time)
  Source:                 SEVEN_SEGMENT_DISPLAY/DIGIT_SELECTOR/count_reg[6]/C
                            (rising edge-triggered cell FDRE clocked by sys_clk_pin  {rise@0.000ns fall@5.000ns period=10.000ns})
  Destination:            SEVEN_SEGMENT_DISPLAY/DIGIT_SELECTOR/count_reg[6]/D
                            (rising edge-triggered cell FDRE clocked by sys_clk_pin  {rise@0.000ns fall@5.000ns period=10.000ns})
  Path Group:             sys_clk_pin
  Path Type:              Hold (Min at Fast Process Corner)
  Requirement:            0.000ns  (sys_clk_pin rise@0.000ns - sys_clk_pin rise@0.000ns)
  Data Path Delay:        0.455ns  (logic 0.274ns (60.283%)  route 0.181ns (39.717%))
  Logic Levels:           1  (CARRY4=1)
  Clock Path Skew:        0.000ns (DCD - SCD - CPR)
    Destination Clock Delay (DCD):    1.978ns
    Source Clock Delay      (SCD):    1.467ns
    Clock Pessimism Removal (CPR):    0.511ns

    Location             Delay type                Incr(ns)  Path(ns)    Netlist Resource(s)
  -------------------------------------------------------------------    -------------------
                         (clock sys_clk_pin rise edge)
                                                      0.000     0.000 r  
    W5                                                0.000     0.000 r  clk (IN)
                         net (fo=0)                   0.000     0.000    clk
    W5                   IBUF (Prop_ibuf_I_O)         0.226     0.226 r  clk_IBUF_inst/O
                         net (fo=1, routed)           0.631     0.858    clk_IBUF
    BUFGCTRL_X0Y0        BUFG (Prop_bufg_I_O)         0.026     0.884 r  clk_IBUF_BUFG_inst/O
                         net (fo=21, routed)          0.584     1.467    SEVEN_SEGMENT_DISPLAY/DIGIT_SELECTOR/clk_IBUF_BUFG
    SLICE_X60Y22         FDRE                                         r  SEVEN_SEGMENT_DISPLAY/DIGIT_SELECTOR/count_reg[6]/C
  -------------------------------------------------------------------    -------------------
    SLICE_X60Y22         FDRE (Prop_fdre_C_Q)         0.164     1.631 r  SEVEN_SEGMENT_DISPLAY/DIGIT_SELECTOR/count_reg[6]/Q
                         net (fo=3, routed)           0.181     1.812    SEVEN_SEGMENT_DISPLAY/DIGIT_SELECTOR/count_reg[6]
    SLICE_X60Y22         CARRY4 (Prop_carry4_S[2]_O[2])
                                                      0.110     1.922 r  SEVEN_SEGMENT_DISPLAY/DIGIT_SELECTOR/count_reg[4]_i_1/O[2]
                         net (fo=1, routed)           0.000     1.922    SEVEN_SEGMENT_DISPLAY/DIGIT_SELECTOR/count_reg[4]_i_1_n_5
    SLICE_X60Y22         FDRE                                         r  SEVEN_SEGMENT_DISPLAY/DIGIT_SELECTOR/count_reg[6]/D
  -------------------------------------------------------------------    -------------------

                         (clock sys_clk_pin rise edge)
                                                      0.000     0.000 r  
    W5                                                0.000     0.000 r  clk (IN)
                         net (fo=0)                   0.000     0.000    clk
    W5                   IBUF (Prop_ibuf_I_O)         0.414     0.414 r  clk_IBUF_inst/O
                         net (fo=1, routed)           0.685     1.099    clk_IBUF
    BUFGCTRL_X0Y0        BUFG (Prop_bufg_I_O)         0.029     1.128 r  clk_IBUF_BUFG_inst/O
                         net (fo=21, routed)          0.851     1.978    SEVEN_SEGMENT_DISPLAY/DIGIT_SELECTOR/clk_IBUF_BUFG
    SLICE_X60Y22         FDRE                                         r  SEVEN_SEGMENT_DISPLAY/DIGIT_SELECTOR/count_reg[6]/C
                         clock pessimism             -0.511     1.467    
    SLICE_X60Y22         FDRE (Hold_fdre_C_D)         0.134     1.601    SEVEN_SEGMENT_DISPLAY/DIGIT_SELECTOR/count_reg[6]
  -------------------------------------------------------------------
                         required time                         -1.601    
                         arrival time                           1.922    
  -------------------------------------------------------------------
                         slack                                  0.321    

Slack (MET) :             0.325ns  (arrival time - required time)
  Source:                 SEVEN_SEGMENT_DISPLAY/DIGIT_SELECTOR/count_reg[10]/C
                            (rising edge-triggered cell FDRE clocked by sys_clk_pin  {rise@0.000ns fall@5.000ns period=10.000ns})
  Destination:            SEVEN_SEGMENT_DISPLAY/DIGIT_SELECTOR/count_reg[11]/D
                            (rising edge-triggered cell FDRE clocked by sys_clk_pin  {rise@0.000ns fall@5.000ns period=10.000ns})
  Path Group:             sys_clk_pin
  Path Type:              Hold (Min at Fast Process Corner)
  Requirement:            0.000ns  (sys_clk_pin rise@0.000ns - sys_clk_pin rise@0.000ns)
  Data Path Delay:        0.459ns  (logic 0.310ns (67.514%)  route 0.149ns (32.486%))
  Logic Levels:           1  (CARRY4=1)
  Clock Path Skew:        0.000ns (DCD - SCD - CPR)
    Destination Clock Delay (DCD):    1.976ns
    Source Clock Delay      (SCD):    1.465ns
    Clock Pessimism Removal (CPR):    0.511ns

    Location             Delay type                Incr(ns)  Path(ns)    Netlist Resource(s)
  -------------------------------------------------------------------    -------------------
                         (clock sys_clk_pin rise edge)
                                                      0.000     0.000 r  
    W5                                                0.000     0.000 r  clk (IN)
                         net (fo=0)                   0.000     0.000    clk
    W5                   IBUF (Prop_ibuf_I_O)         0.226     0.226 r  clk_IBUF_inst/O
                         net (fo=1, routed)           0.631     0.858    clk_IBUF
    BUFGCTRL_X0Y0        BUFG (Prop_bufg_I_O)         0.026     0.884 r  clk_IBUF_BUFG_inst/O
                         net (fo=21, routed)          0.582     1.465    SEVEN_SEGMENT_DISPLAY/DIGIT_SELECTOR/clk_IBUF_BUFG
    SLICE_X60Y23         FDRE                                         r  SEVEN_SEGMENT_DISPLAY/DIGIT_SELECTOR/count_reg[10]/C
  -------------------------------------------------------------------    -------------------
    SLICE_X60Y23         FDRE (Prop_fdre_C_Q)         0.164     1.629 r  SEVEN_SEGMENT_DISPLAY/DIGIT_SELECTOR/count_reg[10]/Q
                         net (fo=5, routed)           0.149     1.778    SEVEN_SEGMENT_DISPLAY/DIGIT_SELECTOR/count_reg[10]
    SLICE_X60Y23         CARRY4 (Prop_carry4_S[2]_O[3])
                                                      0.146     1.924 r  SEVEN_SEGMENT_DISPLAY/DIGIT_SELECTOR/count_reg[8]_i_1/O[3]
                         net (fo=1, routed)           0.000     1.924    SEVEN_SEGMENT_DISPLAY/DIGIT_SELECTOR/count_reg[8]_i_1_n_4
    SLICE_X60Y23         FDRE                                         r  SEVEN_SEGMENT_DISPLAY/DIGIT_SELECTOR/count_reg[11]/D
  -------------------------------------------------------------------    -------------------

                         (clock sys_clk_pin rise edge)
                                                      0.000     0.000 r  
    W5                                                0.000     0.000 r  clk (IN)
                         net (fo=0)                   0.000     0.000    clk
    W5                   IBUF (Prop_ibuf_I_O)         0.414     0.414 r  clk_IBUF_inst/O
                         net (fo=1, routed)           0.685     1.099    clk_IBUF
    BUFGCTRL_X0Y0        BUFG (Prop_bufg_I_O)         0.029     1.128 r  clk_IBUF_BUFG_inst/O
                         net (fo=21, routed)          0.849     1.976    SEVEN_SEGMENT_DISPLAY/DIGIT_SELECTOR/clk_IBUF_BUFG
    SLICE_X60Y23         FDRE                                         r  SEVEN_SEGMENT_DISPLAY/DIGIT_SELECTOR/count_reg[11]/C
                         clock pessimism             -0.511     1.465    
    SLICE_X60Y23         FDRE (Hold_fdre_C_D)         0.134     1.599    SEVEN_SEGMENT_DISPLAY/DIGIT_SELECTOR/count_reg[11]
  -------------------------------------------------------------------
                         required time                         -1.599    
                         arrival time                           1.924    
  -------------------------------------------------------------------
                         slack                                  0.325    





Pulse Width Checks
--------------------------------------------------------------------------------------
Clock Name:         sys_clk_pin
Waveform(ns):       { 0.000 5.000 }
Period(ns):         10.000
Sources:            { clk }

Check Type        Corner  Lib Pin  Reference Pin  Required(ns)  Actual(ns)  Slack(ns)  Location       Pin
Min Period        n/a     BUFG/I   n/a            2.155         10.000      7.845      BUFGCTRL_X0Y0  clk_IBUF_BUFG_inst/I
Min Period        n/a     FDRE/C   n/a            1.000         10.000      9.000      SLICE_X60Y21   SEVEN_SEGMENT_DISPLAY/DIGIT_SELECTOR/count_reg[0]/C
Min Period        n/a     FDRE/C   n/a            1.000         10.000      9.000      SLICE_X60Y23   SEVEN_SEGMENT_DISPLAY/DIGIT_SELECTOR/count_reg[10]/C
Min Period        n/a     FDRE/C   n/a            1.000         10.000      9.000      SLICE_X60Y23   SEVEN_SEGMENT_DISPLAY/DIGIT_SELECTOR/count_reg[11]/C
Min Period        n/a     FDRE/C   n/a            1.000         10.000      9.000      SLICE_X60Y24   SEVEN_SEGMENT_DISPLAY/DIGIT_SELECTOR/count_reg[12]/C
Min Period        n/a     FDRE/C   n/a            1.000         10.000      9.000      SLICE_X60Y24   SEVEN_SEGMENT_DISPLAY/DIGIT_SELECTOR/count_reg[13]/C
Min Period        n/a     FDRE/C   n/a            1.000         10.000      9.000      SLICE_X60Y24   SEVEN_SEGMENT_DISPLAY/DIGIT_SELECTOR/count_reg[14]/C
Min Period        n/a     FDRE/C   n/a            1.000         10.000      9.000      SLICE_X60Y24   SEVEN_SEGMENT_DISPLAY/DIGIT_SELECTOR/count_reg[15]/C
Min Period        n/a     FDRE/C   n/a            1.000         10.000      9.000      SLICE_X60Y25   SEVEN_SEGMENT_DISPLAY/DIGIT_SELECTOR/count_reg[16]/C
Min Period        n/a     FDRE/C   n/a            1.000         10.000      9.000      SLICE_X60Y21   SEVEN_SEGMENT_DISPLAY/DIGIT_SELECTOR/count_reg[1]/C
Low Pulse Width   Slow    FDRE/C   n/a            0.500         5.000       4.500      SLICE_X60Y21   SEVEN_SEGMENT_DISPLAY/DIGIT_SELECTOR/count_reg[0]/C
Low Pulse Width   Fast    FDRE/C   n/a            0.500         5.000       4.500      SLICE_X60Y21   SEVEN_SEGMENT_DISPLAY/DIGIT_SELECTOR/count_reg[0]/C
Low Pulse Width   Slow    FDRE/C   n/a            0.500         5.000       4.500      SLICE_X60Y23   SEVEN_SEGMENT_DISPLAY/DIGIT_SELECTOR/count_reg[10]/C
Low Pulse Width   Fast    FDRE/C   n/a            0.500         5.000       4.500      SLICE_X60Y23   SEVEN_SEGMENT_DISPLAY/DIGIT_SELECTOR/count_reg[10]/C
Low Pulse Width   Slow    FDRE/C   n/a            0.500         5.000       4.500      SLICE_X60Y23   SEVEN_SEGMENT_DISPLAY/DIGIT_SELECTOR/count_reg[11]/C
Low Pulse Width   Fast    FDRE/C   n/a            0.500         5.000       4.500      SLICE_X60Y23   SEVEN_SEGMENT_DISPLAY/DIGIT_SELECTOR/count_reg[11]/C
Low Pulse Width   Slow    FDRE/C   n/a            0.500         5.000       4.500      SLICE_X60Y24   SEVEN_SEGMENT_DISPLAY/DIGIT_SELECTOR/count_reg[12]/C
Low Pulse Width   Fast    FDRE/C   n/a            0.500         5.000       4.500      SLICE_X60Y24   SEVEN_SEGMENT_DISPLAY/DIGIT_SELECTOR/count_reg[12]/C
Low Pulse Width   Slow    FDRE/C   n/a            0.500         5.000       4.500      SLICE_X60Y24   SEVEN_SEGMENT_DISPLAY/DIGIT_SELECTOR/count_reg[13]/C
Low Pulse Width   Fast    FDRE/C   n/a            0.500         5.000       4.500      SLICE_X60Y24   SEVEN_SEGMENT_DISPLAY/DIGIT_SELECTOR/count_reg[13]/C
High Pulse Width  Slow    FDRE/C   n/a            0.500         5.000       4.500      SLICE_X60Y21   SEVEN_SEGMENT_DISPLAY/DIGIT_SELECTOR/count_reg[0]/C
High Pulse Width  Fast    FDRE/C   n/a            0.500         5.000       4.500      SLICE_X60Y21   SEVEN_SEGMENT_DISPLAY/DIGIT_SELECTOR/count_reg[0]/C
High Pulse Width  Slow    FDRE/C   n/a            0.500         5.000       4.500      SLICE_X60Y23   SEVEN_SEGMENT_DISPLAY/DIGIT_SELECTOR/count_reg[10]/C
High Pulse Width  Fast    FDRE/C   n/a            0.500         5.000       4.500      SLICE_X60Y23   SEVEN_SEGMENT_DISPLAY/DIGIT_SELECTOR/count_reg[10]/C
High Pulse Width  Slow    FDRE/C   n/a            0.500         5.000       4.500      SLICE_X60Y23   SEVEN_SEGMENT_DISPLAY/DIGIT_SELECTOR/count_reg[11]/C
High Pulse Width  Fast    FDRE/C   n/a            0.500         5.000       4.500      SLICE_X60Y23   SEVEN_SEGMENT_DISPLAY/DIGIT_SELECTOR/count_reg[11]/C
High Pulse Width  Slow    FDRE/C   n/a            0.500         5.000       4.500      SLICE_X60Y24   SEVEN_SEGMENT_DISPLAY/DIGIT_SELECTOR/count_reg[12]/C
High Pulse Width  Fast    FDRE/C   n/a            0.500         5.000       4.500      SLICE_X60Y24   SEVEN_SEGMENT_DISPLAY/DIGIT_SELECTOR/count_reg[12]/C
High Pulse Width  Slow    FDRE/C   n/a            0.500         5.000       4.500      SLICE_X60Y24   SEVEN_SEGMENT_DISPLAY/DIGIT_SELECTOR/count_reg[13]/C
High Pulse Width  Fast    FDRE/C   n/a            0.500         5.000       4.500      SLICE_X60Y24   SEVEN_SEGMENT_DISPLAY/DIGIT_SELECTOR/count_reg[13]/C



--------------------------------------------------------------------------------------
Path Group:  (none)
From Clock:  
  To Clock:  

Max Delay            23 Endpoints
Min Delay            23 Endpoints
--------------------------------------------------------------------------------------


Max Delay Paths
--------------------------------------------------------------------------------------
Slack:                    inf
  Source:                 switches_inputs[4]
                            (input port)
  Destination:            CF
                            (output port)
  Path Group:             (none)
  Path Type:              Max at Slow Process Corner
  Data Path Delay:        13.394ns  (logic 5.783ns (43.176%)  route 7.611ns (56.824%))
  Logic Levels:           5  (IBUF=1 LUT4=1 LUT5=2 OBUF=1)

    Location             Delay type                Incr(ns)  Path(ns)    Netlist Resource(s)
  -------------------------------------------------------------------    -------------------
    W15                                               0.000     0.000 r  switches_inputs[4] (IN)
                         net (fo=0)                   0.000     0.000    switches_inputs[4]
    W15                  IBUF (Prop_ibuf_I_O)         1.451     1.451 r  switches_inputs_IBUF[4]_inst/O
                         net (fo=2, routed)           3.612     5.062    SEVEN_SEGMENT_DISPLAY/DIGIT_SELECTOR/led_OBUF[4]
    SLICE_X61Y22         LUT4 (Prop_lut4_I0_O)        0.124     5.186 r  SEVEN_SEGMENT_DISPLAY/DIGIT_SELECTOR/CA_OBUF_inst_i_7/O
                         net (fo=2, routed)           1.115     6.301    SEVEN_SEGMENT_DISPLAY/DIGIT_SELECTOR/CA_OBUF_inst_i_7_n_0
    SLICE_X64Y24         LUT5 (Prop_lut5_I4_O)        0.150     6.451 f  SEVEN_SEGMENT_DISPLAY/DIGIT_SELECTOR/CA_OBUF_inst_i_3/O
                         net (fo=6, routed)           1.015     7.467    SEVEN_SEGMENT_DISPLAY/DIGIT_SELECTOR/CA_OBUF_inst_i_3_n_0
    SLICE_X64Y23         LUT5 (Prop_lut5_I3_O)        0.350     7.817 r  SEVEN_SEGMENT_DISPLAY/DIGIT_SELECTOR/CF_OBUF_inst_i_1/O
                         net (fo=1, routed)           1.869     9.686    CF_OBUF
    V5                   OBUF (Prop_obuf_I_O)         3.708    13.394 r  CF_OBUF_inst/O
                         net (fo=0)                   0.000    13.394    CF
    V5                                                                r  CF (OUT)
  -------------------------------------------------------------------    -------------------

Slack:                    inf
  Source:                 switches_inputs[4]
                            (input port)
  Destination:            CD
                            (output port)
  Path Group:             (none)
  Path Type:              Max at Slow Process Corner
  Data Path Delay:        13.382ns  (logic 5.840ns (43.642%)  route 7.542ns (56.358%))
  Logic Levels:           5  (IBUF=1 LUT4=1 LUT5=2 OBUF=1)

    Location             Delay type                Incr(ns)  Path(ns)    Netlist Resource(s)
  -------------------------------------------------------------------    -------------------
    W15                                               0.000     0.000 f  switches_inputs[4] (IN)
                         net (fo=0)                   0.000     0.000    switches_inputs[4]
    W15                  IBUF (Prop_ibuf_I_O)         1.451     1.451 f  switches_inputs_IBUF[4]_inst/O
                         net (fo=2, routed)           3.612     5.062    SEVEN_SEGMENT_DISPLAY/DIGIT_SELECTOR/led_OBUF[4]
    SLICE_X61Y22         LUT4 (Prop_lut4_I0_O)        0.124     5.186 f  SEVEN_SEGMENT_DISPLAY/DIGIT_SELECTOR/CA_OBUF_inst_i_7/O
                         net (fo=2, routed)           1.115     6.301    SEVEN_SEGMENT_DISPLAY/DIGIT_SELECTOR/CA_OBUF_inst_i_7_n_0
    SLICE_X64Y24         LUT5 (Prop_lut5_I4_O)        0.150     6.451 r  SEVEN_SEGMENT_DISPLAY/DIGIT_SELECTOR/CA_OBUF_inst_i_3/O
                         net (fo=6, routed)           1.007     7.459    SEVEN_SEGMENT_DISPLAY/DIGIT_SELECTOR/CA_OBUF_inst_i_3_n_0
    SLICE_X64Y23         LUT5 (Prop_lut5_I1_O)        0.356     7.815 r  SEVEN_SEGMENT_DISPLAY/DIGIT_SELECTOR/CD_OBUF_inst_i_1/O
                         net (fo=1, routed)           1.808     9.623    CD_OBUF
    V8                   OBUF (Prop_obuf_I_O)         3.760    13.382 r  CD_OBUF_inst/O
                         net (fo=0)                   0.000    13.382    CD
    V8                                                                r  CD (OUT)
  -------------------------------------------------------------------    -------------------

Slack:                    inf
  Source:                 switches_inputs[4]
                            (input port)
  Destination:            CG
                            (output port)
  Path Group:             (none)
  Path Type:              Max at Slow Process Corner
  Data Path Delay:        13.191ns  (logic 5.584ns (42.333%)  route 7.607ns (57.667%))
  Logic Levels:           5  (IBUF=1 LUT4=1 LUT5=2 OBUF=1)

    Location             Delay type                Incr(ns)  Path(ns)    Netlist Resource(s)
  -------------------------------------------------------------------    -------------------
    W15                                               0.000     0.000 f  switches_inputs[4] (IN)
                         net (fo=0)                   0.000     0.000    switches_inputs[4]
    W15                  IBUF (Prop_ibuf_I_O)         1.451     1.451 f  switches_inputs_IBUF[4]_inst/O
                         net (fo=2, routed)           3.612     5.062    SEVEN_SEGMENT_DISPLAY/DIGIT_SELECTOR/led_OBUF[4]
    SLICE_X61Y22         LUT4 (Prop_lut4_I0_O)        0.124     5.186 f  SEVEN_SEGMENT_DISPLAY/DIGIT_SELECTOR/CA_OBUF_inst_i_7/O
                         net (fo=2, routed)           1.115     6.301    SEVEN_SEGMENT_DISPLAY/DIGIT_SELECTOR/CA_OBUF_inst_i_7_n_0
    SLICE_X64Y24         LUT5 (Prop_lut5_I4_O)        0.150     6.451 r  SEVEN_SEGMENT_DISPLAY/DIGIT_SELECTOR/CA_OBUF_inst_i_3/O
                         net (fo=6, routed)           0.808     7.260    SEVEN_SEGMENT_DISPLAY/DIGIT_SELECTOR/CA_OBUF_inst_i_3_n_0
    SLICE_X64Y23         LUT5 (Prop_lut5_I2_O)        0.328     7.588 r  SEVEN_SEGMENT_DISPLAY/DIGIT_SELECTOR/CG_OBUF_inst_i_1/O
                         net (fo=1, routed)           2.072     9.660    CG_OBUF
    U7                   OBUF (Prop_obuf_I_O)         3.531    13.191 r  CG_OBUF_inst/O
                         net (fo=0)                   0.000    13.191    CG
    U7                                                                r  CG (OUT)
  -------------------------------------------------------------------    -------------------

Slack:                    inf
  Source:                 switches_inputs[4]
                            (input port)
  Destination:            CA
                            (output port)
  Path Group:             (none)
  Path Type:              Max at Slow Process Corner
  Data Path Delay:        13.011ns  (logic 5.799ns (44.573%)  route 7.212ns (55.427%))
  Logic Levels:           5  (IBUF=1 LUT4=1 LUT5=2 OBUF=1)

    Location             Delay type                Incr(ns)  Path(ns)    Netlist Resource(s)
  -------------------------------------------------------------------    -------------------
    W15                                               0.000     0.000 f  switches_inputs[4] (IN)
                         net (fo=0)                   0.000     0.000    switches_inputs[4]
    W15                  IBUF (Prop_ibuf_I_O)         1.451     1.451 f  switches_inputs_IBUF[4]_inst/O
                         net (fo=2, routed)           3.612     5.062    SEVEN_SEGMENT_DISPLAY/DIGIT_SELECTOR/led_OBUF[4]
    SLICE_X61Y22         LUT4 (Prop_lut4_I0_O)        0.124     5.186 f  SEVEN_SEGMENT_DISPLAY/DIGIT_SELECTOR/CA_OBUF_inst_i_7/O
                         net (fo=2, routed)           1.115     6.301    SEVEN_SEGMENT_DISPLAY/DIGIT_SELECTOR/CA_OBUF_inst_i_7_n_0
    SLICE_X64Y24         LUT5 (Prop_lut5_I4_O)        0.150     6.451 r  SEVEN_SEGMENT_DISPLAY/DIGIT_SELECTOR/CA_OBUF_inst_i_3/O
                         net (fo=6, routed)           0.808     7.260    SEVEN_SEGMENT_DISPLAY/DIGIT_SELECTOR/CA_OBUF_inst_i_3_n_0
    SLICE_X64Y23         LUT5 (Prop_lut5_I1_O)        0.357     7.617 r  SEVEN_SEGMENT_DISPLAY/DIGIT_SELECTOR/CA_OBUF_inst_i_1/O
                         net (fo=1, routed)           1.676     9.293    CA_OBUF
    W7                   OBUF (Prop_obuf_I_O)         3.718    13.011 r  CA_OBUF_inst/O
                         net (fo=0)                   0.000    13.011    CA
    W7                                                                r  CA (OUT)
  -------------------------------------------------------------------    -------------------

Slack:                    inf
  Source:                 switches_inputs[4]
                            (input port)
  Destination:            CB
                            (output port)
  Path Group:             (none)
  Path Type:              Max at Slow Process Corner
  Data Path Delay:        12.990ns  (logic 5.582ns (42.972%)  route 7.408ns (57.028%))
  Logic Levels:           5  (IBUF=1 LUT4=1 LUT5=2 OBUF=1)

    Location             Delay type                Incr(ns)  Path(ns)    Netlist Resource(s)
  -------------------------------------------------------------------    -------------------
    W15                                               0.000     0.000 f  switches_inputs[4] (IN)
                         net (fo=0)                   0.000     0.000    switches_inputs[4]
    W15                  IBUF (Prop_ibuf_I_O)         1.451     1.451 f  switches_inputs_IBUF[4]_inst/O
                         net (fo=2, routed)           3.612     5.062    SEVEN_SEGMENT_DISPLAY/DIGIT_SELECTOR/led_OBUF[4]
    SLICE_X61Y22         LUT4 (Prop_lut4_I0_O)        0.124     5.186 f  SEVEN_SEGMENT_DISPLAY/DIGIT_SELECTOR/CA_OBUF_inst_i_7/O
                         net (fo=2, routed)           1.115     6.301    SEVEN_SEGMENT_DISPLAY/DIGIT_SELECTOR/CA_OBUF_inst_i_7_n_0
    SLICE_X64Y24         LUT5 (Prop_lut5_I4_O)        0.150     6.451 r  SEVEN_SEGMENT_DISPLAY/DIGIT_SELECTOR/CA_OBUF_inst_i_3/O
                         net (fo=6, routed)           1.015     7.467    SEVEN_SEGMENT_DISPLAY/DIGIT_SELECTOR/CA_OBUF_inst_i_3_n_0
    SLICE_X64Y23         LUT5 (Prop_lut5_I1_O)        0.328     7.795 r  SEVEN_SEGMENT_DISPLAY/DIGIT_SELECTOR/CB_OBUF_inst_i_1/O
                         net (fo=1, routed)           1.666     9.460    CB_OBUF
    W6                   OBUF (Prop_obuf_I_O)         3.529    12.990 r  CB_OBUF_inst/O
                         net (fo=0)                   0.000    12.990    CB
    W6                                                                r  CB (OUT)
  -------------------------------------------------------------------    -------------------

Slack:                    inf
  Source:                 switches_inputs[4]
                            (input port)
  Destination:            CC
                            (output port)
  Path Group:             (none)
  Path Type:              Max at Slow Process Corner
  Data Path Delay:        12.989ns  (logic 5.588ns (43.022%)  route 7.401ns (56.978%))
  Logic Levels:           5  (IBUF=1 LUT4=1 LUT5=2 OBUF=1)

    Location             Delay type                Incr(ns)  Path(ns)    Netlist Resource(s)
  -------------------------------------------------------------------    -------------------
    W15                                               0.000     0.000 f  switches_inputs[4] (IN)
                         net (fo=0)                   0.000     0.000    switches_inputs[4]
    W15                  IBUF (Prop_ibuf_I_O)         1.451     1.451 f  switches_inputs_IBUF[4]_inst/O
                         net (fo=2, routed)           3.612     5.062    SEVEN_SEGMENT_DISPLAY/DIGIT_SELECTOR/led_OBUF[4]
    SLICE_X61Y22         LUT4 (Prop_lut4_I0_O)        0.124     5.186 f  SEVEN_SEGMENT_DISPLAY/DIGIT_SELECTOR/CA_OBUF_inst_i_7/O
                         net (fo=2, routed)           1.115     6.301    SEVEN_SEGMENT_DISPLAY/DIGIT_SELECTOR/CA_OBUF_inst_i_7_n_0
    SLICE_X64Y24         LUT5 (Prop_lut5_I4_O)        0.150     6.451 r  SEVEN_SEGMENT_DISPLAY/DIGIT_SELECTOR/CA_OBUF_inst_i_3/O
                         net (fo=6, routed)           1.007     7.459    SEVEN_SEGMENT_DISPLAY/DIGIT_SELECTOR/CA_OBUF_inst_i_3_n_0
    SLICE_X64Y23         LUT5 (Prop_lut5_I3_O)        0.328     7.787 r  SEVEN_SEGMENT_DISPLAY/DIGIT_SELECTOR/CC_OBUF_inst_i_1/O
                         net (fo=1, routed)           1.667     9.453    CC_OBUF
    U8                   OBUF (Prop_obuf_I_O)         3.535    12.989 r  CC_OBUF_inst/O
                         net (fo=0)                   0.000    12.989    CC
    U8                                                                r  CC (OUT)
  -------------------------------------------------------------------    -------------------

Slack:                    inf
  Source:                 switches_inputs[1]
                            (input port)
  Destination:            CE
                            (output port)
  Path Group:             (none)
  Path Type:              Max at Slow Process Corner
  Data Path Delay:        12.872ns  (logic 5.833ns (45.317%)  route 7.039ns (54.683%))
  Logic Levels:           5  (IBUF=1 LUT4=2 LUT5=1 OBUF=1)

    Location             Delay type                Incr(ns)  Path(ns)    Netlist Resource(s)
  -------------------------------------------------------------------    -------------------
    V16                                               0.000     0.000 f  switches_inputs[1] (IN)
                         net (fo=0)                   0.000     0.000    switches_inputs[1]
    V16                  IBUF (Prop_ibuf_I_O)         1.461     1.461 f  switches_inputs_IBUF[1]_inst/O
                         net (fo=2, routed)           3.725     5.187    SEVEN_SEGMENT_DISPLAY/DIGIT_SELECTOR/led_OBUF[1]
    SLICE_X62Y23         LUT4 (Prop_lut4_I2_O)        0.152     5.339 f  SEVEN_SEGMENT_DISPLAY/DIGIT_SELECTOR/CA_OBUF_inst_i_6/O
                         net (fo=1, routed)           0.602     5.941    SEVEN_SEGMENT_DISPLAY/DIGIT_SELECTOR/CA_OBUF_inst_i_6_n_0
    SLICE_X64Y24         LUT5 (Prop_lut5_I4_O)        0.352     6.293 r  SEVEN_SEGMENT_DISPLAY/DIGIT_SELECTOR/CA_OBUF_inst_i_2/O
                         net (fo=7, routed)           0.799     7.092    SEVEN_SEGMENT_DISPLAY/DIGIT_SELECTOR/CA_OBUF_inst_i_2_n_0
    SLICE_X63Y23         LUT4 (Prop_lut4_I3_O)        0.348     7.440 r  SEVEN_SEGMENT_DISPLAY/DIGIT_SELECTOR/CE_OBUF_inst_i_1/O
                         net (fo=1, routed)           1.912     9.352    CE_OBUF
    U5                   OBUF (Prop_obuf_I_O)         3.520    12.872 r  CE_OBUF_inst/O
                         net (fo=0)                   0.000    12.872    CE
    U5                                                                r  CE (OUT)
  -------------------------------------------------------------------    -------------------

Slack:                    inf
  Source:                 switches_inputs[8]
                            (input port)
  Destination:            led[8]
                            (output port)
  Path Group:             (none)
  Path Type:              Max at Slow Process Corner
  Data Path Delay:        10.279ns  (logic 4.959ns (48.238%)  route 5.321ns (51.762%))
  Logic Levels:           2  (IBUF=1 OBUF=1)

    Location             Delay type                Incr(ns)  Path(ns)    Netlist Resource(s)
  -------------------------------------------------------------------    -------------------
    V2                                                0.000     0.000 r  switches_inputs[8] (IN)
                         net (fo=0)                   0.000     0.000    switches_inputs[8]
    V2                   IBUF (Prop_ibuf_I_O)         1.454     1.454 r  switches_inputs_IBUF[8]_inst/O
                         net (fo=3, routed)           5.321     6.775    led_OBUF[8]
    V13                  OBUF (Prop_obuf_I_O)         3.504    10.279 r  led_OBUF[8]_inst/O
                         net (fo=0)                   0.000    10.279    led[8]
    V13                                                               r  led[8] (OUT)
  -------------------------------------------------------------------    -------------------

Slack:                    inf
  Source:                 switches_inputs[12]
                            (input port)
  Destination:            led[12]
                            (output port)
  Path Group:             (none)
  Path Type:              Max at Slow Process Corner
  Data Path Delay:        8.095ns  (logic 4.987ns (61.602%)  route 3.108ns (38.398%))
  Logic Levels:           2  (IBUF=1 OBUF=1)

    Location             Delay type                Incr(ns)  Path(ns)    Netlist Resource(s)
  -------------------------------------------------------------------    -------------------
    W2                                                0.000     0.000 r  switches_inputs[12] (IN)
                         net (fo=0)                   0.000     0.000    switches_inputs[12]
    W2                   IBUF (Prop_ibuf_I_O)         1.469     1.469 r  switches_inputs_IBUF[12]_inst/O
                         net (fo=3, routed)           3.108     4.577    led_OBUF[12]
    P3                   OBUF (Prop_obuf_I_O)         3.518     8.095 r  led_OBUF[12]_inst/O
                         net (fo=0)                   0.000     8.095    led[12]
    P3                                                                r  led[12] (OUT)
  -------------------------------------------------------------------    -------------------

Slack:                    inf
  Source:                 switches_inputs[15]
                            (input port)
  Destination:            led[15]
                            (output port)
  Path Group:             (none)
  Path Type:              Max at Slow Process Corner
  Data Path Delay:        8.040ns  (logic 4.978ns (61.909%)  route 3.063ns (38.091%))
  Logic Levels:           2  (IBUF=1 OBUF=1)

    Location             Delay type                Incr(ns)  Path(ns)    Netlist Resource(s)
  -------------------------------------------------------------------    -------------------
    R2                                                0.000     0.000 r  switches_inputs[15] (IN)
                         net (fo=0)                   0.000     0.000    switches_inputs[15]
    R2                   IBUF (Prop_ibuf_I_O)         1.456     1.456 r  switches_inputs_IBUF[15]_inst/O
                         net (fo=2, routed)           3.063     4.519    led_OBUF[15]
    L1                   OBUF (Prop_obuf_I_O)         3.521     8.040 r  led_OBUF[15]_inst/O
                         net (fo=0)                   0.000     8.040    led[15]
    L1                                                                r  led[15] (OUT)
  -------------------------------------------------------------------    -------------------





Min Delay Paths
--------------------------------------------------------------------------------------
Slack:                    inf
  Source:                 switches_inputs[9]
                            (input port)
  Destination:            led[9]
                            (output port)
  Path Group:             (none)
  Path Type:              Min at Fast Process Corner
  Data Path Delay:        1.888ns  (logic 1.430ns (75.729%)  route 0.458ns (24.271%))
  Logic Levels:           2  (IBUF=1 OBUF=1)

    Location             Delay type                Incr(ns)  Path(ns)    Netlist Resource(s)
  -------------------------------------------------------------------    -------------------
    T3                                                0.000     0.000 r  switches_inputs[9] (IN)
                         net (fo=0)                   0.000     0.000    switches_inputs[9]
    T3                   IBUF (Prop_ibuf_I_O)         0.220     0.220 r  switches_inputs_IBUF[9]_inst/O
                         net (fo=2, routed)           0.458     0.678    led_OBUF[9]
    V3                   OBUF (Prop_obuf_I_O)         1.209     1.888 r  led_OBUF[9]_inst/O
                         net (fo=0)                   0.000     1.888    led[9]
    V3                                                                r  led[9] (OUT)
  -------------------------------------------------------------------    -------------------

Slack:                    inf
  Source:                 switches_inputs[6]
                            (input port)
  Destination:            led[6]
                            (output port)
  Path Group:             (none)
  Path Type:              Min at Fast Process Corner
  Data Path Delay:        1.888ns  (logic 1.425ns (75.486%)  route 0.463ns (24.514%))
  Logic Levels:           2  (IBUF=1 OBUF=1)

    Location             Delay type                Incr(ns)  Path(ns)    Netlist Resource(s)
  -------------------------------------------------------------------    -------------------
    W14                                               0.000     0.000 r  switches_inputs[6] (IN)
                         net (fo=0)                   0.000     0.000    switches_inputs[6]
    W14                  IBUF (Prop_ibuf_I_O)         0.218     0.218 r  switches_inputs_IBUF[6]_inst/O
                         net (fo=2, routed)           0.463     0.681    led_OBUF[6]
    U14                  OBUF (Prop_obuf_I_O)         1.207     1.888 r  led_OBUF[6]_inst/O
                         net (fo=0)                   0.000     1.888    led[6]
    U14                                                               r  led[6] (OUT)
  -------------------------------------------------------------------    -------------------

Slack:                    inf
  Source:                 switches_inputs[5]
                            (input port)
  Destination:            led[5]
                            (output port)
  Path Group:             (none)
  Path Type:              Min at Fast Process Corner
  Data Path Delay:        1.890ns  (logic 1.450ns (76.688%)  route 0.441ns (23.312%))
  Logic Levels:           2  (IBUF=1 OBUF=1)

    Location             Delay type                Incr(ns)  Path(ns)    Netlist Resource(s)
  -------------------------------------------------------------------    -------------------
    V15                                               0.000     0.000 r  switches_inputs[5] (IN)
                         net (fo=0)                   0.000     0.000    switches_inputs[5]
    V15                  IBUF (Prop_ibuf_I_O)         0.234     0.234 r  switches_inputs_IBUF[5]_inst/O
                         net (fo=2, routed)           0.441     0.675    led_OBUF[5]
    U15                  OBUF (Prop_obuf_I_O)         1.216     1.890 r  led_OBUF[5]_inst/O
                         net (fo=0)                   0.000     1.890    led[5]
    U15                                                               r  led[5] (OUT)
  -------------------------------------------------------------------    -------------------

Slack:                    inf
  Source:                 switches_inputs[7]
                            (input port)
  Destination:            led[7]
                            (output port)
  Path Group:             (none)
  Path Type:              Min at Fast Process Corner
  Data Path Delay:        1.891ns  (logic 1.429ns (75.572%)  route 0.462ns (24.428%))
  Logic Levels:           2  (IBUF=1 OBUF=1)

    Location             Delay type                Incr(ns)  Path(ns)    Netlist Resource(s)
  -------------------------------------------------------------------    -------------------
    W13                                               0.000     0.000 r  switches_inputs[7] (IN)
                         net (fo=0)                   0.000     0.000    switches_inputs[7]
    W13                  IBUF (Prop_ibuf_I_O)         0.227     0.227 r  switches_inputs_IBUF[7]_inst/O
                         net (fo=2, routed)           0.462     0.689    led_OBUF[7]
    V14                  OBUF (Prop_obuf_I_O)         1.202     1.891 r  led_OBUF[7]_inst/O
                         net (fo=0)                   0.000     1.891    led[7]
    V14                                                               r  led[7] (OUT)
  -------------------------------------------------------------------    -------------------

Slack:                    inf
  Source:                 switches_inputs[0]
                            (input port)
  Destination:            led[0]
                            (output port)
  Path Group:             (none)
  Path Type:              Min at Fast Process Corner
  Data Path Delay:        1.893ns  (logic 1.427ns (75.379%)  route 0.466ns (24.621%))
  Logic Levels:           2  (IBUF=1 OBUF=1)

    Location             Delay type                Incr(ns)  Path(ns)    Netlist Resource(s)
  -------------------------------------------------------------------    -------------------
    V17                                               0.000     0.000 r  switches_inputs[0] (IN)
                         net (fo=0)                   0.000     0.000    switches_inputs[0]
    V17                  IBUF (Prop_ibuf_I_O)         0.221     0.221 r  switches_inputs_IBUF[0]_inst/O
                         net (fo=2, routed)           0.466     0.687    led_OBUF[0]
    U16                  OBUF (Prop_obuf_I_O)         1.206     1.893 r  led_OBUF[0]_inst/O
                         net (fo=0)                   0.000     1.893    led[0]
    U16                                                               r  led[0] (OUT)
  -------------------------------------------------------------------    -------------------

Slack:                    inf
  Source:                 switches_inputs[3]
                            (input port)
  Destination:            led[3]
                            (output port)
  Path Group:             (none)
  Path Type:              Min at Fast Process Corner
  Data Path Delay:        1.913ns  (logic 1.427ns (74.564%)  route 0.487ns (25.436%))
  Logic Levels:           2  (IBUF=1 OBUF=1)

    Location             Delay type                Incr(ns)  Path(ns)    Netlist Resource(s)
  -------------------------------------------------------------------    -------------------
    W17                                               0.000     0.000 r  switches_inputs[3] (IN)
                         net (fo=0)                   0.000     0.000    switches_inputs[3]
    W17                  IBUF (Prop_ibuf_I_O)         0.217     0.217 r  switches_inputs_IBUF[3]_inst/O
                         net (fo=2, routed)           0.487     0.703    led_OBUF[3]
    V19                  OBUF (Prop_obuf_I_O)         1.210     1.913 r  led_OBUF[3]_inst/O
                         net (fo=0)                   0.000     1.913    led[3]
    V19                                                               r  led[3] (OUT)
  -------------------------------------------------------------------    -------------------

Slack:                    inf
  Source:                 switches_inputs[2]
                            (input port)
  Destination:            led[2]
                            (output port)
  Path Group:             (none)
  Path Type:              Min at Fast Process Corner
  Data Path Delay:        1.920ns  (logic 1.434ns (74.696%)  route 0.486ns (25.304%))
  Logic Levels:           2  (IBUF=1 OBUF=1)

    Location             Delay type                Incr(ns)  Path(ns)    Netlist Resource(s)
  -------------------------------------------------------------------    -------------------
    W16                                               0.000     0.000 r  switches_inputs[2] (IN)
                         net (fo=0)                   0.000     0.000    switches_inputs[2]
    W16                  IBUF (Prop_ibuf_I_O)         0.232     0.232 r  switches_inputs_IBUF[2]_inst/O
                         net (fo=2, routed)           0.486     0.718    led_OBUF[2]
    U19                  OBUF (Prop_obuf_I_O)         1.202     1.920 r  led_OBUF[2]_inst/O
                         net (fo=0)                   0.000     1.920    led[2]
    U19                                                               r  led[2] (OUT)
  -------------------------------------------------------------------    -------------------

Slack:                    inf
  Source:                 switches_inputs[4]
                            (input port)
  Destination:            led[4]
                            (output port)
  Path Group:             (none)
  Path Type:              Min at Fast Process Corner
  Data Path Delay:        1.922ns  (logic 1.429ns (74.313%)  route 0.494ns (25.687%))
  Logic Levels:           2  (IBUF=1 OBUF=1)

    Location             Delay type                Incr(ns)  Path(ns)    Netlist Resource(s)
  -------------------------------------------------------------------    -------------------
    W15                                               0.000     0.000 r  switches_inputs[4] (IN)
                         net (fo=0)                   0.000     0.000    switches_inputs[4]
    W15                  IBUF (Prop_ibuf_I_O)         0.219     0.219 r  switches_inputs_IBUF[4]_inst/O
                         net (fo=2, routed)           0.494     0.713    led_OBUF[4]
    W18                  OBUF (Prop_obuf_I_O)         1.210     1.922 r  led_OBUF[4]_inst/O
                         net (fo=0)                   0.000     1.922    led[4]
    W18                                                               r  led[4] (OUT)
  -------------------------------------------------------------------    -------------------

Slack:                    inf
  Source:                 switches_inputs[10]
                            (input port)
  Destination:            led[10]
                            (output port)
  Path Group:             (none)
  Path Type:              Min at Fast Process Corner
  Data Path Delay:        1.944ns  (logic 1.452ns (74.706%)  route 0.492ns (25.294%))
  Logic Levels:           2  (IBUF=1 OBUF=1)

    Location             Delay type                Incr(ns)  Path(ns)    Netlist Resource(s)
  -------------------------------------------------------------------    -------------------
    T2                                                0.000     0.000 r  switches_inputs[10] (IN)
                         net (fo=0)                   0.000     0.000    switches_inputs[10]
    T2                   IBUF (Prop_ibuf_I_O)         0.226     0.226 r  switches_inputs_IBUF[10]_inst/O
                         net (fo=2, routed)           0.492     0.718    led_OBUF[10]
    W3                   OBUF (Prop_obuf_I_O)         1.226     1.944 r  led_OBUF[10]_inst/O
                         net (fo=0)                   0.000     1.944    led[10]
    W3                                                                r  led[10] (OUT)
  -------------------------------------------------------------------    -------------------

Slack:                    inf
  Source:                 switches_inputs[11]
                            (input port)
  Destination:            led[11]
                            (output port)
  Path Group:             (none)
  Path Type:              Min at Fast Process Corner
  Data Path Delay:        1.989ns  (logic 1.437ns (72.229%)  route 0.552ns (27.771%))
  Logic Levels:           2  (IBUF=1 OBUF=1)

    Location             Delay type                Incr(ns)  Path(ns)    Netlist Resource(s)
  -------------------------------------------------------------------    -------------------
    R3                                                0.000     0.000 r  switches_inputs[11] (IN)
                         net (fo=0)                   0.000     0.000    switches_inputs[11]
    R3                   IBUF (Prop_ibuf_I_O)         0.232     0.232 r  switches_inputs_IBUF[11]_inst/O
                         net (fo=2, routed)           0.552     0.784    led_OBUF[11]
    U3                   OBUF (Prop_obuf_I_O)         1.205     1.989 r  led_OBUF[11]_inst/O
                         net (fo=0)                   0.000     1.989    led[11]
    U3                                                                r  led[11] (OUT)
  -------------------------------------------------------------------    -------------------





--------------------------------------------------------------------------------------
Path Group:  (none)
From Clock:  sys_clk_pin
  To Clock:  

Max Delay            11 Endpoints
Min Delay            11 Endpoints
--------------------------------------------------------------------------------------


Max Delay Paths
--------------------------------------------------------------------------------------
Slack:                    inf
  Source:                 SEVEN_SEGMENT_DISPLAY/DIGIT_SELECTOR/q_reg[0]/C
                            (rising edge-triggered cell FDSE clocked by sys_clk_pin  {rise@0.000ns fall@5.000ns period=10.000ns})
  Destination:            CF
                            (output port)
  Path Group:             (none)
  Path Type:              Max at Slow Process Corner
  Data Path Delay:        9.671ns  (logic 4.788ns (49.514%)  route 4.882ns (50.486%))
  Logic Levels:           4  (LUT4=1 LUT5=2 OBUF=1)
  Clock Uncertainty:      0.025ns  ((TSJ^2 + TIJ^2)^1/2 + DJ) / 2 + PE
    Total System Jitter     (TSJ):    0.050ns
    Total Input Jitter      (TIJ):    0.000ns
    Discrete Jitter          (DJ):    0.000ns
    Phase Error              (PE):    0.000ns

    Location             Delay type                Incr(ns)  Path(ns)    Netlist Resource(s)
  -------------------------------------------------------------------    -------------------
                         (clock sys_clk_pin rise edge)
                                                      0.000     0.000 r  
    W5                                                0.000     0.000 r  clk (IN)
                         net (fo=0)                   0.000     0.000    clk
    W5                   IBUF (Prop_ibuf_I_O)         1.458     1.458 r  clk_IBUF_inst/O
                         net (fo=1, routed)           1.967     3.425    clk_IBUF
    BUFGCTRL_X0Y0        BUFG (Prop_bufg_I_O)         0.096     3.521 r  clk_IBUF_BUFG_inst/O
                         net (fo=21, routed)          1.620     5.141    SEVEN_SEGMENT_DISPLAY/DIGIT_SELECTOR/clk_IBUF_BUFG
    SLICE_X61Y22         FDSE                                         r  SEVEN_SEGMENT_DISPLAY/DIGIT_SELECTOR/q_reg[0]/C
  -------------------------------------------------------------------    -------------------
    SLICE_X61Y22         FDSE (Prop_fdse_C_Q)         0.456     5.597 r  SEVEN_SEGMENT_DISPLAY/DIGIT_SELECTOR/q_reg[0]/Q
                         net (fo=10, routed)          0.883     6.480    SEVEN_SEGMENT_DISPLAY/DIGIT_SELECTOR/digit_select[0]
    SLICE_X61Y22         LUT4 (Prop_lut4_I3_O)        0.124     6.604 r  SEVEN_SEGMENT_DISPLAY/DIGIT_SELECTOR/CA_OBUF_inst_i_7/O
                         net (fo=2, routed)           1.115     7.719    SEVEN_SEGMENT_DISPLAY/DIGIT_SELECTOR/CA_OBUF_inst_i_7_n_0
    SLICE_X64Y24         LUT5 (Prop_lut5_I4_O)        0.150     7.869 f  SEVEN_SEGMENT_DISPLAY/DIGIT_SELECTOR/CA_OBUF_inst_i_3/O
                         net (fo=6, routed)           1.015     8.885    SEVEN_SEGMENT_DISPLAY/DIGIT_SELECTOR/CA_OBUF_inst_i_3_n_0
    SLICE_X64Y23         LUT5 (Prop_lut5_I3_O)        0.350     9.235 r  SEVEN_SEGMENT_DISPLAY/DIGIT_SELECTOR/CF_OBUF_inst_i_1/O
                         net (fo=1, routed)           1.869    11.104    CF_OBUF
    V5                   OBUF (Prop_obuf_I_O)         3.708    14.812 r  CF_OBUF_inst/O
                         net (fo=0)                   0.000    14.812    CF
    V5                                                                r  CF (OUT)
  -------------------------------------------------------------------    -------------------

Slack:                    inf
  Source:                 SEVEN_SEGMENT_DISPLAY/DIGIT_SELECTOR/q_reg[0]/C
                            (rising edge-triggered cell FDSE clocked by sys_clk_pin  {rise@0.000ns fall@5.000ns period=10.000ns})
  Destination:            CD
                            (output port)
  Path Group:             (none)
  Path Type:              Max at Slow Process Corner
  Data Path Delay:        9.659ns  (logic 4.846ns (50.167%)  route 4.813ns (49.833%))
  Logic Levels:           4  (LUT4=1 LUT5=2 OBUF=1)
  Clock Uncertainty:      0.025ns  ((TSJ^2 + TIJ^2)^1/2 + DJ) / 2 + PE
    Total System Jitter     (TSJ):    0.050ns
    Total Input Jitter      (TIJ):    0.000ns
    Discrete Jitter          (DJ):    0.000ns
    Phase Error              (PE):    0.000ns

    Location             Delay type                Incr(ns)  Path(ns)    Netlist Resource(s)
  -------------------------------------------------------------------    -------------------
                         (clock sys_clk_pin rise edge)
                                                      0.000     0.000 r  
    W5                                                0.000     0.000 r  clk (IN)
                         net (fo=0)                   0.000     0.000    clk
    W5                   IBUF (Prop_ibuf_I_O)         1.458     1.458 r  clk_IBUF_inst/O
                         net (fo=1, routed)           1.967     3.425    clk_IBUF
    BUFGCTRL_X0Y0        BUFG (Prop_bufg_I_O)         0.096     3.521 r  clk_IBUF_BUFG_inst/O
                         net (fo=21, routed)          1.620     5.141    SEVEN_SEGMENT_DISPLAY/DIGIT_SELECTOR/clk_IBUF_BUFG
    SLICE_X61Y22         FDSE                                         r  SEVEN_SEGMENT_DISPLAY/DIGIT_SELECTOR/q_reg[0]/C
  -------------------------------------------------------------------    -------------------
    SLICE_X61Y22         FDSE (Prop_fdse_C_Q)         0.456     5.597 f  SEVEN_SEGMENT_DISPLAY/DIGIT_SELECTOR/q_reg[0]/Q
                         net (fo=10, routed)          0.883     6.480    SEVEN_SEGMENT_DISPLAY/DIGIT_SELECTOR/digit_select[0]
    SLICE_X61Y22         LUT4 (Prop_lut4_I3_O)        0.124     6.604 f  SEVEN_SEGMENT_DISPLAY/DIGIT_SELECTOR/CA_OBUF_inst_i_7/O
                         net (fo=2, routed)           1.115     7.719    SEVEN_SEGMENT_DISPLAY/DIGIT_SELECTOR/CA_OBUF_inst_i_7_n_0
    SLICE_X64Y24         LUT5 (Prop_lut5_I4_O)        0.150     7.869 r  SEVEN_SEGMENT_DISPLAY/DIGIT_SELECTOR/CA_OBUF_inst_i_3/O
                         net (fo=6, routed)           1.007     8.877    SEVEN_SEGMENT_DISPLAY/DIGIT_SELECTOR/CA_OBUF_inst_i_3_n_0
    SLICE_X64Y23         LUT5 (Prop_lut5_I1_O)        0.356     9.233 r  SEVEN_SEGMENT_DISPLAY/DIGIT_SELECTOR/CD_OBUF_inst_i_1/O
                         net (fo=1, routed)           1.808    11.041    CD_OBUF
    V8                   OBUF (Prop_obuf_I_O)         3.760    14.800 r  CD_OBUF_inst/O
                         net (fo=0)                   0.000    14.800    CD
    V8                                                                r  CD (OUT)
  -------------------------------------------------------------------    -------------------

Slack:                    inf
  Source:                 SEVEN_SEGMENT_DISPLAY/DIGIT_SELECTOR/q_reg[0]/C
                            (rising edge-triggered cell FDSE clocked by sys_clk_pin  {rise@0.000ns fall@5.000ns period=10.000ns})
  Destination:            CG
                            (output port)
  Path Group:             (none)
  Path Type:              Max at Slow Process Corner
  Data Path Delay:        9.468ns  (logic 4.589ns (48.475%)  route 4.878ns (51.525%))
  Logic Levels:           4  (LUT4=1 LUT5=2 OBUF=1)
  Clock Uncertainty:      0.025ns  ((TSJ^2 + TIJ^2)^1/2 + DJ) / 2 + PE
    Total System Jitter     (TSJ):    0.050ns
    Total Input Jitter      (TIJ):    0.000ns
    Discrete Jitter          (DJ):    0.000ns
    Phase Error              (PE):    0.000ns

    Location             Delay type                Incr(ns)  Path(ns)    Netlist Resource(s)
  -------------------------------------------------------------------    -------------------
                         (clock sys_clk_pin rise edge)
                                                      0.000     0.000 r  
    W5                                                0.000     0.000 r  clk (IN)
                         net (fo=0)                   0.000     0.000    clk
    W5                   IBUF (Prop_ibuf_I_O)         1.458     1.458 r  clk_IBUF_inst/O
                         net (fo=1, routed)           1.967     3.425    clk_IBUF
    BUFGCTRL_X0Y0        BUFG (Prop_bufg_I_O)         0.096     3.521 r  clk_IBUF_BUFG_inst/O
                         net (fo=21, routed)          1.620     5.141    SEVEN_SEGMENT_DISPLAY/DIGIT_SELECTOR/clk_IBUF_BUFG
    SLICE_X61Y22         FDSE                                         r  SEVEN_SEGMENT_DISPLAY/DIGIT_SELECTOR/q_reg[0]/C
  -------------------------------------------------------------------    -------------------
    SLICE_X61Y22         FDSE (Prop_fdse_C_Q)         0.456     5.597 f  SEVEN_SEGMENT_DISPLAY/DIGIT_SELECTOR/q_reg[0]/Q
                         net (fo=10, routed)          0.883     6.480    SEVEN_SEGMENT_DISPLAY/DIGIT_SELECTOR/digit_select[0]
    SLICE_X61Y22         LUT4 (Prop_lut4_I3_O)        0.124     6.604 f  SEVEN_SEGMENT_DISPLAY/DIGIT_SELECTOR/CA_OBUF_inst_i_7/O
                         net (fo=2, routed)           1.115     7.719    SEVEN_SEGMENT_DISPLAY/DIGIT_SELECTOR/CA_OBUF_inst_i_7_n_0
    SLICE_X64Y24         LUT5 (Prop_lut5_I4_O)        0.150     7.869 r  SEVEN_SEGMENT_DISPLAY/DIGIT_SELECTOR/CA_OBUF_inst_i_3/O
                         net (fo=6, routed)           0.808     8.678    SEVEN_SEGMENT_DISPLAY/DIGIT_SELECTOR/CA_OBUF_inst_i_3_n_0
    SLICE_X64Y23         LUT5 (Prop_lut5_I2_O)        0.328     9.006 r  SEVEN_SEGMENT_DISPLAY/DIGIT_SELECTOR/CG_OBUF_inst_i_1/O
                         net (fo=1, routed)           2.072    11.077    CG_OBUF
    U7                   OBUF (Prop_obuf_I_O)         3.531    14.609 r  CG_OBUF_inst/O
                         net (fo=0)                   0.000    14.609    CG
    U7                                                                r  CG (OUT)
  -------------------------------------------------------------------    -------------------

Slack:                    inf
  Source:                 SEVEN_SEGMENT_DISPLAY/DIGIT_SELECTOR/q_reg[0]/C
                            (rising edge-triggered cell FDSE clocked by sys_clk_pin  {rise@0.000ns fall@5.000ns period=10.000ns})
  Destination:            CA
                            (output port)
  Path Group:             (none)
  Path Type:              Max at Slow Process Corner
  Data Path Delay:        9.288ns  (logic 4.805ns (51.733%)  route 4.483ns (48.267%))
  Logic Levels:           4  (LUT4=1 LUT5=2 OBUF=1)
  Clock Uncertainty:      0.025ns  ((TSJ^2 + TIJ^2)^1/2 + DJ) / 2 + PE
    Total System Jitter     (TSJ):    0.050ns
    Total Input Jitter      (TIJ):    0.000ns
    Discrete Jitter          (DJ):    0.000ns
    Phase Error              (PE):    0.000ns

    Location             Delay type                Incr(ns)  Path(ns)    Netlist Resource(s)
  -------------------------------------------------------------------    -------------------
                         (clock sys_clk_pin rise edge)
                                                      0.000     0.000 r  
    W5                                                0.000     0.000 r  clk (IN)
                         net (fo=0)                   0.000     0.000    clk
    W5                   IBUF (Prop_ibuf_I_O)         1.458     1.458 r  clk_IBUF_inst/O
                         net (fo=1, routed)           1.967     3.425    clk_IBUF
    BUFGCTRL_X0Y0        BUFG (Prop_bufg_I_O)         0.096     3.521 r  clk_IBUF_BUFG_inst/O
                         net (fo=21, routed)          1.620     5.141    SEVEN_SEGMENT_DISPLAY/DIGIT_SELECTOR/clk_IBUF_BUFG
    SLICE_X61Y22         FDSE                                         r  SEVEN_SEGMENT_DISPLAY/DIGIT_SELECTOR/q_reg[0]/C
  -------------------------------------------------------------------    -------------------
    SLICE_X61Y22         FDSE (Prop_fdse_C_Q)         0.456     5.597 f  SEVEN_SEGMENT_DISPLAY/DIGIT_SELECTOR/q_reg[0]/Q
                         net (fo=10, routed)          0.883     6.480    SEVEN_SEGMENT_DISPLAY/DIGIT_SELECTOR/digit_select[0]
    SLICE_X61Y22         LUT4 (Prop_lut4_I3_O)        0.124     6.604 f  SEVEN_SEGMENT_DISPLAY/DIGIT_SELECTOR/CA_OBUF_inst_i_7/O
                         net (fo=2, routed)           1.115     7.719    SEVEN_SEGMENT_DISPLAY/DIGIT_SELECTOR/CA_OBUF_inst_i_7_n_0
    SLICE_X64Y24         LUT5 (Prop_lut5_I4_O)        0.150     7.869 r  SEVEN_SEGMENT_DISPLAY/DIGIT_SELECTOR/CA_OBUF_inst_i_3/O
                         net (fo=6, routed)           0.808     8.678    SEVEN_SEGMENT_DISPLAY/DIGIT_SELECTOR/CA_OBUF_inst_i_3_n_0
    SLICE_X64Y23         LUT5 (Prop_lut5_I1_O)        0.357     9.035 r  SEVEN_SEGMENT_DISPLAY/DIGIT_SELECTOR/CA_OBUF_inst_i_1/O
                         net (fo=1, routed)           1.676    10.711    CA_OBUF
    W7                   OBUF (Prop_obuf_I_O)         3.718    14.429 r  CA_OBUF_inst/O
                         net (fo=0)                   0.000    14.429    CA
    W7                                                                r  CA (OUT)
  -------------------------------------------------------------------    -------------------

Slack:                    inf
  Source:                 SEVEN_SEGMENT_DISPLAY/DIGIT_SELECTOR/q_reg[0]/C
                            (rising edge-triggered cell FDSE clocked by sys_clk_pin  {rise@0.000ns fall@5.000ns period=10.000ns})
  Destination:            CB
                            (output port)
  Path Group:             (none)
  Path Type:              Max at Slow Process Corner
  Data Path Delay:        9.266ns  (logic 4.587ns (49.505%)  route 4.679ns (50.495%))
  Logic Levels:           4  (LUT4=1 LUT5=2 OBUF=1)
  Clock Uncertainty:      0.025ns  ((TSJ^2 + TIJ^2)^1/2 + DJ) / 2 + PE
    Total System Jitter     (TSJ):    0.050ns
    Total Input Jitter      (TIJ):    0.000ns
    Discrete Jitter          (DJ):    0.000ns
    Phase Error              (PE):    0.000ns

    Location             Delay type                Incr(ns)  Path(ns)    Netlist Resource(s)
  -------------------------------------------------------------------    -------------------
                         (clock sys_clk_pin rise edge)
                                                      0.000     0.000 r  
    W5                                                0.000     0.000 r  clk (IN)
                         net (fo=0)                   0.000     0.000    clk
    W5                   IBUF (Prop_ibuf_I_O)         1.458     1.458 r  clk_IBUF_inst/O
                         net (fo=1, routed)           1.967     3.425    clk_IBUF
    BUFGCTRL_X0Y0        BUFG (Prop_bufg_I_O)         0.096     3.521 r  clk_IBUF_BUFG_inst/O
                         net (fo=21, routed)          1.620     5.141    SEVEN_SEGMENT_DISPLAY/DIGIT_SELECTOR/clk_IBUF_BUFG
    SLICE_X61Y22         FDSE                                         r  SEVEN_SEGMENT_DISPLAY/DIGIT_SELECTOR/q_reg[0]/C
  -------------------------------------------------------------------    -------------------
    SLICE_X61Y22         FDSE (Prop_fdse_C_Q)         0.456     5.597 f  SEVEN_SEGMENT_DISPLAY/DIGIT_SELECTOR/q_reg[0]/Q
                         net (fo=10, routed)          0.883     6.480    SEVEN_SEGMENT_DISPLAY/DIGIT_SELECTOR/digit_select[0]
    SLICE_X61Y22         LUT4 (Prop_lut4_I3_O)        0.124     6.604 f  SEVEN_SEGMENT_DISPLAY/DIGIT_SELECTOR/CA_OBUF_inst_i_7/O
                         net (fo=2, routed)           1.115     7.719    SEVEN_SEGMENT_DISPLAY/DIGIT_SELECTOR/CA_OBUF_inst_i_7_n_0
    SLICE_X64Y24         LUT5 (Prop_lut5_I4_O)        0.150     7.869 r  SEVEN_SEGMENT_DISPLAY/DIGIT_SELECTOR/CA_OBUF_inst_i_3/O
                         net (fo=6, routed)           1.015     8.885    SEVEN_SEGMENT_DISPLAY/DIGIT_SELECTOR/CA_OBUF_inst_i_3_n_0
    SLICE_X64Y23         LUT5 (Prop_lut5_I1_O)        0.328     9.213 r  SEVEN_SEGMENT_DISPLAY/DIGIT_SELECTOR/CB_OBUF_inst_i_1/O
                         net (fo=1, routed)           1.666    10.878    CB_OBUF
    W6                   OBUF (Prop_obuf_I_O)         3.529    14.407 r  CB_OBUF_inst/O
                         net (fo=0)                   0.000    14.407    CB
    W6                                                                r  CB (OUT)
  -------------------------------------------------------------------    -------------------

Slack:                    inf
  Source:                 SEVEN_SEGMENT_DISPLAY/DIGIT_SELECTOR/q_reg[0]/C
                            (rising edge-triggered cell FDSE clocked by sys_clk_pin  {rise@0.000ns fall@5.000ns period=10.000ns})
  Destination:            CC
                            (output port)
  Path Group:             (none)
  Path Type:              Max at Slow Process Corner
  Data Path Delay:        9.265ns  (logic 4.593ns (49.575%)  route 4.672ns (50.425%))
  Logic Levels:           4  (LUT4=1 LUT5=2 OBUF=1)
  Clock Uncertainty:      0.025ns  ((TSJ^2 + TIJ^2)^1/2 + DJ) / 2 + PE
    Total System Jitter     (TSJ):    0.050ns
    Total Input Jitter      (TIJ):    0.000ns
    Discrete Jitter          (DJ):    0.000ns
    Phase Error              (PE):    0.000ns

    Location             Delay type                Incr(ns)  Path(ns)    Netlist Resource(s)
  -------------------------------------------------------------------    -------------------
                         (clock sys_clk_pin rise edge)
                                                      0.000     0.000 r  
    W5                                                0.000     0.000 r  clk (IN)
                         net (fo=0)                   0.000     0.000    clk
    W5                   IBUF (Prop_ibuf_I_O)         1.458     1.458 r  clk_IBUF_inst/O
                         net (fo=1, routed)           1.967     3.425    clk_IBUF
    BUFGCTRL_X0Y0        BUFG (Prop_bufg_I_O)         0.096     3.521 r  clk_IBUF_BUFG_inst/O
                         net (fo=21, routed)          1.620     5.141    SEVEN_SEGMENT_DISPLAY/DIGIT_SELECTOR/clk_IBUF_BUFG
    SLICE_X61Y22         FDSE                                         r  SEVEN_SEGMENT_DISPLAY/DIGIT_SELECTOR/q_reg[0]/C
  -------------------------------------------------------------------    -------------------
    SLICE_X61Y22         FDSE (Prop_fdse_C_Q)         0.456     5.597 f  SEVEN_SEGMENT_DISPLAY/DIGIT_SELECTOR/q_reg[0]/Q
                         net (fo=10, routed)          0.883     6.480    SEVEN_SEGMENT_DISPLAY/DIGIT_SELECTOR/digit_select[0]
    SLICE_X61Y22         LUT4 (Prop_lut4_I3_O)        0.124     6.604 f  SEVEN_SEGMENT_DISPLAY/DIGIT_SELECTOR/CA_OBUF_inst_i_7/O
                         net (fo=2, routed)           1.115     7.719    SEVEN_SEGMENT_DISPLAY/DIGIT_SELECTOR/CA_OBUF_inst_i_7_n_0
    SLICE_X64Y24         LUT5 (Prop_lut5_I4_O)        0.150     7.869 r  SEVEN_SEGMENT_DISPLAY/DIGIT_SELECTOR/CA_OBUF_inst_i_3/O
                         net (fo=6, routed)           1.007     8.877    SEVEN_SEGMENT_DISPLAY/DIGIT_SELECTOR/CA_OBUF_inst_i_3_n_0
    SLICE_X64Y23         LUT5 (Prop_lut5_I3_O)        0.328     9.205 r  SEVEN_SEGMENT_DISPLAY/DIGIT_SELECTOR/CC_OBUF_inst_i_1/O
                         net (fo=1, routed)           1.667    10.871    CC_OBUF
    U8                   OBUF (Prop_obuf_I_O)         3.535    14.406 r  CC_OBUF_inst/O
                         net (fo=0)                   0.000    14.406    CC
    U8                                                                r  CC (OUT)
  -------------------------------------------------------------------    -------------------

Slack:                    inf
  Source:                 SEVEN_SEGMENT_DISPLAY/DIGIT_SELECTOR/q_reg[0]/C
                            (rising edge-triggered cell FDSE clocked by sys_clk_pin  {rise@0.000ns fall@5.000ns period=10.000ns})
  Destination:            CE
                            (output port)
  Path Group:             (none)
  Path Type:              Max at Slow Process Corner
  Data Path Delay:        8.870ns  (logic 4.826ns (54.406%)  route 4.044ns (45.594%))
  Logic Levels:           4  (LUT4=2 LUT5=1 OBUF=1)
  Clock Uncertainty:      0.025ns  ((TSJ^2 + TIJ^2)^1/2 + DJ) / 2 + PE
    Total System Jitter     (TSJ):    0.050ns
    Total Input Jitter      (TIJ):    0.000ns
    Discrete Jitter          (DJ):    0.000ns
    Phase Error              (PE):    0.000ns

    Location             Delay type                Incr(ns)  Path(ns)    Netlist Resource(s)
  -------------------------------------------------------------------    -------------------
                         (clock sys_clk_pin rise edge)
                                                      0.000     0.000 r  
    W5                                                0.000     0.000 r  clk (IN)
                         net (fo=0)                   0.000     0.000    clk
    W5                   IBUF (Prop_ibuf_I_O)         1.458     1.458 r  clk_IBUF_inst/O
                         net (fo=1, routed)           1.967     3.425    clk_IBUF
    BUFGCTRL_X0Y0        BUFG (Prop_bufg_I_O)         0.096     3.521 r  clk_IBUF_BUFG_inst/O
                         net (fo=21, routed)          1.620     5.141    SEVEN_SEGMENT_DISPLAY/DIGIT_SELECTOR/clk_IBUF_BUFG
    SLICE_X61Y22         FDSE                                         r  SEVEN_SEGMENT_DISPLAY/DIGIT_SELECTOR/q_reg[0]/C
  -------------------------------------------------------------------    -------------------
    SLICE_X61Y22         FDSE (Prop_fdse_C_Q)         0.456     5.597 f  SEVEN_SEGMENT_DISPLAY/DIGIT_SELECTOR/q_reg[0]/Q
                         net (fo=10, routed)          0.731     6.328    SEVEN_SEGMENT_DISPLAY/DIGIT_SELECTOR/digit_select[0]
    SLICE_X62Y23         LUT4 (Prop_lut4_I3_O)        0.150     6.478 f  SEVEN_SEGMENT_DISPLAY/DIGIT_SELECTOR/CA_OBUF_inst_i_6/O
                         net (fo=1, routed)           0.602     7.080    SEVEN_SEGMENT_DISPLAY/DIGIT_SELECTOR/CA_OBUF_inst_i_6_n_0
    SLICE_X64Y24         LUT5 (Prop_lut5_I4_O)        0.352     7.432 r  SEVEN_SEGMENT_DISPLAY/DIGIT_SELECTOR/CA_OBUF_inst_i_2/O
                         net (fo=7, routed)           0.799     8.232    SEVEN_SEGMENT_DISPLAY/DIGIT_SELECTOR/CA_OBUF_inst_i_2_n_0
    SLICE_X63Y23         LUT4 (Prop_lut4_I3_O)        0.348     8.580 r  SEVEN_SEGMENT_DISPLAY/DIGIT_SELECTOR/CE_OBUF_inst_i_1/O
                         net (fo=1, routed)           1.912    10.492    CE_OBUF
    U5                   OBUF (Prop_obuf_I_O)         3.520    14.011 r  CE_OBUF_inst/O
                         net (fo=0)                   0.000    14.011    CE
    U5                                                                r  CE (OUT)
  -------------------------------------------------------------------    -------------------

Slack:                    inf
  Source:                 SEVEN_SEGMENT_DISPLAY/DIGIT_SELECTOR/q_reg[2]/C
                            (rising edge-triggered cell FDSE clocked by sys_clk_pin  {rise@0.000ns fall@5.000ns period=10.000ns})
  Destination:            AN3
                            (output port)
  Path Group:             (none)
  Path Type:              Max at Slow Process Corner
  Data Path Delay:        7.264ns  (logic 4.103ns (56.487%)  route 3.161ns (43.513%))
  Logic Levels:           2  (LUT1=1 OBUF=1)
  Clock Uncertainty:      0.025ns  ((TSJ^2 + TIJ^2)^1/2 + DJ) / 2 + PE
    Total System Jitter     (TSJ):    0.050ns
    Total Input Jitter      (TIJ):    0.000ns
    Discrete Jitter          (DJ):    0.000ns
    Phase Error              (PE):    0.000ns

    Location             Delay type                Incr(ns)  Path(ns)    Netlist Resource(s)
  -------------------------------------------------------------------    -------------------
                         (clock sys_clk_pin rise edge)
                                                      0.000     0.000 r  
    W5                                                0.000     0.000 r  clk (IN)
                         net (fo=0)                   0.000     0.000    clk
    W5                   IBUF (Prop_ibuf_I_O)         1.458     1.458 r  clk_IBUF_inst/O
                         net (fo=1, routed)           1.967     3.425    clk_IBUF
    BUFGCTRL_X0Y0        BUFG (Prop_bufg_I_O)         0.096     3.521 r  clk_IBUF_BUFG_inst/O
                         net (fo=21, routed)          1.620     5.141    SEVEN_SEGMENT_DISPLAY/DIGIT_SELECTOR/clk_IBUF_BUFG
    SLICE_X61Y22         FDSE                                         r  SEVEN_SEGMENT_DISPLAY/DIGIT_SELECTOR/q_reg[2]/C
  -------------------------------------------------------------------    -------------------
    SLICE_X61Y22         FDSE (Prop_fdse_C_Q)         0.456     5.597 f  SEVEN_SEGMENT_DISPLAY/DIGIT_SELECTOR/q_reg[2]/Q
                         net (fo=9, routed)           1.271     6.869    SEVEN_SEGMENT_DISPLAY/DIGIT_SELECTOR/d[1]
    SLICE_X64Y24         LUT1 (Prop_lut1_I0_O)        0.124     6.993 r  SEVEN_SEGMENT_DISPLAY/DIGIT_SELECTOR/AN3_OBUF_inst_i_1/O
                         net (fo=1, routed)           1.889     8.882    AN3_OBUF
    V4                   OBUF (Prop_obuf_I_O)         3.523    12.405 r  AN3_OBUF_inst/O
                         net (fo=0)                   0.000    12.405    AN3
    V4                                                                r  AN3 (OUT)
  -------------------------------------------------------------------    -------------------

Slack:                    inf
  Source:                 SEVEN_SEGMENT_DISPLAY/DIGIT_SELECTOR/q_reg[0]/C
                            (rising edge-triggered cell FDSE clocked by sys_clk_pin  {rise@0.000ns fall@5.000ns period=10.000ns})
  Destination:            AN1
                            (output port)
  Path Group:             (none)
  Path Type:              Max at Slow Process Corner
  Data Path Delay:        6.981ns  (logic 4.311ns (61.756%)  route 2.670ns (38.244%))
  Logic Levels:           2  (LUT1=1 OBUF=1)
  Clock Uncertainty:      0.025ns  ((TSJ^2 + TIJ^2)^1/2 + DJ) / 2 + PE
    Total System Jitter     (TSJ):    0.050ns
    Total Input Jitter      (TIJ):    0.000ns
    Discrete Jitter          (DJ):    0.000ns
    Phase Error              (PE):    0.000ns

    Location             Delay type                Incr(ns)  Path(ns)    Netlist Resource(s)
  -------------------------------------------------------------------    -------------------
                         (clock sys_clk_pin rise edge)
                                                      0.000     0.000 r  
    W5                                                0.000     0.000 r  clk (IN)
                         net (fo=0)                   0.000     0.000    clk
    W5                   IBUF (Prop_ibuf_I_O)         1.458     1.458 r  clk_IBUF_inst/O
                         net (fo=1, routed)           1.967     3.425    clk_IBUF
    BUFGCTRL_X0Y0        BUFG (Prop_bufg_I_O)         0.096     3.521 r  clk_IBUF_BUFG_inst/O
                         net (fo=21, routed)          1.620     5.141    SEVEN_SEGMENT_DISPLAY/DIGIT_SELECTOR/clk_IBUF_BUFG
    SLICE_X61Y22         FDSE                                         r  SEVEN_SEGMENT_DISPLAY/DIGIT_SELECTOR/q_reg[0]/C
  -------------------------------------------------------------------    -------------------
    SLICE_X61Y22         FDSE (Prop_fdse_C_Q)         0.456     5.597 f  SEVEN_SEGMENT_DISPLAY/DIGIT_SELECTOR/q_reg[0]/Q
                         net (fo=10, routed)          0.718     6.315    SEVEN_SEGMENT_DISPLAY/DIGIT_SELECTOR/digit_select[0]
    SLICE_X63Y23         LUT1 (Prop_lut1_I0_O)        0.150     6.465 r  SEVEN_SEGMENT_DISPLAY/DIGIT_SELECTOR/AN1_OBUF_inst_i_1/O
                         net (fo=1, routed)           1.952     8.417    AN1_OBUF
    U2                   OBUF (Prop_obuf_I_O)         3.705    12.122 r  AN1_OBUF_inst/O
                         net (fo=0)                   0.000    12.122    AN1
    U2                                                                r  AN1 (OUT)
  -------------------------------------------------------------------    -------------------

Slack:                    inf
  Source:                 SEVEN_SEGMENT_DISPLAY/DIGIT_SELECTOR/q_reg[1]/C
                            (rising edge-triggered cell FDSE clocked by sys_clk_pin  {rise@0.000ns fall@5.000ns period=10.000ns})
  Destination:            AN2
                            (output port)
  Path Group:             (none)
  Path Type:              Max at Slow Process Corner
  Data Path Delay:        6.760ns  (logic 4.217ns (62.385%)  route 2.543ns (37.615%))
  Logic Levels:           2  (LUT1=1 OBUF=1)
  Clock Uncertainty:      0.025ns  ((TSJ^2 + TIJ^2)^1/2 + DJ) / 2 + PE
    Total System Jitter     (TSJ):    0.050ns
    Total Input Jitter      (TIJ):    0.000ns
    Discrete Jitter          (DJ):    0.000ns
    Phase Error              (PE):    0.000ns

    Location             Delay type                Incr(ns)  Path(ns)    Netlist Resource(s)
  -------------------------------------------------------------------    -------------------
                         (clock sys_clk_pin rise edge)
                                                      0.000     0.000 r  
    W5                                                0.000     0.000 r  clk (IN)
                         net (fo=0)                   0.000     0.000    clk
    W5                   IBUF (Prop_ibuf_I_O)         1.458     1.458 r  clk_IBUF_inst/O
                         net (fo=1, routed)           1.967     3.425    clk_IBUF
    BUFGCTRL_X0Y0        BUFG (Prop_bufg_I_O)         0.096     3.521 r  clk_IBUF_BUFG_inst/O
                         net (fo=21, routed)          1.620     5.141    SEVEN_SEGMENT_DISPLAY/DIGIT_SELECTOR/clk_IBUF_BUFG
    SLICE_X61Y22         FDSE                                         r  SEVEN_SEGMENT_DISPLAY/DIGIT_SELECTOR/q_reg[1]/C
  -------------------------------------------------------------------    -------------------
    SLICE_X61Y22         FDSE (Prop_fdse_C_Q)         0.419     5.560 f  SEVEN_SEGMENT_DISPLAY/DIGIT_SELECTOR/q_reg[1]/Q
                         net (fo=10, routed)          0.637     6.197    SEVEN_SEGMENT_DISPLAY/DIGIT_SELECTOR/digit_select[1]
    SLICE_X61Y23         LUT1 (Prop_lut1_I0_O)        0.299     6.496 r  SEVEN_SEGMENT_DISPLAY/DIGIT_SELECTOR/AN2_OBUF_inst_i_1/O
                         net (fo=1, routed)           1.906     8.402    AN2_OBUF
    U4                   OBUF (Prop_obuf_I_O)         3.499    11.901 r  AN2_OBUF_inst/O
                         net (fo=0)                   0.000    11.901    AN2
    U4                                                                r  AN2 (OUT)
  -------------------------------------------------------------------    -------------------





Min Delay Paths
--------------------------------------------------------------------------------------
Slack:                    inf
  Source:                 SEVEN_SEGMENT_DISPLAY/DIGIT_SELECTOR/q_reg[3]/C
                            (rising edge-triggered cell FDRE clocked by sys_clk_pin  {rise@0.000ns fall@5.000ns period=10.000ns})
  Destination:            AN4
                            (output port)
  Path Group:             (none)
  Path Type:              Min at Fast Process Corner
  Data Path Delay:        2.017ns  (logic 1.397ns (69.271%)  route 0.620ns (30.729%))
  Logic Levels:           2  (LUT1=1 OBUF=1)
  Clock Uncertainty:      0.025ns  ((TSJ^2 + TIJ^2)^1/2 + DJ) / 2 + PE
    Total System Jitter     (TSJ):    0.050ns
    Total Input Jitter      (TIJ):    0.000ns
    Discrete Jitter          (DJ):    0.000ns
    Phase Error              (PE):    0.000ns

    Location             Delay type                Incr(ns)  Path(ns)    Netlist Resource(s)
  -------------------------------------------------------------------    -------------------
                         (clock sys_clk_pin rise edge)
                                                      0.000     0.000 r  
    W5                                                0.000     0.000 r  clk (IN)
                         net (fo=0)                   0.000     0.000    clk
    W5                   IBUF (Prop_ibuf_I_O)         0.226     0.226 r  clk_IBUF_inst/O
                         net (fo=1, routed)           0.631     0.858    clk_IBUF
    BUFGCTRL_X0Y0        BUFG (Prop_bufg_I_O)         0.026     0.884 r  clk_IBUF_BUFG_inst/O
                         net (fo=21, routed)          0.581     1.464    SEVEN_SEGMENT_DISPLAY/DIGIT_SELECTOR/clk_IBUF_BUFG
    SLICE_X61Y24         FDRE                                         r  SEVEN_SEGMENT_DISPLAY/DIGIT_SELECTOR/q_reg[3]/C
  -------------------------------------------------------------------    -------------------
    SLICE_X61Y24         FDRE (Prop_fdre_C_Q)         0.141     1.605 f  SEVEN_SEGMENT_DISPLAY/DIGIT_SELECTOR/q_reg[3]/Q
                         net (fo=9, routed)           0.256     1.861    SEVEN_SEGMENT_DISPLAY/DIGIT_SELECTOR/d[0]
    SLICE_X64Y24         LUT1 (Prop_lut1_I0_O)        0.045     1.906 r  SEVEN_SEGMENT_DISPLAY/DIGIT_SELECTOR/AN4_OBUF_inst_i_1/O
                         net (fo=1, routed)           0.364     2.270    AN4_OBUF
    W4                   OBUF (Prop_obuf_I_O)         1.211     3.481 r  AN4_OBUF_inst/O
                         net (fo=0)                   0.000     3.481    AN4
    W4                                                                r  AN4 (OUT)
  -------------------------------------------------------------------    -------------------

Slack:                    inf
  Source:                 SEVEN_SEGMENT_DISPLAY/DIGIT_SELECTOR/q_reg[2]/C
                            (rising edge-triggered cell FDSE clocked by sys_clk_pin  {rise@0.000ns fall@5.000ns period=10.000ns})
  Destination:            CE
                            (output port)
  Path Group:             (none)
  Path Type:              Min at Fast Process Corner
  Data Path Delay:        2.076ns  (logic 1.452ns (69.941%)  route 0.624ns (30.059%))
  Logic Levels:           3  (LUT4=1 LUT6=1 OBUF=1)
  Clock Uncertainty:      0.025ns  ((TSJ^2 + TIJ^2)^1/2 + DJ) / 2 + PE
    Total System Jitter     (TSJ):    0.050ns
    Total Input Jitter      (TIJ):    0.000ns
    Discrete Jitter          (DJ):    0.000ns
    Phase Error              (PE):    0.000ns

    Location             Delay type                Incr(ns)  Path(ns)    Netlist Resource(s)
  -------------------------------------------------------------------    -------------------
                         (clock sys_clk_pin rise edge)
                                                      0.000     0.000 r  
    W5                                                0.000     0.000 r  clk (IN)
                         net (fo=0)                   0.000     0.000    clk
    W5                   IBUF (Prop_ibuf_I_O)         0.226     0.226 r  clk_IBUF_inst/O
                         net (fo=1, routed)           0.631     0.858    clk_IBUF
    BUFGCTRL_X0Y0        BUFG (Prop_bufg_I_O)         0.026     0.884 r  clk_IBUF_BUFG_inst/O
                         net (fo=21, routed)          0.584     1.467    SEVEN_SEGMENT_DISPLAY/DIGIT_SELECTOR/clk_IBUF_BUFG
    SLICE_X61Y22         FDSE                                         r  SEVEN_SEGMENT_DISPLAY/DIGIT_SELECTOR/q_reg[2]/C
  -------------------------------------------------------------------    -------------------
    SLICE_X61Y22         FDSE (Prop_fdse_C_Q)         0.141     1.608 f  SEVEN_SEGMENT_DISPLAY/DIGIT_SELECTOR/q_reg[2]/Q
                         net (fo=9, routed)           0.152     1.760    SEVEN_SEGMENT_DISPLAY/DIGIT_SELECTOR/d[1]
    SLICE_X63Y23         LUT6 (Prop_lut6_I3_O)        0.045     1.805 f  SEVEN_SEGMENT_DISPLAY/DIGIT_SELECTOR/CA_OBUF_inst_i_5/O
                         net (fo=7, routed)           0.064     1.869    SEVEN_SEGMENT_DISPLAY/DIGIT_SELECTOR/CA_OBUF_inst_i_5_n_0
    SLICE_X63Y23         LUT4 (Prop_lut4_I1_O)        0.045     1.914 r  SEVEN_SEGMENT_DISPLAY/DIGIT_SELECTOR/CE_OBUF_inst_i_1/O
                         net (fo=1, routed)           0.408     2.322    CE_OBUF
    U5                   OBUF (Prop_obuf_I_O)         1.221     3.543 r  CE_OBUF_inst/O
                         net (fo=0)                   0.000     3.543    CE
    U5                                                                r  CE (OUT)
  -------------------------------------------------------------------    -------------------

Slack:                    inf
  Source:                 SEVEN_SEGMENT_DISPLAY/DIGIT_SELECTOR/q_reg[2]/C
                            (rising edge-triggered cell FDSE clocked by sys_clk_pin  {rise@0.000ns fall@5.000ns period=10.000ns})
  Destination:            CB
                            (output port)
  Path Group:             (none)
  Path Type:              Min at Fast Process Corner
  Data Path Delay:        2.107ns  (logic 1.461ns (69.351%)  route 0.646ns (30.649%))
  Logic Levels:           3  (LUT5=1 LUT6=1 OBUF=1)
  Clock Uncertainty:      0.025ns  ((TSJ^2 + TIJ^2)^1/2 + DJ) / 2 + PE
    Total System Jitter     (TSJ):    0.050ns
    Total Input Jitter      (TIJ):    0.000ns
    Discrete Jitter          (DJ):    0.000ns
    Phase Error              (PE):    0.000ns

    Location             Delay type                Incr(ns)  Path(ns)    Netlist Resource(s)
  -------------------------------------------------------------------    -------------------
                         (clock sys_clk_pin rise edge)
                                                      0.000     0.000 r  
    W5                                                0.000     0.000 r  clk (IN)
                         net (fo=0)                   0.000     0.000    clk
    W5                   IBUF (Prop_ibuf_I_O)         0.226     0.226 r  clk_IBUF_inst/O
                         net (fo=1, routed)           0.631     0.858    clk_IBUF
    BUFGCTRL_X0Y0        BUFG (Prop_bufg_I_O)         0.026     0.884 r  clk_IBUF_BUFG_inst/O
                         net (fo=21, routed)          0.584     1.467    SEVEN_SEGMENT_DISPLAY/DIGIT_SELECTOR/clk_IBUF_BUFG
    SLICE_X61Y22         FDSE                                         r  SEVEN_SEGMENT_DISPLAY/DIGIT_SELECTOR/q_reg[2]/C
  -------------------------------------------------------------------    -------------------
    SLICE_X61Y22         FDSE (Prop_fdse_C_Q)         0.141     1.608 r  SEVEN_SEGMENT_DISPLAY/DIGIT_SELECTOR/q_reg[2]/Q
                         net (fo=9, routed)           0.152     1.760    SEVEN_SEGMENT_DISPLAY/DIGIT_SELECTOR/d[1]
    SLICE_X63Y23         LUT6 (Prop_lut6_I3_O)        0.045     1.805 r  SEVEN_SEGMENT_DISPLAY/DIGIT_SELECTOR/CA_OBUF_inst_i_5/O
                         net (fo=7, routed)           0.161     1.966    SEVEN_SEGMENT_DISPLAY/DIGIT_SELECTOR/CA_OBUF_inst_i_5_n_0
    SLICE_X64Y23         LUT5 (Prop_lut5_I4_O)        0.045     2.011 r  SEVEN_SEGMENT_DISPLAY/DIGIT_SELECTOR/CB_OBUF_inst_i_1/O
                         net (fo=1, routed)           0.333     2.344    CB_OBUF
    W6                   OBUF (Prop_obuf_I_O)         1.230     3.574 r  CB_OBUF_inst/O
                         net (fo=0)                   0.000     3.574    CB
    W6                                                                r  CB (OUT)
  -------------------------------------------------------------------    -------------------

Slack:                    inf
  Source:                 SEVEN_SEGMENT_DISPLAY/DIGIT_SELECTOR/q_reg[2]/C
                            (rising edge-triggered cell FDSE clocked by sys_clk_pin  {rise@0.000ns fall@5.000ns period=10.000ns})
  Destination:            CC
                            (output port)
  Path Group:             (none)
  Path Type:              Min at Fast Process Corner
  Data Path Delay:        2.119ns  (logic 1.467ns (69.241%)  route 0.652ns (30.759%))
  Logic Levels:           3  (LUT5=1 LUT6=1 OBUF=1)
  Clock Uncertainty:      0.025ns  ((TSJ^2 + TIJ^2)^1/2 + DJ) / 2 + PE
    Total System Jitter     (TSJ):    0.050ns
    Total Input Jitter      (TIJ):    0.000ns
    Discrete Jitter          (DJ):    0.000ns
    Phase Error              (PE):    0.000ns

    Location             Delay type                Incr(ns)  Path(ns)    Netlist Resource(s)
  -------------------------------------------------------------------    -------------------
                         (clock sys_clk_pin rise edge)
                                                      0.000     0.000 r  
    W5                                                0.000     0.000 r  clk (IN)
                         net (fo=0)                   0.000     0.000    clk
    W5                   IBUF (Prop_ibuf_I_O)         0.226     0.226 r  clk_IBUF_inst/O
                         net (fo=1, routed)           0.631     0.858    clk_IBUF
    BUFGCTRL_X0Y0        BUFG (Prop_bufg_I_O)         0.026     0.884 r  clk_IBUF_BUFG_inst/O
                         net (fo=21, routed)          0.584     1.467    SEVEN_SEGMENT_DISPLAY/DIGIT_SELECTOR/clk_IBUF_BUFG
    SLICE_X61Y22         FDSE                                         r  SEVEN_SEGMENT_DISPLAY/DIGIT_SELECTOR/q_reg[2]/C
  -------------------------------------------------------------------    -------------------
    SLICE_X61Y22         FDSE (Prop_fdse_C_Q)         0.141     1.608 r  SEVEN_SEGMENT_DISPLAY/DIGIT_SELECTOR/q_reg[2]/Q
                         net (fo=9, routed)           0.152     1.760    SEVEN_SEGMENT_DISPLAY/DIGIT_SELECTOR/d[1]
    SLICE_X63Y23         LUT6 (Prop_lut6_I3_O)        0.045     1.805 r  SEVEN_SEGMENT_DISPLAY/DIGIT_SELECTOR/CA_OBUF_inst_i_5/O
                         net (fo=7, routed)           0.165     1.970    SEVEN_SEGMENT_DISPLAY/DIGIT_SELECTOR/CA_OBUF_inst_i_5_n_0
    SLICE_X64Y23         LUT5 (Prop_lut5_I0_O)        0.045     2.015 r  SEVEN_SEGMENT_DISPLAY/DIGIT_SELECTOR/CC_OBUF_inst_i_1/O
                         net (fo=1, routed)           0.335     2.350    CC_OBUF
    U8                   OBUF (Prop_obuf_I_O)         1.236     3.586 r  CC_OBUF_inst/O
                         net (fo=0)                   0.000     3.586    CC
    U8                                                                r  CC (OUT)
  -------------------------------------------------------------------    -------------------

Slack:                    inf
  Source:                 SEVEN_SEGMENT_DISPLAY/DIGIT_SELECTOR/q_reg[1]/C
                            (rising edge-triggered cell FDSE clocked by sys_clk_pin  {rise@0.000ns fall@5.000ns period=10.000ns})
  Destination:            AN2
                            (output port)
  Path Group:             (none)
  Path Type:              Min at Fast Process Corner
  Data Path Delay:        2.126ns  (logic 1.427ns (67.136%)  route 0.699ns (32.864%))
  Logic Levels:           2  (LUT1=1 OBUF=1)
  Clock Uncertainty:      0.025ns  ((TSJ^2 + TIJ^2)^1/2 + DJ) / 2 + PE
    Total System Jitter     (TSJ):    0.050ns
    Total Input Jitter      (TIJ):    0.000ns
    Discrete Jitter          (DJ):    0.000ns
    Phase Error              (PE):    0.000ns

    Location             Delay type                Incr(ns)  Path(ns)    Netlist Resource(s)
  -------------------------------------------------------------------    -------------------
                         (clock sys_clk_pin rise edge)
                                                      0.000     0.000 r  
    W5                                                0.000     0.000 r  clk (IN)
                         net (fo=0)                   0.000     0.000    clk
    W5                   IBUF (Prop_ibuf_I_O)         0.226     0.226 r  clk_IBUF_inst/O
                         net (fo=1, routed)           0.631     0.858    clk_IBUF
    BUFGCTRL_X0Y0        BUFG (Prop_bufg_I_O)         0.026     0.884 r  clk_IBUF_BUFG_inst/O
                         net (fo=21, routed)          0.584     1.467    SEVEN_SEGMENT_DISPLAY/DIGIT_SELECTOR/clk_IBUF_BUFG
    SLICE_X61Y22         FDSE                                         r  SEVEN_SEGMENT_DISPLAY/DIGIT_SELECTOR/q_reg[1]/C
  -------------------------------------------------------------------    -------------------
    SLICE_X61Y22         FDSE (Prop_fdse_C_Q)         0.128     1.595 f  SEVEN_SEGMENT_DISPLAY/DIGIT_SELECTOR/q_reg[1]/Q
                         net (fo=10, routed)          0.253     1.848    SEVEN_SEGMENT_DISPLAY/DIGIT_SELECTOR/digit_select[1]
    SLICE_X61Y23         LUT1 (Prop_lut1_I0_O)        0.099     1.947 r  SEVEN_SEGMENT_DISPLAY/DIGIT_SELECTOR/AN2_OBUF_inst_i_1/O
                         net (fo=1, routed)           0.446     2.393    AN2_OBUF
    U4                   OBUF (Prop_obuf_I_O)         1.200     3.593 r  AN2_OBUF_inst/O
                         net (fo=0)                   0.000     3.593    AN2
    U4                                                                r  AN2 (OUT)
  -------------------------------------------------------------------    -------------------

Slack:                    inf
  Source:                 SEVEN_SEGMENT_DISPLAY/DIGIT_SELECTOR/q_reg[0]/C
                            (rising edge-triggered cell FDSE clocked by sys_clk_pin  {rise@0.000ns fall@5.000ns period=10.000ns})
  Destination:            AN1
                            (output port)
  Path Group:             (none)
  Path Type:              Min at Fast Process Corner
  Data Path Delay:        2.210ns  (logic 1.449ns (65.578%)  route 0.761ns (34.422%))
  Logic Levels:           2  (LUT1=1 OBUF=1)
  Clock Uncertainty:      0.025ns  ((TSJ^2 + TIJ^2)^1/2 + DJ) / 2 + PE
    Total System Jitter     (TSJ):    0.050ns
    Total Input Jitter      (TIJ):    0.000ns
    Discrete Jitter          (DJ):    0.000ns
    Phase Error              (PE):    0.000ns

    Location             Delay type                Incr(ns)  Path(ns)    Netlist Resource(s)
  -------------------------------------------------------------------    -------------------
                         (clock sys_clk_pin rise edge)
                                                      0.000     0.000 r  
    W5                                                0.000     0.000 r  clk (IN)
                         net (fo=0)                   0.000     0.000    clk
    W5                   IBUF (Prop_ibuf_I_O)         0.226     0.226 r  clk_IBUF_inst/O
                         net (fo=1, routed)           0.631     0.858    clk_IBUF
    BUFGCTRL_X0Y0        BUFG (Prop_bufg_I_O)         0.026     0.884 r  clk_IBUF_BUFG_inst/O
                         net (fo=21, routed)          0.584     1.467    SEVEN_SEGMENT_DISPLAY/DIGIT_SELECTOR/clk_IBUF_BUFG
    SLICE_X61Y22         FDSE                                         r  SEVEN_SEGMENT_DISPLAY/DIGIT_SELECTOR/q_reg[0]/C
  -------------------------------------------------------------------    -------------------
    SLICE_X61Y22         FDSE (Prop_fdse_C_Q)         0.141     1.608 f  SEVEN_SEGMENT_DISPLAY/DIGIT_SELECTOR/q_reg[0]/Q
                         net (fo=10, routed)          0.280     1.888    SEVEN_SEGMENT_DISPLAY/DIGIT_SELECTOR/digit_select[0]
    SLICE_X63Y23         LUT1 (Prop_lut1_I0_O)        0.042     1.930 r  SEVEN_SEGMENT_DISPLAY/DIGIT_SELECTOR/AN1_OBUF_inst_i_1/O
                         net (fo=1, routed)           0.481     2.411    AN1_OBUF
    U2                   OBUF (Prop_obuf_I_O)         1.266     3.677 r  AN1_OBUF_inst/O
                         net (fo=0)                   0.000     3.677    AN1
    U2                                                                r  AN1 (OUT)
  -------------------------------------------------------------------    -------------------

Slack:                    inf
  Source:                 SEVEN_SEGMENT_DISPLAY/DIGIT_SELECTOR/q_reg[2]/C
                            (rising edge-triggered cell FDSE clocked by sys_clk_pin  {rise@0.000ns fall@5.000ns period=10.000ns})
  Destination:            CF
                            (output port)
  Path Group:             (none)
  Path Type:              Min at Fast Process Corner
  Data Path Delay:        2.241ns  (logic 1.506ns (67.190%)  route 0.735ns (32.810%))
  Logic Levels:           3  (LUT5=1 LUT6=1 OBUF=1)
  Clock Uncertainty:      0.025ns  ((TSJ^2 + TIJ^2)^1/2 + DJ) / 2 + PE
    Total System Jitter     (TSJ):    0.050ns
    Total Input Jitter      (TIJ):    0.000ns
    Discrete Jitter          (DJ):    0.000ns
    Phase Error              (PE):    0.000ns

    Location             Delay type                Incr(ns)  Path(ns)    Netlist Resource(s)
  -------------------------------------------------------------------    -------------------
                         (clock sys_clk_pin rise edge)
                                                      0.000     0.000 r  
    W5                                                0.000     0.000 r  clk (IN)
                         net (fo=0)                   0.000     0.000    clk
    W5                   IBUF (Prop_ibuf_I_O)         0.226     0.226 r  clk_IBUF_inst/O
                         net (fo=1, routed)           0.631     0.858    clk_IBUF
    BUFGCTRL_X0Y0        BUFG (Prop_bufg_I_O)         0.026     0.884 r  clk_IBUF_BUFG_inst/O
                         net (fo=21, routed)          0.584     1.467    SEVEN_SEGMENT_DISPLAY/DIGIT_SELECTOR/clk_IBUF_BUFG
    SLICE_X61Y22         FDSE                                         r  SEVEN_SEGMENT_DISPLAY/DIGIT_SELECTOR/q_reg[2]/C
  -------------------------------------------------------------------    -------------------
    SLICE_X61Y22         FDSE (Prop_fdse_C_Q)         0.141     1.608 r  SEVEN_SEGMENT_DISPLAY/DIGIT_SELECTOR/q_reg[2]/Q
                         net (fo=9, routed)           0.152     1.760    SEVEN_SEGMENT_DISPLAY/DIGIT_SELECTOR/d[1]
    SLICE_X63Y23         LUT6 (Prop_lut6_I3_O)        0.045     1.805 r  SEVEN_SEGMENT_DISPLAY/DIGIT_SELECTOR/CA_OBUF_inst_i_5/O
                         net (fo=7, routed)           0.161     1.966    SEVEN_SEGMENT_DISPLAY/DIGIT_SELECTOR/CA_OBUF_inst_i_5_n_0
    SLICE_X64Y23         LUT5 (Prop_lut5_I4_O)        0.048     2.014 r  SEVEN_SEGMENT_DISPLAY/DIGIT_SELECTOR/CF_OBUF_inst_i_1/O
                         net (fo=1, routed)           0.422     2.436    CF_OBUF
    V5                   OBUF (Prop_obuf_I_O)         1.272     3.708 r  CF_OBUF_inst/O
                         net (fo=0)                   0.000     3.708    CF
    V5                                                                r  CF (OUT)
  -------------------------------------------------------------------    -------------------

Slack:                    inf
  Source:                 SEVEN_SEGMENT_DISPLAY/DIGIT_SELECTOR/q_reg[2]/C
                            (rising edge-triggered cell FDSE clocked by sys_clk_pin  {rise@0.000ns fall@5.000ns period=10.000ns})
  Destination:            CD
                            (output port)
  Path Group:             (none)
  Path Type:              Min at Fast Process Corner
  Data Path Delay:        2.260ns  (logic 1.543ns (68.280%)  route 0.717ns (31.720%))
  Logic Levels:           3  (LUT5=1 LUT6=1 OBUF=1)
  Clock Uncertainty:      0.025ns  ((TSJ^2 + TIJ^2)^1/2 + DJ) / 2 + PE
    Total System Jitter     (TSJ):    0.050ns
    Total Input Jitter      (TIJ):    0.000ns
    Discrete Jitter          (DJ):    0.000ns
    Phase Error              (PE):    0.000ns

    Location             Delay type                Incr(ns)  Path(ns)    Netlist Resource(s)
  -------------------------------------------------------------------    -------------------
                         (clock sys_clk_pin rise edge)
                                                      0.000     0.000 r  
    W5                                                0.000     0.000 r  clk (IN)
                         net (fo=0)                   0.000     0.000    clk
    W5                   IBUF (Prop_ibuf_I_O)         0.226     0.226 r  clk_IBUF_inst/O
                         net (fo=1, routed)           0.631     0.858    clk_IBUF
    BUFGCTRL_X0Y0        BUFG (Prop_bufg_I_O)         0.026     0.884 r  clk_IBUF_BUFG_inst/O
                         net (fo=21, routed)          0.584     1.467    SEVEN_SEGMENT_DISPLAY/DIGIT_SELECTOR/clk_IBUF_BUFG
    SLICE_X61Y22         FDSE                                         r  SEVEN_SEGMENT_DISPLAY/DIGIT_SELECTOR/q_reg[2]/C
  -------------------------------------------------------------------    -------------------
    SLICE_X61Y22         FDSE (Prop_fdse_C_Q)         0.141     1.608 r  SEVEN_SEGMENT_DISPLAY/DIGIT_SELECTOR/q_reg[2]/Q
                         net (fo=9, routed)           0.152     1.760    SEVEN_SEGMENT_DISPLAY/DIGIT_SELECTOR/d[1]
    SLICE_X63Y23         LUT6 (Prop_lut6_I3_O)        0.045     1.805 r  SEVEN_SEGMENT_DISPLAY/DIGIT_SELECTOR/CA_OBUF_inst_i_5/O
                         net (fo=7, routed)           0.165     1.970    SEVEN_SEGMENT_DISPLAY/DIGIT_SELECTOR/CA_OBUF_inst_i_5_n_0
    SLICE_X64Y23         LUT5 (Prop_lut5_I4_O)        0.048     2.018 r  SEVEN_SEGMENT_DISPLAY/DIGIT_SELECTOR/CD_OBUF_inst_i_1/O
                         net (fo=1, routed)           0.400     2.418    CD_OBUF
    V8                   OBUF (Prop_obuf_I_O)         1.309     3.728 r  CD_OBUF_inst/O
                         net (fo=0)                   0.000     3.728    CD
    V8                                                                r  CD (OUT)
  -------------------------------------------------------------------    -------------------

Slack:                    inf
  Source:                 SEVEN_SEGMENT_DISPLAY/DIGIT_SELECTOR/q_reg[2]/C
                            (rising edge-triggered cell FDSE clocked by sys_clk_pin  {rise@0.000ns fall@5.000ns period=10.000ns})
  Destination:            CA
                            (output port)
  Path Group:             (none)
  Path Type:              Min at Fast Process Corner
  Data Path Delay:        2.292ns  (logic 1.510ns (65.861%)  route 0.783ns (34.139%))
  Logic Levels:           3  (LUT5=1 LUT6=1 OBUF=1)
  Clock Uncertainty:      0.025ns  ((TSJ^2 + TIJ^2)^1/2 + DJ) / 2 + PE
    Total System Jitter     (TSJ):    0.050ns
    Total Input Jitter      (TIJ):    0.000ns
    Discrete Jitter          (DJ):    0.000ns
    Phase Error              (PE):    0.000ns

    Location             Delay type                Incr(ns)  Path(ns)    Netlist Resource(s)
  -------------------------------------------------------------------    -------------------
                         (clock sys_clk_pin rise edge)
                                                      0.000     0.000 r  
    W5                                                0.000     0.000 r  clk (IN)
                         net (fo=0)                   0.000     0.000    clk
    W5                   IBUF (Prop_ibuf_I_O)         0.226     0.226 r  clk_IBUF_inst/O
                         net (fo=1, routed)           0.631     0.858    clk_IBUF
    BUFGCTRL_X0Y0        BUFG (Prop_bufg_I_O)         0.026     0.884 r  clk_IBUF_BUFG_inst/O
                         net (fo=21, routed)          0.584     1.467    SEVEN_SEGMENT_DISPLAY/DIGIT_SELECTOR/clk_IBUF_BUFG
    SLICE_X61Y22         FDSE                                         r  SEVEN_SEGMENT_DISPLAY/DIGIT_SELECTOR/q_reg[2]/C
  -------------------------------------------------------------------    -------------------
    SLICE_X61Y22         FDSE (Prop_fdse_C_Q)         0.141     1.608 r  SEVEN_SEGMENT_DISPLAY/DIGIT_SELECTOR/q_reg[2]/Q
                         net (fo=9, routed)           0.152     1.760    SEVEN_SEGMENT_DISPLAY/DIGIT_SELECTOR/d[1]
    SLICE_X63Y23         LUT6 (Prop_lut6_I3_O)        0.045     1.805 r  SEVEN_SEGMENT_DISPLAY/DIGIT_SELECTOR/CA_OBUF_inst_i_5/O
                         net (fo=7, routed)           0.299     2.104    SEVEN_SEGMENT_DISPLAY/DIGIT_SELECTOR/CA_OBUF_inst_i_5_n_0
    SLICE_X64Y23         LUT5 (Prop_lut5_I4_O)        0.044     2.148 r  SEVEN_SEGMENT_DISPLAY/DIGIT_SELECTOR/CA_OBUF_inst_i_1/O
                         net (fo=1, routed)           0.331     2.480    CA_OBUF
    W7                   OBUF (Prop_obuf_I_O)         1.280     3.759 r  CA_OBUF_inst/O
                         net (fo=0)                   0.000     3.759    CA
    W7                                                                r  CA (OUT)
  -------------------------------------------------------------------    -------------------

Slack:                    inf
  Source:                 SEVEN_SEGMENT_DISPLAY/DIGIT_SELECTOR/q_reg[2]/C
                            (rising edge-triggered cell FDSE clocked by sys_clk_pin  {rise@0.000ns fall@5.000ns period=10.000ns})
  Destination:            CG
                            (output port)
  Path Group:             (none)
  Path Type:              Min at Fast Process Corner
  Data Path Delay:        2.418ns  (logic 1.463ns (60.511%)  route 0.955ns (39.489%))
  Logic Levels:           3  (LUT5=1 LUT6=1 OBUF=1)
  Clock Uncertainty:      0.025ns  ((TSJ^2 + TIJ^2)^1/2 + DJ) / 2 + PE
    Total System Jitter     (TSJ):    0.050ns
    Total Input Jitter      (TIJ):    0.000ns
    Discrete Jitter          (DJ):    0.000ns
    Phase Error              (PE):    0.000ns

    Location             Delay type                Incr(ns)  Path(ns)    Netlist Resource(s)
  -------------------------------------------------------------------    -------------------
                         (clock sys_clk_pin rise edge)
                                                      0.000     0.000 r  
    W5                                                0.000     0.000 r  clk (IN)
                         net (fo=0)                   0.000     0.000    clk
    W5                   IBUF (Prop_ibuf_I_O)         0.226     0.226 r  clk_IBUF_inst/O
                         net (fo=1, routed)           0.631     0.858    clk_IBUF
    BUFGCTRL_X0Y0        BUFG (Prop_bufg_I_O)         0.026     0.884 r  clk_IBUF_BUFG_inst/O
                         net (fo=21, routed)          0.584     1.467    SEVEN_SEGMENT_DISPLAY/DIGIT_SELECTOR/clk_IBUF_BUFG
    SLICE_X61Y22         FDSE                                         r  SEVEN_SEGMENT_DISPLAY/DIGIT_SELECTOR/q_reg[2]/C
  -------------------------------------------------------------------    -------------------
    SLICE_X61Y22         FDSE (Prop_fdse_C_Q)         0.141     1.608 r  SEVEN_SEGMENT_DISPLAY/DIGIT_SELECTOR/q_reg[2]/Q
                         net (fo=9, routed)           0.152     1.760    SEVEN_SEGMENT_DISPLAY/DIGIT_SELECTOR/d[1]
    SLICE_X63Y23         LUT6 (Prop_lut6_I3_O)        0.045     1.805 r  SEVEN_SEGMENT_DISPLAY/DIGIT_SELECTOR/CA_OBUF_inst_i_5/O
                         net (fo=7, routed)           0.299     2.104    SEVEN_SEGMENT_DISPLAY/DIGIT_SELECTOR/CA_OBUF_inst_i_5_n_0
    SLICE_X64Y23         LUT5 (Prop_lut5_I0_O)        0.045     2.149 r  SEVEN_SEGMENT_DISPLAY/DIGIT_SELECTOR/CG_OBUF_inst_i_1/O
                         net (fo=1, routed)           0.504     2.653    CG_OBUF
    U7                   OBUF (Prop_obuf_I_O)         1.232     3.885 r  CG_OBUF_inst/O
                         net (fo=0)                   0.000     3.885    CG
    U7                                                                r  CG (OUT)
  -------------------------------------------------------------------    -------------------





--------------------------------------------------------------------------------------
Path Group:  (none)
From Clock:  
  To Clock:  sys_clk_pin

Max Delay            21 Endpoints
Min Delay            21 Endpoints
--------------------------------------------------------------------------------------


Max Delay Paths
--------------------------------------------------------------------------------------
Slack:                    inf
  Source:                 reset
                            (input port)
  Destination:            SEVEN_SEGMENT_DISPLAY/DIGIT_SELECTOR/q_reg[3]/D
                            (rising edge-triggered cell FDRE clocked by sys_clk_pin  {rise@0.000ns fall@5.000ns period=10.000ns})
  Path Group:             (none)
  Path Type:              Setup (Max at Slow Process Corner)
  Data Path Delay:        5.882ns  (logic 1.565ns (26.613%)  route 4.316ns (73.387%))
  Logic Levels:           2  (IBUF=1 LUT6=1)
  Clock Path Skew:        4.842ns (DCD - SCD + CPR)
    Destination Clock Delay (DCD):    4.842ns
    Source Clock Delay      (SCD):    0.000ns
    Clock Pessimism Removal (CPR):    0.000ns
  Clock Uncertainty:      0.025ns  ((TSJ^2 + TIJ^2)^1/2 + DJ) / 2 + PE
    Total System Jitter     (TSJ):    0.050ns
    Total Input Jitter      (TIJ):    0.000ns
    Discrete Jitter          (DJ):    0.000ns
    Phase Error              (PE):    0.000ns

    Location             Delay type                Incr(ns)  Path(ns)    Netlist Resource(s)
  -------------------------------------------------------------------    -------------------
    U18                                               0.000     0.000 r  reset (IN)
                         net (fo=0)                   0.000     0.000    reset
    U18                  IBUF (Prop_ibuf_I_O)         1.441     1.441 r  reset_IBUF_inst/O
                         net (fo=21, routed)          4.316     5.758    SEVEN_SEGMENT_DISPLAY/DIGIT_SELECTOR/reset_IBUF
    SLICE_X61Y24         LUT6 (Prop_lut6_I3_O)        0.124     5.882 r  SEVEN_SEGMENT_DISPLAY/DIGIT_SELECTOR/q[3]_i_1/O
                         net (fo=1, routed)           0.000     5.882    SEVEN_SEGMENT_DISPLAY/DIGIT_SELECTOR/q[3]_i_1_n_0
    SLICE_X61Y24         FDRE                                         r  SEVEN_SEGMENT_DISPLAY/DIGIT_SELECTOR/q_reg[3]/D
  -------------------------------------------------------------------    -------------------

                         (clock sys_clk_pin rise edge)
                                                      0.000     0.000 r  
    W5                                                0.000     0.000 r  clk (IN)
                         net (fo=0)                   0.000     0.000    clk
    W5                   IBUF (Prop_ibuf_I_O)         1.388     1.388 r  clk_IBUF_inst/O
                         net (fo=1, routed)           1.862     3.250    clk_IBUF
    BUFGCTRL_X0Y0        BUFG (Prop_bufg_I_O)         0.091     3.341 r  clk_IBUF_BUFG_inst/O
                         net (fo=21, routed)          1.501     4.842    SEVEN_SEGMENT_DISPLAY/DIGIT_SELECTOR/clk_IBUF_BUFG
    SLICE_X61Y24         FDRE                                         r  SEVEN_SEGMENT_DISPLAY/DIGIT_SELECTOR/q_reg[3]/C

Slack:                    inf
  Source:                 reset
                            (input port)
  Destination:            SEVEN_SEGMENT_DISPLAY/DIGIT_SELECTOR/count_reg[12]/R
                            (rising edge-triggered cell FDRE clocked by sys_clk_pin  {rise@0.000ns fall@5.000ns period=10.000ns})
  Path Group:             (none)
  Path Type:              Setup (Max at Slow Process Corner)
  Data Path Delay:        5.293ns  (logic 1.441ns (27.232%)  route 3.851ns (72.768%))
  Logic Levels:           1  (IBUF=1)
  Clock Path Skew:        4.842ns (DCD - SCD + CPR)
    Destination Clock Delay (DCD):    4.842ns
    Source Clock Delay      (SCD):    0.000ns
    Clock Pessimism Removal (CPR):    0.000ns
  Clock Uncertainty:      0.025ns  ((TSJ^2 + TIJ^2)^1/2 + DJ) / 2 + PE
    Total System Jitter     (TSJ):    0.050ns
    Total Input Jitter      (TIJ):    0.000ns
    Discrete Jitter          (DJ):    0.000ns
    Phase Error              (PE):    0.000ns

    Location             Delay type                Incr(ns)  Path(ns)    Netlist Resource(s)
  -------------------------------------------------------------------    -------------------
    U18                                               0.000     0.000 r  reset (IN)
                         net (fo=0)                   0.000     0.000    reset
    U18                  IBUF (Prop_ibuf_I_O)         1.441     1.441 r  reset_IBUF_inst/O
                         net (fo=21, routed)          3.851     5.293    SEVEN_SEGMENT_DISPLAY/DIGIT_SELECTOR/reset_IBUF
    SLICE_X60Y24         FDRE                                         r  SEVEN_SEGMENT_DISPLAY/DIGIT_SELECTOR/count_reg[12]/R
  -------------------------------------------------------------------    -------------------

                         (clock sys_clk_pin rise edge)
                                                      0.000     0.000 r  
    W5                                                0.000     0.000 r  clk (IN)
                         net (fo=0)                   0.000     0.000    clk
    W5                   IBUF (Prop_ibuf_I_O)         1.388     1.388 r  clk_IBUF_inst/O
                         net (fo=1, routed)           1.862     3.250    clk_IBUF
    BUFGCTRL_X0Y0        BUFG (Prop_bufg_I_O)         0.091     3.341 r  clk_IBUF_BUFG_inst/O
                         net (fo=21, routed)          1.501     4.842    SEVEN_SEGMENT_DISPLAY/DIGIT_SELECTOR/clk_IBUF_BUFG
    SLICE_X60Y24         FDRE                                         r  SEVEN_SEGMENT_DISPLAY/DIGIT_SELECTOR/count_reg[12]/C

Slack:                    inf
  Source:                 reset
                            (input port)
  Destination:            SEVEN_SEGMENT_DISPLAY/DIGIT_SELECTOR/count_reg[13]/R
                            (rising edge-triggered cell FDRE clocked by sys_clk_pin  {rise@0.000ns fall@5.000ns period=10.000ns})
  Path Group:             (none)
  Path Type:              Setup (Max at Slow Process Corner)
  Data Path Delay:        5.293ns  (logic 1.441ns (27.232%)  route 3.851ns (72.768%))
  Logic Levels:           1  (IBUF=1)
  Clock Path Skew:        4.842ns (DCD - SCD + CPR)
    Destination Clock Delay (DCD):    4.842ns
    Source Clock Delay      (SCD):    0.000ns
    Clock Pessimism Removal (CPR):    0.000ns
  Clock Uncertainty:      0.025ns  ((TSJ^2 + TIJ^2)^1/2 + DJ) / 2 + PE
    Total System Jitter     (TSJ):    0.050ns
    Total Input Jitter      (TIJ):    0.000ns
    Discrete Jitter          (DJ):    0.000ns
    Phase Error              (PE):    0.000ns

    Location             Delay type                Incr(ns)  Path(ns)    Netlist Resource(s)
  -------------------------------------------------------------------    -------------------
    U18                                               0.000     0.000 r  reset (IN)
                         net (fo=0)                   0.000     0.000    reset
    U18                  IBUF (Prop_ibuf_I_O)         1.441     1.441 r  reset_IBUF_inst/O
                         net (fo=21, routed)          3.851     5.293    SEVEN_SEGMENT_DISPLAY/DIGIT_SELECTOR/reset_IBUF
    SLICE_X60Y24         FDRE                                         r  SEVEN_SEGMENT_DISPLAY/DIGIT_SELECTOR/count_reg[13]/R
  -------------------------------------------------------------------    -------------------

                         (clock sys_clk_pin rise edge)
                                                      0.000     0.000 r  
    W5                                                0.000     0.000 r  clk (IN)
                         net (fo=0)                   0.000     0.000    clk
    W5                   IBUF (Prop_ibuf_I_O)         1.388     1.388 r  clk_IBUF_inst/O
                         net (fo=1, routed)           1.862     3.250    clk_IBUF
    BUFGCTRL_X0Y0        BUFG (Prop_bufg_I_O)         0.091     3.341 r  clk_IBUF_BUFG_inst/O
                         net (fo=21, routed)          1.501     4.842    SEVEN_SEGMENT_DISPLAY/DIGIT_SELECTOR/clk_IBUF_BUFG
    SLICE_X60Y24         FDRE                                         r  SEVEN_SEGMENT_DISPLAY/DIGIT_SELECTOR/count_reg[13]/C

Slack:                    inf
  Source:                 reset
                            (input port)
  Destination:            SEVEN_SEGMENT_DISPLAY/DIGIT_SELECTOR/count_reg[14]/R
                            (rising edge-triggered cell FDRE clocked by sys_clk_pin  {rise@0.000ns fall@5.000ns period=10.000ns})
  Path Group:             (none)
  Path Type:              Setup (Max at Slow Process Corner)
  Data Path Delay:        5.293ns  (logic 1.441ns (27.232%)  route 3.851ns (72.768%))
  Logic Levels:           1  (IBUF=1)
  Clock Path Skew:        4.842ns (DCD - SCD + CPR)
    Destination Clock Delay (DCD):    4.842ns
    Source Clock Delay      (SCD):    0.000ns
    Clock Pessimism Removal (CPR):    0.000ns
  Clock Uncertainty:      0.025ns  ((TSJ^2 + TIJ^2)^1/2 + DJ) / 2 + PE
    Total System Jitter     (TSJ):    0.050ns
    Total Input Jitter      (TIJ):    0.000ns
    Discrete Jitter          (DJ):    0.000ns
    Phase Error              (PE):    0.000ns

    Location             Delay type                Incr(ns)  Path(ns)    Netlist Resource(s)
  -------------------------------------------------------------------    -------------------
    U18                                               0.000     0.000 r  reset (IN)
                         net (fo=0)                   0.000     0.000    reset
    U18                  IBUF (Prop_ibuf_I_O)         1.441     1.441 r  reset_IBUF_inst/O
                         net (fo=21, routed)          3.851     5.293    SEVEN_SEGMENT_DISPLAY/DIGIT_SELECTOR/reset_IBUF
    SLICE_X60Y24         FDRE                                         r  SEVEN_SEGMENT_DISPLAY/DIGIT_SELECTOR/count_reg[14]/R
  -------------------------------------------------------------------    -------------------

                         (clock sys_clk_pin rise edge)
                                                      0.000     0.000 r  
    W5                                                0.000     0.000 r  clk (IN)
                         net (fo=0)                   0.000     0.000    clk
    W5                   IBUF (Prop_ibuf_I_O)         1.388     1.388 r  clk_IBUF_inst/O
                         net (fo=1, routed)           1.862     3.250    clk_IBUF
    BUFGCTRL_X0Y0        BUFG (Prop_bufg_I_O)         0.091     3.341 r  clk_IBUF_BUFG_inst/O
                         net (fo=21, routed)          1.501     4.842    SEVEN_SEGMENT_DISPLAY/DIGIT_SELECTOR/clk_IBUF_BUFG
    SLICE_X60Y24         FDRE                                         r  SEVEN_SEGMENT_DISPLAY/DIGIT_SELECTOR/count_reg[14]/C

Slack:                    inf
  Source:                 reset
                            (input port)
  Destination:            SEVEN_SEGMENT_DISPLAY/DIGIT_SELECTOR/count_reg[15]/R
                            (rising edge-triggered cell FDRE clocked by sys_clk_pin  {rise@0.000ns fall@5.000ns period=10.000ns})
  Path Group:             (none)
  Path Type:              Setup (Max at Slow Process Corner)
  Data Path Delay:        5.293ns  (logic 1.441ns (27.232%)  route 3.851ns (72.768%))
  Logic Levels:           1  (IBUF=1)
  Clock Path Skew:        4.842ns (DCD - SCD + CPR)
    Destination Clock Delay (DCD):    4.842ns
    Source Clock Delay      (SCD):    0.000ns
    Clock Pessimism Removal (CPR):    0.000ns
  Clock Uncertainty:      0.025ns  ((TSJ^2 + TIJ^2)^1/2 + DJ) / 2 + PE
    Total System Jitter     (TSJ):    0.050ns
    Total Input Jitter      (TIJ):    0.000ns
    Discrete Jitter          (DJ):    0.000ns
    Phase Error              (PE):    0.000ns

    Location             Delay type                Incr(ns)  Path(ns)    Netlist Resource(s)
  -------------------------------------------------------------------    -------------------
    U18                                               0.000     0.000 r  reset (IN)
                         net (fo=0)                   0.000     0.000    reset
    U18                  IBUF (Prop_ibuf_I_O)         1.441     1.441 r  reset_IBUF_inst/O
                         net (fo=21, routed)          3.851     5.293    SEVEN_SEGMENT_DISPLAY/DIGIT_SELECTOR/reset_IBUF
    SLICE_X60Y24         FDRE                                         r  SEVEN_SEGMENT_DISPLAY/DIGIT_SELECTOR/count_reg[15]/R
  -------------------------------------------------------------------    -------------------

                         (clock sys_clk_pin rise edge)
                                                      0.000     0.000 r  
    W5                                                0.000     0.000 r  clk (IN)
                         net (fo=0)                   0.000     0.000    clk
    W5                   IBUF (Prop_ibuf_I_O)         1.388     1.388 r  clk_IBUF_inst/O
                         net (fo=1, routed)           1.862     3.250    clk_IBUF
    BUFGCTRL_X0Y0        BUFG (Prop_bufg_I_O)         0.091     3.341 r  clk_IBUF_BUFG_inst/O
                         net (fo=21, routed)          1.501     4.842    SEVEN_SEGMENT_DISPLAY/DIGIT_SELECTOR/clk_IBUF_BUFG
    SLICE_X60Y24         FDRE                                         r  SEVEN_SEGMENT_DISPLAY/DIGIT_SELECTOR/count_reg[15]/C

Slack:                    inf
  Source:                 reset
                            (input port)
  Destination:            SEVEN_SEGMENT_DISPLAY/DIGIT_SELECTOR/count_reg[16]/R
                            (rising edge-triggered cell FDRE clocked by sys_clk_pin  {rise@0.000ns fall@5.000ns period=10.000ns})
  Path Group:             (none)
  Path Type:              Setup (Max at Slow Process Corner)
  Data Path Delay:        5.096ns  (logic 1.441ns (28.285%)  route 3.654ns (71.715%))
  Logic Levels:           1  (IBUF=1)
  Clock Path Skew:        4.842ns (DCD - SCD + CPR)
    Destination Clock Delay (DCD):    4.842ns
    Source Clock Delay      (SCD):    0.000ns
    Clock Pessimism Removal (CPR):    0.000ns
  Clock Uncertainty:      0.025ns  ((TSJ^2 + TIJ^2)^1/2 + DJ) / 2 + PE
    Total System Jitter     (TSJ):    0.050ns
    Total Input Jitter      (TIJ):    0.000ns
    Discrete Jitter          (DJ):    0.000ns
    Phase Error              (PE):    0.000ns

    Location             Delay type                Incr(ns)  Path(ns)    Netlist Resource(s)
  -------------------------------------------------------------------    -------------------
    U18                                               0.000     0.000 r  reset (IN)
                         net (fo=0)                   0.000     0.000    reset
    U18                  IBUF (Prop_ibuf_I_O)         1.441     1.441 r  reset_IBUF_inst/O
                         net (fo=21, routed)          3.654     5.096    SEVEN_SEGMENT_DISPLAY/DIGIT_SELECTOR/reset_IBUF
    SLICE_X60Y25         FDRE                                         r  SEVEN_SEGMENT_DISPLAY/DIGIT_SELECTOR/count_reg[16]/R
  -------------------------------------------------------------------    -------------------

                         (clock sys_clk_pin rise edge)
                                                      0.000     0.000 r  
    W5                                                0.000     0.000 r  clk (IN)
                         net (fo=0)                   0.000     0.000    clk
    W5                   IBUF (Prop_ibuf_I_O)         1.388     1.388 r  clk_IBUF_inst/O
                         net (fo=1, routed)           1.862     3.250    clk_IBUF
    BUFGCTRL_X0Y0        BUFG (Prop_bufg_I_O)         0.091     3.341 r  clk_IBUF_BUFG_inst/O
                         net (fo=21, routed)          1.501     4.842    SEVEN_SEGMENT_DISPLAY/DIGIT_SELECTOR/clk_IBUF_BUFG
    SLICE_X60Y25         FDRE                                         r  SEVEN_SEGMENT_DISPLAY/DIGIT_SELECTOR/count_reg[16]/C

Slack:                    inf
  Source:                 reset
                            (input port)
  Destination:            SEVEN_SEGMENT_DISPLAY/DIGIT_SELECTOR/count_reg[10]/R
                            (rising edge-triggered cell FDRE clocked by sys_clk_pin  {rise@0.000ns fall@5.000ns period=10.000ns})
  Path Group:             (none)
  Path Type:              Setup (Max at Slow Process Corner)
  Data Path Delay:        4.935ns  (logic 1.441ns (29.204%)  route 3.494ns (70.796%))
  Logic Levels:           1  (IBUF=1)
  Clock Path Skew:        4.844ns (DCD - SCD + CPR)
    Destination Clock Delay (DCD):    4.844ns
    Source Clock Delay      (SCD):    0.000ns
    Clock Pessimism Removal (CPR):    0.000ns
  Clock Uncertainty:      0.025ns  ((TSJ^2 + TIJ^2)^1/2 + DJ) / 2 + PE
    Total System Jitter     (TSJ):    0.050ns
    Total Input Jitter      (TIJ):    0.000ns
    Discrete Jitter          (DJ):    0.000ns
    Phase Error              (PE):    0.000ns

    Location             Delay type                Incr(ns)  Path(ns)    Netlist Resource(s)
  -------------------------------------------------------------------    -------------------
    U18                                               0.000     0.000 r  reset (IN)
                         net (fo=0)                   0.000     0.000    reset
    U18                  IBUF (Prop_ibuf_I_O)         1.441     1.441 r  reset_IBUF_inst/O
                         net (fo=21, routed)          3.494     4.935    SEVEN_SEGMENT_DISPLAY/DIGIT_SELECTOR/reset_IBUF
    SLICE_X60Y23         FDRE                                         r  SEVEN_SEGMENT_DISPLAY/DIGIT_SELECTOR/count_reg[10]/R
  -------------------------------------------------------------------    -------------------

                         (clock sys_clk_pin rise edge)
                                                      0.000     0.000 r  
    W5                                                0.000     0.000 r  clk (IN)
                         net (fo=0)                   0.000     0.000    clk
    W5                   IBUF (Prop_ibuf_I_O)         1.388     1.388 r  clk_IBUF_inst/O
                         net (fo=1, routed)           1.862     3.250    clk_IBUF
    BUFGCTRL_X0Y0        BUFG (Prop_bufg_I_O)         0.091     3.341 r  clk_IBUF_BUFG_inst/O
                         net (fo=21, routed)          1.503     4.844    SEVEN_SEGMENT_DISPLAY/DIGIT_SELECTOR/clk_IBUF_BUFG
    SLICE_X60Y23         FDRE                                         r  SEVEN_SEGMENT_DISPLAY/DIGIT_SELECTOR/count_reg[10]/C

Slack:                    inf
  Source:                 reset
                            (input port)
  Destination:            SEVEN_SEGMENT_DISPLAY/DIGIT_SELECTOR/count_reg[11]/R
                            (rising edge-triggered cell FDRE clocked by sys_clk_pin  {rise@0.000ns fall@5.000ns period=10.000ns})
  Path Group:             (none)
  Path Type:              Setup (Max at Slow Process Corner)
  Data Path Delay:        4.935ns  (logic 1.441ns (29.204%)  route 3.494ns (70.796%))
  Logic Levels:           1  (IBUF=1)
  Clock Path Skew:        4.844ns (DCD - SCD + CPR)
    Destination Clock Delay (DCD):    4.844ns
    Source Clock Delay      (SCD):    0.000ns
    Clock Pessimism Removal (CPR):    0.000ns
  Clock Uncertainty:      0.025ns  ((TSJ^2 + TIJ^2)^1/2 + DJ) / 2 + PE
    Total System Jitter     (TSJ):    0.050ns
    Total Input Jitter      (TIJ):    0.000ns
    Discrete Jitter          (DJ):    0.000ns
    Phase Error              (PE):    0.000ns

    Location             Delay type                Incr(ns)  Path(ns)    Netlist Resource(s)
  -------------------------------------------------------------------    -------------------
    U18                                               0.000     0.000 r  reset (IN)
                         net (fo=0)                   0.000     0.000    reset
    U18                  IBUF (Prop_ibuf_I_O)         1.441     1.441 r  reset_IBUF_inst/O
                         net (fo=21, routed)          3.494     4.935    SEVEN_SEGMENT_DISPLAY/DIGIT_SELECTOR/reset_IBUF
    SLICE_X60Y23         FDRE                                         r  SEVEN_SEGMENT_DISPLAY/DIGIT_SELECTOR/count_reg[11]/R
  -------------------------------------------------------------------    -------------------

                         (clock sys_clk_pin rise edge)
                                                      0.000     0.000 r  
    W5                                                0.000     0.000 r  clk (IN)
                         net (fo=0)                   0.000     0.000    clk
    W5                   IBUF (Prop_ibuf_I_O)         1.388     1.388 r  clk_IBUF_inst/O
                         net (fo=1, routed)           1.862     3.250    clk_IBUF
    BUFGCTRL_X0Y0        BUFG (Prop_bufg_I_O)         0.091     3.341 r  clk_IBUF_BUFG_inst/O
                         net (fo=21, routed)          1.503     4.844    SEVEN_SEGMENT_DISPLAY/DIGIT_SELECTOR/clk_IBUF_BUFG
    SLICE_X60Y23         FDRE                                         r  SEVEN_SEGMENT_DISPLAY/DIGIT_SELECTOR/count_reg[11]/C

Slack:                    inf
  Source:                 reset
                            (input port)
  Destination:            SEVEN_SEGMENT_DISPLAY/DIGIT_SELECTOR/count_reg[8]/R
                            (rising edge-triggered cell FDRE clocked by sys_clk_pin  {rise@0.000ns fall@5.000ns period=10.000ns})
  Path Group:             (none)
  Path Type:              Setup (Max at Slow Process Corner)
  Data Path Delay:        4.935ns  (logic 1.441ns (29.204%)  route 3.494ns (70.796%))
  Logic Levels:           1  (IBUF=1)
  Clock Path Skew:        4.844ns (DCD - SCD + CPR)
    Destination Clock Delay (DCD):    4.844ns
    Source Clock Delay      (SCD):    0.000ns
    Clock Pessimism Removal (CPR):    0.000ns
  Clock Uncertainty:      0.025ns  ((TSJ^2 + TIJ^2)^1/2 + DJ) / 2 + PE
    Total System Jitter     (TSJ):    0.050ns
    Total Input Jitter      (TIJ):    0.000ns
    Discrete Jitter          (DJ):    0.000ns
    Phase Error              (PE):    0.000ns

    Location             Delay type                Incr(ns)  Path(ns)    Netlist Resource(s)
  -------------------------------------------------------------------    -------------------
    U18                                               0.000     0.000 r  reset (IN)
                         net (fo=0)                   0.000     0.000    reset
    U18                  IBUF (Prop_ibuf_I_O)         1.441     1.441 r  reset_IBUF_inst/O
                         net (fo=21, routed)          3.494     4.935    SEVEN_SEGMENT_DISPLAY/DIGIT_SELECTOR/reset_IBUF
    SLICE_X60Y23         FDRE                                         r  SEVEN_SEGMENT_DISPLAY/DIGIT_SELECTOR/count_reg[8]/R
  -------------------------------------------------------------------    -------------------

                         (clock sys_clk_pin rise edge)
                                                      0.000     0.000 r  
    W5                                                0.000     0.000 r  clk (IN)
                         net (fo=0)                   0.000     0.000    clk
    W5                   IBUF (Prop_ibuf_I_O)         1.388     1.388 r  clk_IBUF_inst/O
                         net (fo=1, routed)           1.862     3.250    clk_IBUF
    BUFGCTRL_X0Y0        BUFG (Prop_bufg_I_O)         0.091     3.341 r  clk_IBUF_BUFG_inst/O
                         net (fo=21, routed)          1.503     4.844    SEVEN_SEGMENT_DISPLAY/DIGIT_SELECTOR/clk_IBUF_BUFG
    SLICE_X60Y23         FDRE                                         r  SEVEN_SEGMENT_DISPLAY/DIGIT_SELECTOR/count_reg[8]/C

Slack:                    inf
  Source:                 reset
                            (input port)
  Destination:            SEVEN_SEGMENT_DISPLAY/DIGIT_SELECTOR/count_reg[9]/R
                            (rising edge-triggered cell FDRE clocked by sys_clk_pin  {rise@0.000ns fall@5.000ns period=10.000ns})
  Path Group:             (none)
  Path Type:              Setup (Max at Slow Process Corner)
  Data Path Delay:        4.935ns  (logic 1.441ns (29.204%)  route 3.494ns (70.796%))
  Logic Levels:           1  (IBUF=1)
  Clock Path Skew:        4.844ns (DCD - SCD + CPR)
    Destination Clock Delay (DCD):    4.844ns
    Source Clock Delay      (SCD):    0.000ns
    Clock Pessimism Removal (CPR):    0.000ns
  Clock Uncertainty:      0.025ns  ((TSJ^2 + TIJ^2)^1/2 + DJ) / 2 + PE
    Total System Jitter     (TSJ):    0.050ns
    Total Input Jitter      (TIJ):    0.000ns
    Discrete Jitter          (DJ):    0.000ns
    Phase Error              (PE):    0.000ns

    Location             Delay type                Incr(ns)  Path(ns)    Netlist Resource(s)
  -------------------------------------------------------------------    -------------------
    U18                                               0.000     0.000 r  reset (IN)
                         net (fo=0)                   0.000     0.000    reset
    U18                  IBUF (Prop_ibuf_I_O)         1.441     1.441 r  reset_IBUF_inst/O
                         net (fo=21, routed)          3.494     4.935    SEVEN_SEGMENT_DISPLAY/DIGIT_SELECTOR/reset_IBUF
    SLICE_X60Y23         FDRE                                         r  SEVEN_SEGMENT_DISPLAY/DIGIT_SELECTOR/count_reg[9]/R
  -------------------------------------------------------------------    -------------------

                         (clock sys_clk_pin rise edge)
                                                      0.000     0.000 r  
    W5                                                0.000     0.000 r  clk (IN)
                         net (fo=0)                   0.000     0.000    clk
    W5                   IBUF (Prop_ibuf_I_O)         1.388     1.388 r  clk_IBUF_inst/O
                         net (fo=1, routed)           1.862     3.250    clk_IBUF
    BUFGCTRL_X0Y0        BUFG (Prop_bufg_I_O)         0.091     3.341 r  clk_IBUF_BUFG_inst/O
                         net (fo=21, routed)          1.503     4.844    SEVEN_SEGMENT_DISPLAY/DIGIT_SELECTOR/clk_IBUF_BUFG
    SLICE_X60Y23         FDRE                                         r  SEVEN_SEGMENT_DISPLAY/DIGIT_SELECTOR/count_reg[9]/C





Min Delay Paths
--------------------------------------------------------------------------------------
Slack:                    inf
  Source:                 reset
                            (input port)
  Destination:            SEVEN_SEGMENT_DISPLAY/DIGIT_SELECTOR/count_reg[0]/R
                            (rising edge-triggered cell FDRE clocked by sys_clk_pin  {rise@0.000ns fall@5.000ns period=10.000ns})
  Path Group:             (none)
  Path Type:              Hold (Min at Fast Process Corner)
  Data Path Delay:        1.687ns  (logic 0.210ns (12.423%)  route 1.477ns (87.577%))
  Logic Levels:           1  (IBUF=1)
  Clock Path Skew:        1.979ns (DCD - SCD - CPR)
    Destination Clock Delay (DCD):    1.979ns
    Source Clock Delay      (SCD):    0.000ns
    Clock Pessimism Removal (CPR):    -0.000ns

    Location             Delay type                Incr(ns)  Path(ns)    Netlist Resource(s)
  -------------------------------------------------------------------    -------------------
    U18                                               0.000     0.000 r  reset (IN)
                         net (fo=0)                   0.000     0.000    reset
    U18                  IBUF (Prop_ibuf_I_O)         0.210     0.210 r  reset_IBUF_inst/O
                         net (fo=21, routed)          1.477     1.687    SEVEN_SEGMENT_DISPLAY/DIGIT_SELECTOR/reset_IBUF
    SLICE_X60Y21         FDRE                                         r  SEVEN_SEGMENT_DISPLAY/DIGIT_SELECTOR/count_reg[0]/R
  -------------------------------------------------------------------    -------------------

                         (clock sys_clk_pin rise edge)
                                                      0.000     0.000 r  
    W5                                                0.000     0.000 r  clk (IN)
                         net (fo=0)                   0.000     0.000    clk
    W5                   IBUF (Prop_ibuf_I_O)         0.414     0.414 r  clk_IBUF_inst/O
                         net (fo=1, routed)           0.685     1.099    clk_IBUF
    BUFGCTRL_X0Y0        BUFG (Prop_bufg_I_O)         0.029     1.128 r  clk_IBUF_BUFG_inst/O
                         net (fo=21, routed)          0.852     1.979    SEVEN_SEGMENT_DISPLAY/DIGIT_SELECTOR/clk_IBUF_BUFG
    SLICE_X60Y21         FDRE                                         r  SEVEN_SEGMENT_DISPLAY/DIGIT_SELECTOR/count_reg[0]/C

Slack:                    inf
  Source:                 reset
                            (input port)
  Destination:            SEVEN_SEGMENT_DISPLAY/DIGIT_SELECTOR/count_reg[1]/R
                            (rising edge-triggered cell FDRE clocked by sys_clk_pin  {rise@0.000ns fall@5.000ns period=10.000ns})
  Path Group:             (none)
  Path Type:              Hold (Min at Fast Process Corner)
  Data Path Delay:        1.687ns  (logic 0.210ns (12.423%)  route 1.477ns (87.577%))
  Logic Levels:           1  (IBUF=1)
  Clock Path Skew:        1.979ns (DCD - SCD - CPR)
    Destination Clock Delay (DCD):    1.979ns
    Source Clock Delay      (SCD):    0.000ns
    Clock Pessimism Removal (CPR):    -0.000ns

    Location             Delay type                Incr(ns)  Path(ns)    Netlist Resource(s)
  -------------------------------------------------------------------    -------------------
    U18                                               0.000     0.000 r  reset (IN)
                         net (fo=0)                   0.000     0.000    reset
    U18                  IBUF (Prop_ibuf_I_O)         0.210     0.210 r  reset_IBUF_inst/O
                         net (fo=21, routed)          1.477     1.687    SEVEN_SEGMENT_DISPLAY/DIGIT_SELECTOR/reset_IBUF
    SLICE_X60Y21         FDRE                                         r  SEVEN_SEGMENT_DISPLAY/DIGIT_SELECTOR/count_reg[1]/R
  -------------------------------------------------------------------    -------------------

                         (clock sys_clk_pin rise edge)
                                                      0.000     0.000 r  
    W5                                                0.000     0.000 r  clk (IN)
                         net (fo=0)                   0.000     0.000    clk
    W5                   IBUF (Prop_ibuf_I_O)         0.414     0.414 r  clk_IBUF_inst/O
                         net (fo=1, routed)           0.685     1.099    clk_IBUF
    BUFGCTRL_X0Y0        BUFG (Prop_bufg_I_O)         0.029     1.128 r  clk_IBUF_BUFG_inst/O
                         net (fo=21, routed)          0.852     1.979    SEVEN_SEGMENT_DISPLAY/DIGIT_SELECTOR/clk_IBUF_BUFG
    SLICE_X60Y21         FDRE                                         r  SEVEN_SEGMENT_DISPLAY/DIGIT_SELECTOR/count_reg[1]/C

Slack:                    inf
  Source:                 reset
                            (input port)
  Destination:            SEVEN_SEGMENT_DISPLAY/DIGIT_SELECTOR/count_reg[2]/R
                            (rising edge-triggered cell FDRE clocked by sys_clk_pin  {rise@0.000ns fall@5.000ns period=10.000ns})
  Path Group:             (none)
  Path Type:              Hold (Min at Fast Process Corner)
  Data Path Delay:        1.687ns  (logic 0.210ns (12.423%)  route 1.477ns (87.577%))
  Logic Levels:           1  (IBUF=1)
  Clock Path Skew:        1.979ns (DCD - SCD - CPR)
    Destination Clock Delay (DCD):    1.979ns
    Source Clock Delay      (SCD):    0.000ns
    Clock Pessimism Removal (CPR):    -0.000ns

    Location             Delay type                Incr(ns)  Path(ns)    Netlist Resource(s)
  -------------------------------------------------------------------    -------------------
    U18                                               0.000     0.000 r  reset (IN)
                         net (fo=0)                   0.000     0.000    reset
    U18                  IBUF (Prop_ibuf_I_O)         0.210     0.210 r  reset_IBUF_inst/O
                         net (fo=21, routed)          1.477     1.687    SEVEN_SEGMENT_DISPLAY/DIGIT_SELECTOR/reset_IBUF
    SLICE_X60Y21         FDRE                                         r  SEVEN_SEGMENT_DISPLAY/DIGIT_SELECTOR/count_reg[2]/R
  -------------------------------------------------------------------    -------------------

                         (clock sys_clk_pin rise edge)
                                                      0.000     0.000 r  
    W5                                                0.000     0.000 r  clk (IN)
                         net (fo=0)                   0.000     0.000    clk
    W5                   IBUF (Prop_ibuf_I_O)         0.414     0.414 r  clk_IBUF_inst/O
                         net (fo=1, routed)           0.685     1.099    clk_IBUF
    BUFGCTRL_X0Y0        BUFG (Prop_bufg_I_O)         0.029     1.128 r  clk_IBUF_BUFG_inst/O
                         net (fo=21, routed)          0.852     1.979    SEVEN_SEGMENT_DISPLAY/DIGIT_SELECTOR/clk_IBUF_BUFG
    SLICE_X60Y21         FDRE                                         r  SEVEN_SEGMENT_DISPLAY/DIGIT_SELECTOR/count_reg[2]/C

Slack:                    inf
  Source:                 reset
                            (input port)
  Destination:            SEVEN_SEGMENT_DISPLAY/DIGIT_SELECTOR/count_reg[3]/R
                            (rising edge-triggered cell FDRE clocked by sys_clk_pin  {rise@0.000ns fall@5.000ns period=10.000ns})
  Path Group:             (none)
  Path Type:              Hold (Min at Fast Process Corner)
  Data Path Delay:        1.687ns  (logic 0.210ns (12.423%)  route 1.477ns (87.577%))
  Logic Levels:           1  (IBUF=1)
  Clock Path Skew:        1.979ns (DCD - SCD - CPR)
    Destination Clock Delay (DCD):    1.979ns
    Source Clock Delay      (SCD):    0.000ns
    Clock Pessimism Removal (CPR):    -0.000ns

    Location             Delay type                Incr(ns)  Path(ns)    Netlist Resource(s)
  -------------------------------------------------------------------    -------------------
    U18                                               0.000     0.000 r  reset (IN)
                         net (fo=0)                   0.000     0.000    reset
    U18                  IBUF (Prop_ibuf_I_O)         0.210     0.210 r  reset_IBUF_inst/O
                         net (fo=21, routed)          1.477     1.687    SEVEN_SEGMENT_DISPLAY/DIGIT_SELECTOR/reset_IBUF
    SLICE_X60Y21         FDRE                                         r  SEVEN_SEGMENT_DISPLAY/DIGIT_SELECTOR/count_reg[3]/R
  -------------------------------------------------------------------    -------------------

                         (clock sys_clk_pin rise edge)
                                                      0.000     0.000 r  
    W5                                                0.000     0.000 r  clk (IN)
                         net (fo=0)                   0.000     0.000    clk
    W5                   IBUF (Prop_ibuf_I_O)         0.414     0.414 r  clk_IBUF_inst/O
                         net (fo=1, routed)           0.685     1.099    clk_IBUF
    BUFGCTRL_X0Y0        BUFG (Prop_bufg_I_O)         0.029     1.128 r  clk_IBUF_BUFG_inst/O
                         net (fo=21, routed)          0.852     1.979    SEVEN_SEGMENT_DISPLAY/DIGIT_SELECTOR/clk_IBUF_BUFG
    SLICE_X60Y21         FDRE                                         r  SEVEN_SEGMENT_DISPLAY/DIGIT_SELECTOR/count_reg[3]/C

Slack:                    inf
  Source:                 reset
                            (input port)
  Destination:            SEVEN_SEGMENT_DISPLAY/DIGIT_SELECTOR/count_reg[4]/R
                            (rising edge-triggered cell FDRE clocked by sys_clk_pin  {rise@0.000ns fall@5.000ns period=10.000ns})
  Path Group:             (none)
  Path Type:              Hold (Min at Fast Process Corner)
  Data Path Delay:        1.767ns  (logic 0.210ns (11.856%)  route 1.558ns (88.144%))
  Logic Levels:           1  (IBUF=1)
  Clock Path Skew:        1.978ns (DCD - SCD - CPR)
    Destination Clock Delay (DCD):    1.978ns
    Source Clock Delay      (SCD):    0.000ns
    Clock Pessimism Removal (CPR):    -0.000ns

    Location             Delay type                Incr(ns)  Path(ns)    Netlist Resource(s)
  -------------------------------------------------------------------    -------------------
    U18                                               0.000     0.000 r  reset (IN)
                         net (fo=0)                   0.000     0.000    reset
    U18                  IBUF (Prop_ibuf_I_O)         0.210     0.210 r  reset_IBUF_inst/O
                         net (fo=21, routed)          1.558     1.767    SEVEN_SEGMENT_DISPLAY/DIGIT_SELECTOR/reset_IBUF
    SLICE_X60Y22         FDRE                                         r  SEVEN_SEGMENT_DISPLAY/DIGIT_SELECTOR/count_reg[4]/R
  -------------------------------------------------------------------    -------------------

                         (clock sys_clk_pin rise edge)
                                                      0.000     0.000 r  
    W5                                                0.000     0.000 r  clk (IN)
                         net (fo=0)                   0.000     0.000    clk
    W5                   IBUF (Prop_ibuf_I_O)         0.414     0.414 r  clk_IBUF_inst/O
                         net (fo=1, routed)           0.685     1.099    clk_IBUF
    BUFGCTRL_X0Y0        BUFG (Prop_bufg_I_O)         0.029     1.128 r  clk_IBUF_BUFG_inst/O
                         net (fo=21, routed)          0.851     1.978    SEVEN_SEGMENT_DISPLAY/DIGIT_SELECTOR/clk_IBUF_BUFG
    SLICE_X60Y22         FDRE                                         r  SEVEN_SEGMENT_DISPLAY/DIGIT_SELECTOR/count_reg[4]/C

Slack:                    inf
  Source:                 reset
                            (input port)
  Destination:            SEVEN_SEGMENT_DISPLAY/DIGIT_SELECTOR/count_reg[5]/R
                            (rising edge-triggered cell FDRE clocked by sys_clk_pin  {rise@0.000ns fall@5.000ns period=10.000ns})
  Path Group:             (none)
  Path Type:              Hold (Min at Fast Process Corner)
  Data Path Delay:        1.767ns  (logic 0.210ns (11.856%)  route 1.558ns (88.144%))
  Logic Levels:           1  (IBUF=1)
  Clock Path Skew:        1.978ns (DCD - SCD - CPR)
    Destination Clock Delay (DCD):    1.978ns
    Source Clock Delay      (SCD):    0.000ns
    Clock Pessimism Removal (CPR):    -0.000ns

    Location             Delay type                Incr(ns)  Path(ns)    Netlist Resource(s)
  -------------------------------------------------------------------    -------------------
    U18                                               0.000     0.000 r  reset (IN)
                         net (fo=0)                   0.000     0.000    reset
    U18                  IBUF (Prop_ibuf_I_O)         0.210     0.210 r  reset_IBUF_inst/O
                         net (fo=21, routed)          1.558     1.767    SEVEN_SEGMENT_DISPLAY/DIGIT_SELECTOR/reset_IBUF
    SLICE_X60Y22         FDRE                                         r  SEVEN_SEGMENT_DISPLAY/DIGIT_SELECTOR/count_reg[5]/R
  -------------------------------------------------------------------    -------------------

                         (clock sys_clk_pin rise edge)
                                                      0.000     0.000 r  
    W5                                                0.000     0.000 r  clk (IN)
                         net (fo=0)                   0.000     0.000    clk
    W5                   IBUF (Prop_ibuf_I_O)         0.414     0.414 r  clk_IBUF_inst/O
                         net (fo=1, routed)           0.685     1.099    clk_IBUF
    BUFGCTRL_X0Y0        BUFG (Prop_bufg_I_O)         0.029     1.128 r  clk_IBUF_BUFG_inst/O
                         net (fo=21, routed)          0.851     1.978    SEVEN_SEGMENT_DISPLAY/DIGIT_SELECTOR/clk_IBUF_BUFG
    SLICE_X60Y22         FDRE                                         r  SEVEN_SEGMENT_DISPLAY/DIGIT_SELECTOR/count_reg[5]/C

Slack:                    inf
  Source:                 reset
                            (input port)
  Destination:            SEVEN_SEGMENT_DISPLAY/DIGIT_SELECTOR/count_reg[6]/R
                            (rising edge-triggered cell FDRE clocked by sys_clk_pin  {rise@0.000ns fall@5.000ns period=10.000ns})
  Path Group:             (none)
  Path Type:              Hold (Min at Fast Process Corner)
  Data Path Delay:        1.767ns  (logic 0.210ns (11.856%)  route 1.558ns (88.144%))
  Logic Levels:           1  (IBUF=1)
  Clock Path Skew:        1.978ns (DCD - SCD - CPR)
    Destination Clock Delay (DCD):    1.978ns
    Source Clock Delay      (SCD):    0.000ns
    Clock Pessimism Removal (CPR):    -0.000ns

    Location             Delay type                Incr(ns)  Path(ns)    Netlist Resource(s)
  -------------------------------------------------------------------    -------------------
    U18                                               0.000     0.000 r  reset (IN)
                         net (fo=0)                   0.000     0.000    reset
    U18                  IBUF (Prop_ibuf_I_O)         0.210     0.210 r  reset_IBUF_inst/O
                         net (fo=21, routed)          1.558     1.767    SEVEN_SEGMENT_DISPLAY/DIGIT_SELECTOR/reset_IBUF
    SLICE_X60Y22         FDRE                                         r  SEVEN_SEGMENT_DISPLAY/DIGIT_SELECTOR/count_reg[6]/R
  -------------------------------------------------------------------    -------------------

                         (clock sys_clk_pin rise edge)
                                                      0.000     0.000 r  
    W5                                                0.000     0.000 r  clk (IN)
                         net (fo=0)                   0.000     0.000    clk
    W5                   IBUF (Prop_ibuf_I_O)         0.414     0.414 r  clk_IBUF_inst/O
                         net (fo=1, routed)           0.685     1.099    clk_IBUF
    BUFGCTRL_X0Y0        BUFG (Prop_bufg_I_O)         0.029     1.128 r  clk_IBUF_BUFG_inst/O
                         net (fo=21, routed)          0.851     1.978    SEVEN_SEGMENT_DISPLAY/DIGIT_SELECTOR/clk_IBUF_BUFG
    SLICE_X60Y22         FDRE                                         r  SEVEN_SEGMENT_DISPLAY/DIGIT_SELECTOR/count_reg[6]/C

Slack:                    inf
  Source:                 reset
                            (input port)
  Destination:            SEVEN_SEGMENT_DISPLAY/DIGIT_SELECTOR/count_reg[7]/R
                            (rising edge-triggered cell FDRE clocked by sys_clk_pin  {rise@0.000ns fall@5.000ns period=10.000ns})
  Path Group:             (none)
  Path Type:              Hold (Min at Fast Process Corner)
  Data Path Delay:        1.767ns  (logic 0.210ns (11.856%)  route 1.558ns (88.144%))
  Logic Levels:           1  (IBUF=1)
  Clock Path Skew:        1.978ns (DCD - SCD - CPR)
    Destination Clock Delay (DCD):    1.978ns
    Source Clock Delay      (SCD):    0.000ns
    Clock Pessimism Removal (CPR):    -0.000ns

    Location             Delay type                Incr(ns)  Path(ns)    Netlist Resource(s)
  -------------------------------------------------------------------    -------------------
    U18                                               0.000     0.000 r  reset (IN)
                         net (fo=0)                   0.000     0.000    reset
    U18                  IBUF (Prop_ibuf_I_O)         0.210     0.210 r  reset_IBUF_inst/O
                         net (fo=21, routed)          1.558     1.767    SEVEN_SEGMENT_DISPLAY/DIGIT_SELECTOR/reset_IBUF
    SLICE_X60Y22         FDRE                                         r  SEVEN_SEGMENT_DISPLAY/DIGIT_SELECTOR/count_reg[7]/R
  -------------------------------------------------------------------    -------------------

                         (clock sys_clk_pin rise edge)
                                                      0.000     0.000 r  
    W5                                                0.000     0.000 r  clk (IN)
                         net (fo=0)                   0.000     0.000    clk
    W5                   IBUF (Prop_ibuf_I_O)         0.414     0.414 r  clk_IBUF_inst/O
                         net (fo=1, routed)           0.685     1.099    clk_IBUF
    BUFGCTRL_X0Y0        BUFG (Prop_bufg_I_O)         0.029     1.128 r  clk_IBUF_BUFG_inst/O
                         net (fo=21, routed)          0.851     1.978    SEVEN_SEGMENT_DISPLAY/DIGIT_SELECTOR/clk_IBUF_BUFG
    SLICE_X60Y22         FDRE                                         r  SEVEN_SEGMENT_DISPLAY/DIGIT_SELECTOR/count_reg[7]/C

Slack:                    inf
  Source:                 reset
                            (input port)
  Destination:            SEVEN_SEGMENT_DISPLAY/DIGIT_SELECTOR/q_reg[0]/S
                            (rising edge-triggered cell FDSE clocked by sys_clk_pin  {rise@0.000ns fall@5.000ns period=10.000ns})
  Path Group:             (none)
  Path Type:              Hold (Min at Fast Process Corner)
  Data Path Delay:        1.767ns  (logic 0.210ns (11.856%)  route 1.558ns (88.144%))
  Logic Levels:           1  (IBUF=1)
  Clock Path Skew:        1.978ns (DCD - SCD - CPR)
    Destination Clock Delay (DCD):    1.978ns
    Source Clock Delay      (SCD):    0.000ns
    Clock Pessimism Removal (CPR):    -0.000ns

    Location             Delay type                Incr(ns)  Path(ns)    Netlist Resource(s)
  -------------------------------------------------------------------    -------------------
    U18                                               0.000     0.000 r  reset (IN)
                         net (fo=0)                   0.000     0.000    reset
    U18                  IBUF (Prop_ibuf_I_O)         0.210     0.210 r  reset_IBUF_inst/O
                         net (fo=21, routed)          1.558     1.767    SEVEN_SEGMENT_DISPLAY/DIGIT_SELECTOR/reset_IBUF
    SLICE_X61Y22         FDSE                                         r  SEVEN_SEGMENT_DISPLAY/DIGIT_SELECTOR/q_reg[0]/S
  -------------------------------------------------------------------    -------------------

                         (clock sys_clk_pin rise edge)
                                                      0.000     0.000 r  
    W5                                                0.000     0.000 r  clk (IN)
                         net (fo=0)                   0.000     0.000    clk
    W5                   IBUF (Prop_ibuf_I_O)         0.414     0.414 r  clk_IBUF_inst/O
                         net (fo=1, routed)           0.685     1.099    clk_IBUF
    BUFGCTRL_X0Y0        BUFG (Prop_bufg_I_O)         0.029     1.128 r  clk_IBUF_BUFG_inst/O
                         net (fo=21, routed)          0.851     1.978    SEVEN_SEGMENT_DISPLAY/DIGIT_SELECTOR/clk_IBUF_BUFG
    SLICE_X61Y22         FDSE                                         r  SEVEN_SEGMENT_DISPLAY/DIGIT_SELECTOR/q_reg[0]/C

Slack:                    inf
  Source:                 reset
                            (input port)
  Destination:            SEVEN_SEGMENT_DISPLAY/DIGIT_SELECTOR/q_reg[1]/S
                            (rising edge-triggered cell FDSE clocked by sys_clk_pin  {rise@0.000ns fall@5.000ns period=10.000ns})
  Path Group:             (none)
  Path Type:              Hold (Min at Fast Process Corner)
  Data Path Delay:        1.767ns  (logic 0.210ns (11.856%)  route 1.558ns (88.144%))
  Logic Levels:           1  (IBUF=1)
  Clock Path Skew:        1.978ns (DCD - SCD - CPR)
    Destination Clock Delay (DCD):    1.978ns
    Source Clock Delay      (SCD):    0.000ns
    Clock Pessimism Removal (CPR):    -0.000ns

    Location             Delay type                Incr(ns)  Path(ns)    Netlist Resource(s)
  -------------------------------------------------------------------    -------------------
    U18                                               0.000     0.000 r  reset (IN)
                         net (fo=0)                   0.000     0.000    reset
    U18                  IBUF (Prop_ibuf_I_O)         0.210     0.210 r  reset_IBUF_inst/O
                         net (fo=21, routed)          1.558     1.767    SEVEN_SEGMENT_DISPLAY/DIGIT_SELECTOR/reset_IBUF
    SLICE_X61Y22         FDSE                                         r  SEVEN_SEGMENT_DISPLAY/DIGIT_SELECTOR/q_reg[1]/S
  -------------------------------------------------------------------    -------------------

                         (clock sys_clk_pin rise edge)
                                                      0.000     0.000 r  
    W5                                                0.000     0.000 r  clk (IN)
                         net (fo=0)                   0.000     0.000    clk
    W5                   IBUF (Prop_ibuf_I_O)         0.414     0.414 r  clk_IBUF_inst/O
                         net (fo=1, routed)           0.685     1.099    clk_IBUF
    BUFGCTRL_X0Y0        BUFG (Prop_bufg_I_O)         0.029     1.128 r  clk_IBUF_BUFG_inst/O
                         net (fo=21, routed)          0.851     1.978    SEVEN_SEGMENT_DISPLAY/DIGIT_SELECTOR/clk_IBUF_BUFG
    SLICE_X61Y22         FDSE                                         r  SEVEN_SEGMENT_DISPLAY/DIGIT_SELECTOR/q_reg[1]/C





